event_id,region,latitude,longitude,date,fire_radiative_power,confidence,brightness_temp,area_km2,frp_threshold,risk_level,fire_risk_score,weather_temperature,weather_wind_speed,weather_humidity,weather_precipitation
predicted_southwest_2023_3_425,southwest,31.02971732939424,-104.99644451991216,2023-03-15,34673.74378703645,85,362.55711706844517,38.76567296966163,100,high,68,28.13870008067769,4.432258129119873,13.280645370483398,0.0
predicted_americas_2023_3_426,americas,30.964918300824028,-102.83336325395932,2023-03-15,31145.273324559785,85,383.4288810553912,35.30706450958422,100,high,68,27.526482518124624,4.380645275115967,13.348386764526367,0.2806451618671417
predicted_california_2023_3_438,california,33.1237453362939,-114.84025271634377,2023-03-15,29023.47273944387,85,365.27438651859995,30.166991696344496,100,high,60,33.80886126201509,3.0064516067504883,23.0612907409668,0.3064516186714172
predicted_southwest_2023_3_441,southwest,33.29198374710071,-109.12364994369705,2023-03-15,28360.203659107694,85,361.5182146650177,33.840004895946876,100,high,63,30.33298921762929,4.635483741760254,27.01935577392578,0.5096774101257324
predicted_southwest_2023_3_442,southwest,32.92456247745367,-107.03220418400807,2023-03-15,34568.8164575617,99,374.50137336923564,45.94874399493852,100,extreme,78,30.664128224857322,4.59354829788208,17.119354248046875,0.2290322482585907
predicted_southwest_2023_3_443,southwest,32.922385288240136,-104.86378888379151,2023-03-15,31514.564446243716,85,378.78426194472945,36.00672665202194,100,high,68,26.88206419393091,4.5354838371276855,14.03870964050293,0.0774193555116653
predicted_southwest_2023_3_444,southwest,33.187679740354504,-102.88424786246513,2023-03-15,29696.155479053097,85,387.26345405721133,37.026125617003466,100,high,68,29.28794536819729,5.032258033752441,13.561290740966797,0.0
predicted_southwest_2023_3_463,southwest,35.0500212590583,-105.00479896234076,2023-03-15,29578.175985855683,85,350.5794605822817,42.22531036142682,100,high,68,25.43966763388574,4.987096786499023,16.816129684448242,0.4032258093357086
predicted_southwest_2023_3_487,southwest,36.86857791375534,-103.2511316722653,2023-03-15,35517.39097067988,99,375.462902649336,43.52239486524008,100,extreme,78,31.062800676391745,5.287096977233887,18.20967674255371,0.0645161271095275
predicted_americas_2023_4_635,americas,30.968447420094073,-105.2799458565387,2023-04-15,34225.88576933957,85,366.2047016602408,46.03216133649788,100,high,68,25.968898223393396,4.12666654586792,11.266666412353516,0.0
predicted_southwest_2023_4_636,southwest,31.019570359873015,-102.95212429370022,2023-04-15,36467.521148108455,99,388.6178476695832,46.41571957371322,100,extreme,78,34.264345690796745,4.456666469573975,13.15666675567627,0.0433333329856395
predicted_california_2023_4_648,california,33.173502743164406,-115.2120312657041,2023-04-15,36927.105359483925,99,374.13029013979536,45.99589178569966,100,extreme,80,38.84312450683728,2.7300000190734863,10.326666831970217,0.0
predicted_southwest_2023_4_649,southwest,32.999065319357435,-112.91244326418618,2023-04-15,30020.197462414544,85,354.2741395187347,35.49901659785197,100,high,60,28.095721014088582,2.683333396911621,10.423333168029783,0.0
predicted_southwest_2023_4_650,southwest,32.752152172852455,-111.16027251230891,2023-04-15,31472.409956519194,85,380.6994773906968,37.56310796104826,100,high,60,29.19025163687949,3.0233333110809326,10.50333309173584,0.0
predicted_southwest_2023_4_651,southwest,33.02226392509113,-109.20594374280901,2023-04-15,39925.519372760566,99,371.70625788793546,46.10564675617788,100,extreme,78,31.677751940797748,4.389999866485596,9.3100004196167,0.0
predicted_southwest_2023_4_653,southwest,33.1472636845106,-104.94378922805475,2023-04-15,38877.03901716255,99,369.03666667028006,42.54322966386497,100,extreme,78,34.687827703354856,4.286666393280029,12.786666870117188,0.0
predicted_california_2023_4_667,california,34.79640882395573,-117.23791496181205,2023-04-15,32475.8095236705,85,350.2490114421306,30.97660990203287,100,high,60,28.565871639526748,2.8566665649414062,16.40999984741211,0.0
predicted_southwest_2023_4_669,southwest,34.87105710121631,-112.75580868893705,2023-04-15,39255.96314727902,99,389.9676322498044,45.29636073195131,100,extreme,78,31.016846375359258,4.159999847412109,10.896666526794434,0.0
predicted_southwest_2023_4_670,southwest,34.804024157176855,-111.19875033696107,2023-04-15,36108.57849070834,99,373.6147549439502,44.84584662142716,100,extreme,78,30.20780180480228,4.679999828338623,14.899999618530272,0.0
predicted_southwest_2023_4_671,southwest,35.238059254775855,-108.71900382394044,2023-04-15,35359.61391480311,85,370.38566126142075,45.5008778017409,100,high,68,25.937017368734356,4.573333263397217,10.873332977294922,0.0
predicted_southwest_2023_4_673,southwest,35.01470683374215,-104.73257093493538,2023-04-15,30404.11602871954,85,367.8031924567173,37.88082399700825,100,high,68,29.797307476170232,4.5966668128967285,11.690000534057615,0.0799999982118606
predicted_southwest_2023_4_674,southwest,34.946238096193795,-102.89390797382197,2023-04-15,30029.716913675336,85,366.4691626699034,40.25198790498132,100,high,68,28.26140356818593,5.0,14.236666679382324,0.2633333206176758
predicted_california_2023_4_690,california,36.89420754184255,-116.80711724833428,2023-04-15,30048.46035990406,85,381.70452178944555,36.393402409170676,100,high,60,25.31387050025016,3.2066667079925537,15.416666984558104,0.0133333336561918
predicted_southwest_2023_4_694,southwest,36.768902094843526,-108.89372544191046,2023-04-15,31300.27360735923,85,360.66094246298974,40.034166801357784,100,high,60,25.350079269661297,3.026666641235352,13.18333339691162,0.0866666659712791
predicted_southwest_2023_4_697,southwest,37.048742932853564,-103.14033917887761,2023-04-15,34996.898571176134,85,368.31085130975947,33.522022953645255,100,high,63,26.782991682703884,5.146666526794434,13.84000015258789,0.8600000143051147
predicted_california_2023_4_715,california,39.25771748654869,-115.07029996313894,2023-04-15,31102.389954445665,85,370.8193430320516,40.36949410575194,100,high,68,26.863974622278604,4.453333377838135,19.03333282470703,0.1800000071525573
predicted_southwest_2023_4_716,southwest,39.19837164467264,-112.92161882301015,2023-04-15,30396.850268768743,85,364.6019768123004,35.020954748767814,100,high,60,28.50549673969491,2.886666774749756,17.85333251953125,0.3333333432674408
predicted_southwest_2023_4_717,southwest,39.279016146399904,-111.0419143607419,2023-04-15,27727.603117595743,85,364.0113826126423,40.56496207244197,100,high,60,30.708634861497515,3.7933332920074463,20.729999542236328,0.0733333304524421
predicted_southwest_2023_4_721,southwest,38.8087398396994,-102.7382940615001,2023-04-15,32239.85721085551,85,368.34703949636196,39.588700771468254,100,high,63,27.60608663809164,4.3466668128967285,15.50333309173584,0.5833333134651184
predicted_americas_2023_4_723,americas,39.14467238957403,-99.19513122907505,2023-04-15,31457.871942198297,85,362.9173485391668,36.75664468690206,100,high,68,25.156053340622602,5.743333339691162,17.459999084472656,0.2199999988079071
predicted_southwest_2023_4_746,southwest,40.93033473282393,-103.1382219947397,2023-04-15,29949.426754461125,85,358.7799410329092,40.124824221956416,100,high,63,29.994957126468453,4.486666679382324,18.8700008392334,0.6500000357627869
predicted_southwest_2023_4_772,southwest,42.77649319739919,-102.80749059444213,2023-04-15,31249.353164635628,85,359.97278283775086,44.827731536491896,100,high,68,36.90060981652189,4.153333187103272,22.57333374023437,1.0233333110809326
predicted_americas_2023_5_845,americas,30.948774474236213,-105.00846863628624,2023-05-15,32097.249537837313,99,371.5352845725035,41.353968474230236,100,extreme,70,32.964179683574166,3.4032256603240967,15.719354629516602,0.1709677428007125
predicted_california_2023_5_858,california,33.03890467995757,-114.72864159127998,2023-05-15,26726.61376215837,85,372.3548376950307,36.911357121233685,100,high,60,26.404874951826738,3.3064515590667725,14.064516067504885,0.0
predicted_southwest_2023_5_859,southwest,32.73942518365701,-112.98016682594317,2023-05-15,32116.768023761564,85,353.207780627819,35.29737737742848,100,high,60,29.558384279263908,3.341935396194458,16.6741943359375,0.0
predicted_southwest_2023_5_860,southwest,33.165316570017005,-110.92107337279431,2023-05-15,29078.71150998839,85,362.6388849435002,30.636155754268515,100,high,60,27.481669972446053,3.403225898742676,14.23548412322998,0.2354838699102401
predicted_southwest_2023_5_861,southwest,32.971973300848816,-108.9742357333064,2023-05-15,32421.672757384447,85,353.73536088576253,40.075002213590764,100,high,68,26.342701649812028,4.077419281005859,13.580645561218262,0.4419354796409607
predicted_southwest_2023_5_879,southwest,34.83318329715977,-112.94851496347086,2023-05-15,25942.70175096296,85,344.4841316570941,38.955646149319996,100,high,63,29.801397232784844,4.251613140106201,15.045161247253418,0.6290322542190552
predicted_southwest_2023_5_880,southwest,34.838644877952845,-111.23431058035861,2023-05-15,31106.32308961044,85,358.1214192636776,42.81253686322664,100,high,68,28.61320487875984,4.122580528259277,17.696773529052734,0.3258064687252044
predicted_southwest_2023_5_902,southwest,36.80886126105388,-113.28820911035189,2023-05-15,29655.25243465683,85,368.7209019553378,34.50127378303751,100,high,60,25.134871874808464,3.541935443878174,12.18709659576416,0.232258066534996
predicted_southwest_2023_5_928,southwest,39.080086931895686,-108.73810400121387,2023-05-15,34359.257387800004,85,353.95486139440203,40.23348664807966,100,high,60,27.86570511190392,2.6870968341827397,14.867741584777832,0.1967741847038269
predicted_americas_2023_6_1050,americas,27.22482100361052,-99.04864021320964,2023-06-15,32077.26791980018,85,351.45489605087255,40.44854623724433,100,high,68,38.11047733555594,4.909999847412109,28.41666603088379,1.690000057220459
predicted_americas_2023_6_1052,americas,29.263440619107737,-99.09676022653534,2023-06-15,29629.525122910327,85,349.4867818576077,32.233342168595854,100,high,60,36.85525082585576,3.873333215713501,29.036666870117188,2.0533335208892822
predicted_americas_2023_6_1055,americas,30.910427089271025,-104.8548027653243,2023-06-15,34950.60471383001,99,378.4974781524798,35.0880101513618,100,extreme,75,42.785240787351654,3.493333339691162,9.603333473205566,0.5833333134651184
predicted_southwest_2023_6_1056,southwest,31.160312973358675,-103.26863253803874,2023-06-15,37106.242905047606,99,370.05502026185025,38.50475754680547,100,extreme,75,38.62861311688836,3.7200000286102295,10.84666633605957,0.9233333468437196
predicted_americas_2023_6_1057,americas,30.941158548165546,-100.7884744130747,2023-06-15,38082.13310290386,99,377.7638202058154,47.648497330346764,100,extreme,78,30.537791027572712,4.4666666984558105,19.97333335876465,0.2566666603088379
predicted_california_2023_6_1068,california,32.91277329458447,-115.18241188917894,2023-06-15,33875.904525959515,99,369.98485497051956,39.54181016505953,100,extreme,70,30.865593072480795,3.013333320617676,14.279999732971191,0.0
predicted_southwest_2023_6_1069,southwest,32.87234339499245,-112.73374017067279,2023-06-15,37965.42552111227,99,375.8646874119067,42.4422822337605,100,extreme,80,40.469122762790946,3.2799999713897705,14.00333309173584,0.0
predicted_southwest_2023_6_1070,southwest,32.877784872273594,-110.71410620331127,2023-06-15,38219.81824530929,99,378.5551215855557,45.100702944207015,100,extreme,80,36.29760127950684,3.443333387374878,11.550000190734863,0.0
predicted_southwest_2023_6_1071,southwest,32.840164650629944,-109.07424440240175,2023-06-15,42378.759672309214,99,386.8612339226426,49.04510177662537,100,extreme,88,39.55326329527795,4.349999904632568,9.74333381652832,0.0
predicted_southwest_2023_6_1072,southwest,32.725255913781815,-106.74602838739163,2023-06-15,31800.700977098135,99,374.3073993398185,41.049483738040266,100,extreme,70,33.95479772678138,3.796666622161865,8.803333282470703,0.1366666704416275
predicted_southwest_2023_6_1073,southwest,32.71072436084005,-104.97310519459595,2023-06-15,38801.55026358111,99,374.20871162993126,43.62654909122944,100,extreme,80,41.503039689032924,3.6633334159851074,9.33666706085205,0.3766666650772095
predicted_southwest_2023_6_1074,southwest,33.292633433841615,-103.13815452047574,2023-06-15,37784.274798290935,99,380.5221300336286,41.28134562142191,100,extreme,78,37.32980707480541,4.00333309173584,14.196666717529297,1.15666663646698
predicted_california_2023_6_1086,california,35.068046833526424,-118.99416435482709,2023-06-15,31613.108135469003,85,343.0154943159975,37.35285425979126,100,high,60,36.04942207072516,3.7899999618530273,31.559999465942383,0.1566666662693023
predicted_california_2023_6_1087,california,34.80022036765524,-117.11995975025674,2023-06-15,34469.57592800361,99,398.85788516485525,40.36620081928313,100,extreme,80,36.57821757358238,3.240000009536743,17.06333351135254,0.0
predicted_california_2023_6_1088,california,35.294701175682185,-115.20924142932239,2023-06-15,39304.5013037455,99,379.1836563998876,43.900192290483766,100,extreme,80,36.86914743299303,3.763333320617676,11.130000114440918,0.0299999993294477
predicted_southwest_2023_6_1089,southwest,34.83900302083006,-113.12919515669212,2023-06-15,32570.793312935526,85,374.3190033915781,36.28679849300739,100,high,68,25.95220851126193,4.223333358764648,9.93333339691162,0.0200000014156103
predicted_southwest_2023_6_1090,southwest,35.26563906448108,-111.07441726684252,2023-06-15,34568.42454966286,99,384.49604865112883,38.8779711390512,100,extreme,78,33.35954898891273,4.513333320617676,12.519999504089355,0.0233333334326744
predicted_southwest_2023_6_1091,southwest,35.08978798939542,-108.84621394181183,2023-06-15,27831.54181361583,85,390.4068695415944,32.09596110623216,100,high,60,27.53291066433516,3.8966667652130127,11.130000114440918,0.1099999994039535
predicted_southwest_2023_6_1092,southwest,35.06464207692731,-106.9762029266581,2023-06-15,39295.60558351951,99,374.14049231286185,46.52713543439143,100,extreme,80,41.35908369883378,3.653333187103272,10.539999961853027,0.2400000095367431
predicted_southwest_2023_6_1093,southwest,35.0076131066099,-105.25350982406671,2023-06-15,30308.711381192436,85,371.2895673518295,34.39923851956167,100,high,60,34.691945846680404,3.7833333015441895,14.56999969482422,2.220000028610229
predicted_california_2023_6_1108,california,37.117612370832276,-120.92494506838808,2023-06-15,36977.76927750971,99,364.1066343541482,40.702661240798676,100,extreme,70,35.94440200628304,3.733333349227905,29.51000022888184,0.0
predicted_california_2023_6_1110,california,37.18949987499437,-116.95213713494252,2023-06-15,37490.55386443521,99,368.7803188005058,44.14238323506264,100,extreme,80,36.1870299281663,3.1600000858306885,17.81333351135254,0.3199999928474426
predicted_california_2023_6_1111,california,36.834664343102,-114.97586963993282,2023-06-15,33323.02699847682,99,365.6787895687058,47.3227718963696,100,extreme,70,32.24729459835809,2.993333339691162,10.876667022705078,0.3033333420753479
predicted_southwest_2023_6_1112,southwest,36.83429056889357,-113.2698062402392,2023-06-15,27322.75265280094,85,371.7942446814043,37.56937943944636,100,high,60,29.599927012317252,3.630000114440918,10.8100004196167,0.3633333146572113
predicted_southwest_2023_6_1113,southwest,37.02218465373605,-111.26225551438918,2023-06-15,40172.27573099146,99,379.3479094614775,46.69523403882469,100,extreme,88,36.85614513990897,4.130000114440918,10.826666831970217,0.1099999994039535
predicted_southwest_2023_6_1114,southwest,37.05576396090502,-109.18759192520393,2023-06-15,35964.06540156698,99,362.14258718053736,41.989603722602126,100,extreme,80,41.43048731355653,2.8933334350585938,11.606666564941406,0.1066666692495346
predicted_southwest_2023_6_1115,southwest,37.04805172470269,-107.28051753698495,2023-06-15,35235.04696927271,99,396.4587500317772,48.35538717716466,100,extreme,83,37.60012100507782,4.0333333015441895,14.476666450500488,0.8299999833106995
predicted_southwest_2023_6_1116,southwest,36.75489210243865,-104.85398826265799,2023-06-15,33771.948197730926,85,373.8883195154195,39.50090287000249,100,high,68,38.73744177448283,4.113333225250244,24.37333297729492,2.746666669845581
predicted_california_2023_6_1131,california,38.997525441047266,-122.92449528301057,2023-06-15,33921.360664258274,85,358.89237344268264,37.820008966101135,100,high,65,30.980760720314372,6.056666851043701,35.68333435058594,0.0333333350718021
predicted_california_2023_6_1132,california,38.74862772954459,-121.26729443355177,2023-06-15,30494.117655648246,85,346.7879076814387,44.28976668842765,100,high,60,43.30334341882568,2.5866665840148926,38.06666564941406,0.1099999994039535
predicted_california_2023_6_1133,california,38.83210992116989,-118.79813615757432,2023-06-15,29057.131525555174,85,361.4198945057559,38.77063409502476,100,high,60,43.04441707690232,3.073333263397217,23.979999542236328,1.1299999952316284
predicted_california_2023_6_1134,california,39.10995525819576,-116.99283682159084,2023-06-15,32829.91066602045,85,365.3807801939646,37.89038831429413,100,high,65,32.28946567749971,3.129999876022339,19.309999465942383,0.6866666674613953
predicted_california_2023_6_1135,california,38.74567851569418,-114.98379542525107,2023-06-15,27991.70293810404,85,359.43534222150026,39.05163064847688,100,high,65,30.239489422056845,3.756666660308838,18.59666633605957,0.5300000309944153
predicted_southwest_2023_6_1136,southwest,39.210724148429264,-112.96304329537269,2023-06-15,37887.78567808577,99,392.2116575000409,44.63849682533002,100,extreme,80,36.380828157736936,2.796666622161865,13.380000114440918,0.4866666793823242
predicted_southwest_2023_6_1137,southwest,38.997087916208386,-111.19751177621627,2023-06-15,28225.426973138266,85,375.5673043077568,41.808268038546046,100,high,65,31.263831329301517,3.3533332347869877,18.59000015258789,0.54666668176651
predicted_southwest_2023_6_1138,southwest,38.98835194639599,-109.1813858181313,2023-06-15,30796.489145712458,85,358.3636632914251,38.13315815562974,100,high,60,27.22304794146532,3.0,12.626667022705078,0.4133333265781402
predicted_southwest_2023_6_1139,southwest,39.05544467079571,-107.1087096062762,2023-06-15,39057.82095601643,85,369.15152314440473,35.06478992326463,100,high,68,39.37847093221705,4.130000114440918,26.39666748046875,1.1966667175292969
predicted_california_2023_6_1158,california,41.22310611664714,-119.17441635449947,2023-06-15,29827.429900895695,85,371.25476000304053,32.68558706730581,100,high,65,37.19928417961973,3.256666660308838,22.426666259765625,0.6766666769981384
predicted_southwest_2023_6_1161,southwest,40.77732192048407,-113.05848418670591,2023-06-15,31338.806149824137,85,368.8033665031588,42.10536521943796,100,high,65,36.66606105895534,2.033333301544189,26.43666648864746,0.5566666722297668
predicted_southwest_2023_6_1163,southwest,41.146104953774966,-108.9098469573438,2023-06-15,31620.3897121086,85,368.6458479175177,28.511962968456412,100,high,60,35.57313226966628,3.7699999809265137,21.71666717529297,1.756666660308838
predicted_oregon_washington_2023_6_1183,oregon_washington,43.25921686330601,-121.07996685484372,2023-06-15,30842.106256095853,85,367.05513386060244,35.76783313123504,100,high,60,36.12198932972877,3.400000095367432,29.706666946411133,1.2266666889190674
predicted_americas_2023_6_1186,americas,43.11273143338049,-115.22717684527083,2023-06-15,25539.55574770903,85,352.2322609081294,31.499531691397802,100,high,60,30.935525698492857,2.5833332538604736,27.683332443237305,0.4333333373069763
predicted_americas_2023_7_1260,americas,26.86139604266106,-98.83024583144545,2023-07-15,32169.98312098582,99,377.97084848585206,41.60653363567166,100,extreme,78,35.982873444275036,5.754838943481445,26.200000762939453,0.0
predicted_americas_2023_7_1262,americas,28.886217175354144,-99.00883995459442,2023-07-15,39450.611160537825,99,371.3122806056209,45.38125946759788,100,extreme,73,44.08957002959444,4.216128826141357,25.71290397644043,0.6225806474685669
predicted_americas_2023_7_1263,americas,28.97313208944908,-96.83325435595088,2023-07-15,27061.80195061355,85,357.6991041399513,36.79069362810294,100,high,63,39.358697420354,4.81290340423584,39.44193649291992,0.800000011920929
predicted_americas_2023_7_1265,americas,30.743468132676735,-105.03412359280625,2023-07-15,35183.69210278466,99,375.77799315195256,44.34614728126938,100,extreme,80,35.061022416302656,3.251612901687622,15.435483932495115,0.2838709652423858
predicted_americas_2023_7_1266,americas,30.935496133844012,-103.07428571873822,2023-07-15,36532.18402911021,99,398.55118573035344,46.13467885629453,100,extreme,80,38.464185652854944,3.990322589874268,17.52903175354004,0.3677419126033783
predicted_americas_2023_7_1267,americas,30.987963300830273,-101.07959569083363,2023-07-15,37159.02112588261,99,383.3965477434507,45.83787913201134,100,extreme,78,36.063044203847426,4.393548488616943,24.358064651489254,0.4548387229442596
predicted_americas_2023_7_1268,americas,31.060012328871583,-98.98443205385912,2023-07-15,36034.22603225027,99,374.79253628521155,44.500448178554834,100,extreme,78,41.664779726738466,4.283870697021484,23.31612968444824,0.3193548321723938
predicted_california_2023_7_1277,california,33.291997555960286,-116.95368799426602,2023-07-15,31313.607897826943,85,371.26238188436383,34.27880457293477,100,high,60,39.12139613177857,2.3483870029449463,37.20000076293945,0.0
predicted_california_2023_7_1278,california,32.785497325740906,-114.91136796734763,2023-07-15,38535.68738933622,99,378.05415336960334,45.101611648305735,100,extreme,80,36.451782002734404,3.522580623626709,11.090322494506836,0.058064516633749
predicted_southwest_2023_7_1279,southwest,32.99933289207081,-113.28242033413795,2023-07-15,36052.953236891604,99,378.1835486109377,49.02399020864904,100,extreme,80,35.33731316276211,3.4193549156188965,13.561290740966797,0.0387096777558326
predicted_southwest_2023_7_1280,southwest,33.07089344059087,-110.92913822066298,2023-07-15,37184.84229467847,99,381.3528250855232,40.65834666222612,100,extreme,80,41.84955646365625,3.387096881866455,13.899999618530272,0.4677419364452362
predicted_southwest_2023_7_1282,southwest,33.03578921009215,-106.97255019213235,2023-07-15,34381.51218473454,99,372.5868509625527,40.012569543669784,100,extreme,75,38.664051489191806,2.725806474685669,10.893548011779783,0.5387097001075745
predicted_southwest_2023_7_1284,southwest,32.895876784946395,-103.25111566137224,2023-07-15,32243.33082340713,85,363.7081770977235,39.23998756573074,100,high,68,31.860252207522763,4.429032325744629,18.12903213500977,1.0838710069656372
predicted_americas_2023_7_1286,americas,32.7527198994869,-98.7295531720724,2023-07-15,29243.00601963787,85,350.44245642177356,33.80389465255043,100,high,60,40.033352727516146,3.5806450843811035,23.90322494506836,1.2096774578094482
predicted_americas_2023_7_1287,americas,32.910376158725505,-97.05478026263744,2023-07-15,36354.748565521666,99,389.8429943115673,44.77015751838722,100,extreme,78,35.717760752660276,4.087096691131592,26.93225860595703,0.4161290228366852
predicted_california_2023_7_1296,california,34.80048954935544,-119.19905805253491,2023-07-15,31676.129640165145,99,373.99004759243854,45.122646667965284,100,extreme,70,31.067156063039477,3.154838800430298,11.693548202514648,0.0
predicted_california_2023_7_1297,california,34.76274070420064,-117.18603915380339,2023-07-15,38833.41294517804,99,385.4752653043562,47.176770526446965,100,extreme,80,43.50463219773016,2.954838752746582,7.658064365386963,0.0
predicted_california_2023_7_1298,california,35.08185814972618,-115.02357269719103,2023-07-15,35879.90808285726,99,380.7562679401766,41.700281143352974,100,extreme,70,32.78337718532674,3.748387098312378,9.138710021972656,0.0
predicted_southwest_2023_7_1300,southwest,34.71895168689539,-111.15152221126012,2023-07-15,39137.28443918017,99,369.1834890373594,40.49320424297916,100,extreme,80,36.235881969240644,3.4193549156188965,11.638710021972656,0.1193548366427421
predicted_southwest_2023_7_1301,southwest,35.261727347746216,-108.912857413268,2023-07-15,33314.19730128766,99,370.6868070965054,38.368269839460226,100,extreme,70,32.49217511505418,2.932258129119873,10.122580528259276,0.1612903177738189
predicted_southwest_2023_7_1302,southwest,34.731182770190884,-106.90941695286887,2023-07-15,34651.70533965542,99,351.3713641354876,38.39568323182659,100,extreme,70,30.955057336813027,2.454838752746582,10.283870697021484,0.1612903177738189
predicted_southwest_2023_7_1304,southwest,35.12543631167055,-103.04937485981621,2023-07-15,31230.088910244773,85,351.6369821490054,43.48419302180791,100,high,68,48.77914987229445,4.467741966247559,23.19032287597656,1.1774194240570068
predicted_california_2023_7_1318,california,36.74897798921835,-120.7329897434509,2023-07-15,26281.597462673355,85,354.11659942692313,37.723939273415404,100,high,60,29.12046328297675,3.5096774101257324,16.564516067504883,0.0
predicted_california_2023_7_1319,california,36.73621125039434,-118.89583410080198,2023-07-15,38292.09068685746,99,368.91825303515253,47.04746762778191,100,extreme,80,39.297843696618564,2.096774101257324,12.85161304473877,0.0
predicted_california_2023_7_1320,california,36.84826194040609,-117.26106043227695,2023-07-15,33579.56895731644,99,393.3303556211147,41.21182124820491,100,extreme,70,30.81865628047855,3.4387097358703613,8.032258033752441,0.0451612882316112
predicted_southwest_2023_7_1322,southwest,37.22307013995532,-113.15585298892142,2023-07-15,32717.516357862936,99,361.4349804288058,37.76726989913329,100,extreme,70,31.765474099911625,3.454838752746582,7.561290264129639,0.1322580724954605
predicted_southwest_2023_7_1323,southwest,36.831528392414825,-111.01811740713079,2023-07-15,35348.46180906369,99,393.7109881391192,45.05390974504941,100,extreme,80,36.07242331267398,3.609677314758301,9.37419319152832,0.2709677517414093
predicted_southwest_2023_7_1324,southwest,37.28551915349148,-109.02672065679619,2023-07-15,34130.494247949464,99,385.1424759998089,32.92460757337761,100,extreme,70,31.543557183272572,2.619354724884033,10.325806617736816,0.1935483962297439
predicted_southwest_2023_7_1325,southwest,36.902137475062666,-106.95071311831116,2023-07-15,35557.74752940075,99,370.55396911783333,41.30514511492133,100,extreme,70,32.513689557843165,3.5096774101257324,11.948387145996094,0.2064516097307205
predicted_southwest_2023_7_1326,southwest,36.80927074941322,-105.08593770579044,2023-07-15,33343.193556503495,99,367.4487560155148,43.966537669438964,100,extreme,75,39.81319484993645,3.116128921508789,19.91935539245605,0.9612902998924256
predicted_california_2023_7_1341,california,38.97757377404359,-122.98196859647257,2023-07-15,35769.19560066294,85,375.033133128149,41.296568764255625,100,high,65,28.0369313506405,7.2645158767700195,22.09354782104492,0.0
predicted_california_2023_7_1342,california,39.22096350324503,-121.28329536924245,2023-07-15,28615.99745947716,85,353.9979577541437,32.65758514526302,100,high,60,29.09050758843861,2.274193525314331,19.56774139404297,0.0
predicted_california_2023_7_1343,california,39.136301441859786,-119.15200613189313,2023-07-15,28023.452550606624,85,339.47217566829477,32.8252419713252,100,high,60,29.381772064612345,2.787096738815308,12.79677391052246,0.0741935521364212
predicted_california_2023_7_1344,california,39.14562391271999,-117.02423114896024,2023-07-15,31879.293687880316,99,368.2464182560516,40.395250329241875,100,extreme,70,33.57717917264798,2.9612903594970703,10.474193572998049,0.1096774190664291
predicted_california_2023_7_1345,california,38.955296000668845,-114.92289765994985,2023-07-15,29724.90173725122,85,359.8507462755704,33.25567074097173,100,high,60,27.707170635396984,3.8290321826934814,10.970967292785645,0.2000000029802322
predicted_southwest_2023_7_1346,southwest,38.90756099552818,-112.96564890000896,2023-07-15,33073.28271346896,99,374.2469139159821,42.08264808693899,100,extreme,80,35.15245639569081,2.748387098312378,10.316128730773926,0.36129030585289
predicted_southwest_2023_7_1347,southwest,38.92262325779076,-110.85441840619099,2023-07-15,37932.13349655721,99,389.09287396693696,47.81571320117982,100,extreme,80,37.272888098450444,3.022580623626709,13.08709716796875,0.3774193525314331
predicted_southwest_2023_7_1348,southwest,39.29258973824164,-109.13213984146778,2023-07-15,38513.90547225564,99,378.66474264547514,43.43413330357231,100,extreme,80,35.5254411981481,2.564516067504883,9.361289978027344,0.0322580635547637
predicted_southwest_2023_7_1350,southwest,39.22021889767347,-105.24711465396553,2023-07-15,27505.794492665867,85,344.92501083398247,37.975561101523574,100,high,60,37.86572887695629,3.177419424057007,28.8258056640625,2.209677457809448
predicted_southwest_2023_7_1351,southwest,39.04720524514344,-103.05180068585008,2023-07-15,28650.577924140052,85,347.53659706379125,32.5205258728693,100,high,60,37.663234448696684,3.064516067504883,27.47096824645996,2.180645227432251
predicted_california_2023_7_1367,california,41.24541951239939,-121.11124741995155,2023-07-15,27266.053087134896,85,360.43024485015127,38.20240355321206,100,high,60,29.84673845868329,3.2419354915618896,17.338708877563477,0.0
predicted_california_2023_7_1368,california,40.80780986532214,-118.9927468539808,2023-07-15,32304.020900808835,99,347.4746648521635,39.43245899452324,100,extreme,70,32.57986965953293,3.29677414894104,10.612903594970703,0.0
predicted_southwest_2023_7_1371,southwest,40.80858617162569,-113.08866141495756,2023-07-15,32687.612199805608,99,367.7507976906448,38.11761650057289,100,extreme,70,33.90527826783979,2.2354838848114014,14.570967674255373,0.1677419394254684
predicted_southwest_2023_7_1373,southwest,40.99536671386882,-109.06236731353872,2023-07-15,33434.878161451685,99,370.66141115149003,39.92550905762006,100,extreme,70,37.37496559421525,3.6064515113830566,16.94193458557129,1.0419354438781738
predicted_southwest_2023_7_1374,southwest,40.848338644641906,-107.18050586144176,2023-07-15,35025.28272288593,99,368.70167176852146,40.04024299089804,100,extreme,73,33.202179287754284,4.070967674255371,17.99032211303711,0.5064516067504883
predicted_southwest_2023_7_1376,southwest,40.9671831530016,-103.068668499105,2023-07-15,31760.246579170802,85,365.59355409715437,37.4808381828284,100,high,60,39.06987002560368,3.229032278060913,28.99032211303711,2.3967742919921875
predicted_oregon_washington_2023_7_1392,oregon_washington,42.80185474305252,-122.77101879049475,2023-07-15,34652.20917066814,85,373.259441806248,41.785166037408516,100,high,68,32.7534077705055,4.045161247253418,26.5612907409668,0.0
predicted_oregon_washington_2023_7_1393,oregon_washington,43.01186436913361,-120.99088466431706,2023-07-15,29841.30967585948,99,372.0415387199603,39.45184461455702,100,extreme,70,34.74290095787912,2.8709678649902344,18.512903213500977,0.0967741906642913
predicted_oregon_washington_2023_7_1394,oregon_washington,42.902201905858774,-118.83520842812419,2023-07-15,36355.36818179962,99,379.276455318033,38.10866442762046,100,extreme,70,34.095093201519376,2.6032257080078125,13.438709259033203,0.0387096777558326
predicted_oregon_washington_2023_7_1395,oregon_washington,43.197330019529566,-116.96271314770345,2023-07-15,29745.588317058413,85,361.6768133344924,36.36299429945669,100,high,60,29.242010681125322,3.135483741760254,14.8903226852417,0.0
predicted_southwest_2023_7_1396,southwest,42.95853251419708,-114.96837766597268,2023-07-15,30962.315061250694,99,373.60016465238226,39.315545952135295,100,extreme,70,32.64464171345203,2.6903226375579834,13.619355201721191,0.0
predicted_southwest_2023_7_1397,southwest,42.84922856355258,-113.23115482499709,2023-07-15,33564.8995281112,99,362.7561483487783,38.2448104858102,100,extreme,70,33.4750844239651,3.0612902641296387,17.293548583984375,0.0322580635547637
predicted_oregon_washington_2023_7_1418,oregon_washington,44.97131941697006,-119.27535058102667,2023-07-15,31347.684040733406,85,349.4845244165984,32.066736796873855,100,high,60,27.064763310265306,2.951612949371338,15.906451225280762,0.0354838706552982
predicted_oregon_washington_2023_7_1419,oregon_washington,45.260325010516745,-117.09162691541658,2023-07-15,32896.837485568845,99,362.28109624814044,37.34491410321161,100,extreme,70,31.525032008827694,2.8483870029449463,13.458065032958984,0.0354838706552982
predicted_americas_2023_7_1420,americas,44.88969366298605,-115.1408628864984,2023-07-15,29210.15194241659,85,344.94934143096293,31.976113295259086,100,high,60,26.008419744532574,3.319354772567749,19.706451416015625,0.1580645143985748
predicted_southwest_2023_7_1423,southwest,44.78900592057725,-109.13917168757281,2023-07-15,33108.19116584728,85,364.5947505896901,32.760309943190265,100,high,60,36.214520464594884,2.225806474685669,24.551612854003903,1.1645160913467407
predicted_oregon_washington_2023_7_1440,oregon_washington,47.28194722766436,-118.94450391249416,2023-07-15,29836.430156532395,85,365.6733047698663,37.98324326027071,100,high,60,29.708899084914165,2.7129032611846924,16.551612854003906,0.0483870953321456
predicted_oregon_washington_2023_7_1441,oregon_washington,46.75634042947365,-117.01050416368341,2023-07-15,32745.68794108654,99,379.7649770277289,33.88466042535348,100,extreme,70,32.630944987979895,3.1322579383850098,18.409677505493164,0.0483870953321456
predicted_americas_2023_7_1442,americas,47.103561270935074,-114.92645476130033,2023-07-15,26887.383739048495,85,361.6387140173646,35.98890059842337,100,high,60,32.13275975954739,2.790322542190552,23.764516830444336,0.0838709622621536
predicted_oregon_washington_2023_7_1458,oregon_washington,48.82940509143863,-117.16693230483988,2023-07-15,27176.435424662715,85,362.5941999126316,33.12847925393822,100,high,60,30.87877386888978,3.377419233322144,29.58709716796875,0.180645152926445
predicted_americas_2023_7_1462,americas,48.7639558181848,-109.01532809209328,2023-07-15,30446.081811545668,85,375.24773800665014,40.2268124906658,100,high,65,36.7882318630207,3.967741966247559,20.535484313964844,0.9709677696228028
predicted_americas_2023_8_1470,americas,27.040209756592002,-99.2686002856196,2023-08-15,32205.879345273475,99,362.42748537979895,40.26647981334005,100,extreme,73,43.323886813231745,4.900000095367432,25.45161247253418,0.8451613187789917
predicted_southwest_2023_8_1475,southwest,31.10055603133815,-105.1602588968103,2023-08-15,28946.50739765415,85,353.4210151142526,38.121927328399,100,high,60,47.08380756454288,3.1225805282592773,22.82903289794922,1.1677418947219849
predicted_southwest_2023_8_1476,southwest,31.184707565164754,-102.79280201458677,2023-08-15,35694.77968341711,99,379.0608510987443,38.700383513165086,100,extreme,75,41.221419177181055,3.548387050628662,18.28709602355957,0.9322580695152284
predicted_americas_2023_8_1477,americas,31.15737108086597,-100.86370231415592,2023-08-15,32534.58143476756,85,334.7983117775931,39.002166355548106,100,high,63,32.77096198392083,4.09354829788208,20.47096824645996,0.7032257914543152
predicted_americas_2023_8_1478,americas,31.17868818931518,-98.7115432953667,2023-08-15,42068.62347534154,99,383.67598812722036,52.81873065174227,100,extreme,88,35.50143165835691,4.148386955261231,18.987096786499023,0.0967741981148719
predicted_americas_2023_8_1479,americas,30.96134998888776,-97.20658444134644,2023-08-15,32073.80489409131,85,368.62431703327445,40.018586362212645,100,high,68,33.834942634523955,4.1258063316345215,20.29354858398437,0.1677419245243072
predicted_americas_2023_8_1480,americas,31.190700529705012,-95.16460125016877,2023-08-15,35373.14982362211,85,373.44433908083005,37.10339360213875,100,high,60,44.61738579201808,3.790322542190552,23.96774101257324,2.135483980178833
predicted_americas_2023_8_1482,americas,31.02669345877651,-90.8244761394272,2023-08-15,27174.39102679761,85,361.43589825479495,32.56062771846084,100,high,60,37.55903356470564,3.525806427001953,33.88386917114258,0.4774193465709686
predicted_southwest_2023_8_1489,southwest,32.96921617357352,-112.7950307241453,2023-08-15,38644.221694565626,99,381.4046697573486,41.62643496115832,100,extreme,80,36.41328964599604,3.254838705062866,18.96451568603516,0.1967741847038269
predicted_southwest_2023_8_1490,southwest,32.8425264785246,-110.96722770527332,2023-08-15,29162.249166837006,85,351.50582530283697,35.45364866401264,100,high,60,43.24962194333933,3.112903118133545,22.448387145996094,1.5419354438781738
predicted_southwest_2023_8_1494,southwest,33.06206915602883,-103.25475269440433,2023-08-15,27281.84536726949,85,360.2748763336081,37.251409585805284,100,high,60,34.06080994491953,3.8483870029449454,18.20322608947754,1.3387097120285034
predicted_americas_2023_8_1495,americas,33.10092767913301,-101.14978476225748,2023-08-15,40093.89601614979,99,384.09111732827614,49.60982866317239,100,extreme,88,39.65016448095972,4.090322494506836,17.222579956054688,0.21290323138237
predicted_americas_2023_8_1496,americas,33.071694207605766,-98.8984107501819,2023-08-15,38394.36524158571,99,368.9281673011824,45.78196846411561,100,extreme,80,35.09643080839018,3.799999952316284,16.612903594970703,0.0645161345601081
predicted_americas_2023_8_1497,americas,32.978096426280345,-96.76703668209309,2023-08-15,39635.0816380348,99,385.73656963276716,45.173262440001686,100,extreme,80,38.08996541546205,3.912903308868408,18.735483169555664,0.0
predicted_americas_2023_8_1498,americas,32.92787146810754,-95.02403482922362,2023-08-15,33479.475013397794,85,372.5249645610268,41.260803327479444,100,high,68,32.90719904728735,4.27419376373291,29.119354248046875,0.1483870893716812
predicted_california_2023_8_1506,california,35.048103421536396,-118.96451800612222,2023-08-15,26952.13677803411,85,349.46543866336737,40.514487448449714,100,high,65,36.8821715650423,2.632258176803589,21.245161056518555,0.8129032254219055
predicted_california_2023_8_1507,california,35.02016152803613,-116.998329934892,2023-08-15,25989.44164767712,85,364.015386357192,33.94385103190312,100,high,60,34.78688807758929,2.683871030807495,19.17096710205078,2.9612903594970703
predicted_california_2023_8_1508,california,35.06474305567607,-115.21333810950695,2023-08-15,27007.621508808006,85,363.4964975714747,35.60310051114971,100,high,60,34.486567161959066,3.903225898742676,19.32903289794922,1.0258064270019531
predicted_southwest_2023_8_1509,southwest,35.15892995692528,-113.03476027212915,2023-08-15,33220.68530419275,85,353.7518879546411,39.32033036020752,100,high,60,36.21518716266581,3.319354772567749,21.40645217895508,1.4935483932495115
predicted_southwest_2023_8_1510,southwest,35.187791443229656,-111.09953720874806,2023-08-15,29704.84582876863,85,353.3897811845729,37.39773937255173,100,high,60,37.59014162450969,3.1935484409332275,26.53870964050293,1.725806474685669
predicted_southwest_2023_8_1512,southwest,35.27331421757296,-106.94860739874272,2023-08-15,30131.477008907903,85,360.3584329485805,35.79888606932187,100,high,60,42.03151093530291,2.816128969192505,20.50645065307617,1.2774193286895752
predicted_southwest_2023_8_1514,southwest,34.817466791410126,-102.84339641023027,2023-08-15,29806.025937908937,85,356.74212874745496,39.77832652146775,100,high,65,31.667206055600456,3.9483871459960938,18.40322494506836,0.5
predicted_americas_2023_8_1515,americas,34.704537724986885,-100.87219142488296,2023-08-15,31752.121151373456,85,367.19917001750906,39.83946478783283,100,high,68,34.67638578368205,4.099999904632568,19.00322532653809,1.4032257795333862
predicted_americas_2023_8_1516,americas,35.08848482849276,-99.0802281682761,2023-08-15,35530.57668956761,99,360.70673529025936,46.358756259364576,100,extreme,75,37.01753743118336,3.929032325744629,19.899999618530277,0.8032258152961731
predicted_americas_2023_8_1517,americas,35.23881832936999,-97.26823843865871,2023-08-15,32442.36430380136,85,365.9734673717785,40.29253801550924,100,high,68,42.7614534740219,4.193548202514648,25.025806427001957,2.493548393249512
predicted_california_2023_8_1529,california,37.02349676600515,-119.04785023891547,2023-08-15,31473.084387229726,85,372.670626894897,39.11395101645282,100,high,65,35.36326310845648,2.4193549156188965,22.80967712402344,0.725806474685669
predicted_california_2023_8_1531,california,37.06620026998655,-115.2964811632677,2023-08-15,34435.69245799253,99,383.5099390572752,42.65087364691291,100,extreme,70,40.44293522835494,2.929032325744629,17.516128540039062,1.0064516067504885
predicted_southwest_2023_8_1533,southwest,36.86357440044012,-110.77124515934219,2023-08-15,28679.027559342874,85,348.7709884392317,40.003393799013544,100,high,60,40.044099857337024,3.319354772567749,20.24838638305664,1.2806451320648191
predicted_southwest_2023_8_1534,southwest,36.94812946091521,-109.25327260654522,2023-08-15,30524.553253305774,85,360.2689258663948,32.28981954670668,100,high,65,31.624863098880397,2.454838752746582,19.493547439575195,0.5225806832313538
predicted_southwest_2023_8_1535,southwest,36.77313165600217,-106.8759178422737,2023-08-15,31676.94621062422,85,366.4888660395377,32.95465519125156,100,high,65,35.45768810400388,3.716129064559937,20.62580680847168,0.9806451797485352
predicted_southwest_2023_8_1536,southwest,36.80868960972081,-104.74797710153457,2023-08-15,29906.548084266353,85,355.0180807929856,43.07094502186608,100,high,60,35.142399481813044,3.5161290168762207,28.10322570800781,1.9806451797485352
predicted_americas_2023_8_1538,americas,36.80886300861738,-101.0777051377643,2023-08-15,27861.277615818264,85,355.6480666780221,32.375671327236894,100,high,60,31.93227092870835,3.700000047683716,27.3258056640625,0.4612903296947479
predicted_california_2023_8_1551,california,39.0609670920878,-123.1190026550213,2023-08-15,41555.75304208395,99,381.2722420553525,45.32525753870351,100,extreme,85,37.92307068707653,6.209677219390869,22.380645751953125,0.0
predicted_california_2023_8_1552,california,39.191513315656074,-121.06958855562102,2023-08-15,30413.910019841085,85,346.19647064586815,36.87533163874684,100,high,60,32.29913818712414,2.5161290168762207,22.267742156982425,0.0935483872890472
predicted_california_2023_8_1553,california,39.230523878009045,-118.78736029200459,2023-08-15,32562.799433201715,85,365.66607832835086,36.91369494877978,100,high,60,36.52059435866522,2.525806427001953,23.90322494506836,1.022580623626709
predicted_california_2023_8_1555,california,38.82722690394493,-115.13661076169134,2023-08-15,30740.12043381497,85,377.09708028675516,38.62968188005731,100,high,60,37.232131723325246,3.764516115188599,23.996774673461918,2.109677314758301
predicted_southwest_2023_8_1558,southwest,39.20391678172003,-108.74754612936717,2023-08-15,35879.33944454604,99,384.03891400636,39.84219522360467,100,extreme,75,37.7943403305748,2.654838800430298,18.387096405029297,0.6806451678276062
predicted_americas_2023_8_1562,americas,39.168315309146315,-101.08038304055209,2023-08-15,30552.587181494644,85,349.9444402881625,33.89893274410512,100,high,60,42.15517732393735,3.777419328689575,26.85483932495117,2.0548386573791504
predicted_americas_2023_8_1563,americas,38.86488362132888,-98.8157357878083,2023-08-15,26034.87564971353,85,372.0142965936746,37.06838396667494,100,high,68,39.020206407923936,4.029032230377197,29.15483856201172,4.380645275115967
predicted_california_2023_8_1577,california,41.08518290026596,-121.07723744769676,2023-08-15,33222.290430408924,85,368.901926106054,40.872287684104876,100,high,65,38.11905157594034,3.1225807666778564,24.63225746154785,0.6709677577018738
predicted_southwest_2023_8_1583,southwest,40.9980601153155,-108.97550376161708,2023-08-15,26832.806910654923,85,370.3838603715963,41.31756903308998,100,high,60,37.09365708059423,3.848387241363525,27.138710021972656,1.8225806951522827
predicted_southwest_2023_8_1609,southwest,43.024007148762706,-108.78461167172667,2023-08-15,30528.31659986379,85,367.9034900869229,35.5087930291848,100,high,60,37.941214405368434,2.570967674255371,29.948387145996094,1.1387096643447876
predicted_oregon_washington_2023_8_1626,oregon_washington,44.820560213195435,-123.1007995787294,2023-08-15,27950.662438869273,85,367.6119237270151,30.481751268793793,100,high,60,37.421931849345185,2.745161294937134,34.92580795288086,0.1354838758707046
predicted_americas_2023_8_1630,americas,45.15369799733715,-115.0926237777783,2023-08-15,28164.48975015837,85,342.2894319766282,32.88903086805475,100,high,60,35.670587821383265,3.59354829788208,29.82258033752441,2.732258081436157
predicted_oregon_washington_2023_8_1650,oregon_washington,46.721696228314855,-118.82592117576434,2023-08-15,30284.09018378712,85,365.0539337622046,35.15274108660642,100,high,60,33.42494382795901,3.0516128540039062,25.954837799072266,0.4709677398204803
predicted_oregon_washington_2023_8_1651,oregon_washington,46.8818770135672,-117.16933151893946,2023-08-15,31340.80198812402,85,346.1413538213579,36.38231315828725,100,high,65,36.68225447563018,3.393548488616944,28.16451644897461,0.929032266139984
predicted_americas_2023_8_1673,americas,49.183555240070575,-106.80575332285262,2023-08-15,29637.29678712958,85,358.4094030948546,39.29873588344126,100,high,65,39.916140685116474,3.8322579860687256,25.993549346923828,0.9806451797485352
predicted_southwest_2023_9_1685,southwest,31.217208689363574,-105.24620866125859,2023-09-15,27278.98534698938,85,353.9531914987259,28.73879226287145,100,high,60,25.68777413537296,3.0233333110809326,17.829999923706055,0.1466666609048843
predicted_california_2023_9_1698,california,33.27786906695351,-115.1571250940476,2023-09-15,28411.75363924766,85,349.1216245228638,35.23760878606893,100,high,60,26.8253746822742,2.8299999237060547,15.730000495910645,0.3100000023841858
predicted_southwest_2023_9_1699,southwest,33.02971772153701,-112.73693141575376,2023-09-15,31097.78390651507,99,371.04542245549214,39.56594271777297,100,extreme,70,33.57725129249239,2.863333225250244,16.843334197998047,0.1366666704416275
predicted_southwest_2023_9_1701,southwest,32.95949872699808,-109.2320539290161,2023-09-15,32344.083546084643,85,364.97217980453195,29.48108638231309,100,high,60,32.54506408045306,3.6466665267944336,18.209999084472656,1.75
predicted_california_2023_9_1717,california,35.117021137315135,-116.95661088862195,2023-09-15,26470.222311794583,85,360.5520800899233,32.21045615482205,100,high,60,26.883612499729963,2.900000095367432,19.176666259765625,0.0766666680574417
predicted_southwest_2023_9_1721,southwest,34.772830963653455,-109.20415032385964,2023-09-15,27063.263139528295,99,383.4954631383374,42.16067205071622,100,extreme,70,32.53679382755581,3.359999895095825,19.46999931335449,0.4566666781902313
predicted_southwest_2023_9_1723,southwest,34.76062748660639,-105.12888804239397,2023-09-15,30041.95374698354,85,353.9267695452908,36.28303031302979,100,high,60,33.0668926745053,3.4733333587646484,19.976667404174805,1.3233333826065063
predicted_california_2023_9_1738,california,36.920655610526374,-120.70643203293616,2023-09-15,31591.279351558238,99,372.0485730021769,37.238250322490565,100,extreme,70,36.69152053794526,3.503333330154419,29.893333435058597,0.0
predicted_southwest_2023_9_1744,southwest,36.94969239890786,-108.86245585054147,2023-09-15,36032.57690111203,99,354.29763345918155,43.696851488532495,100,extreme,70,30.043044073213373,2.37666654586792,19.13999938964844,0.3799999952316284
predicted_southwest_2023_10_1895,southwest,31.139842777617805,-105.01489748038642,2023-10-15,29077.83165603466,85,355.1053300465801,35.501008765087214,100,high,60,30.358360573759654,3.519354820251465,22.006452560424805,0.1870967745780944
predicted_california_2023_10_1908,california,32.89615896980285,-114.77050293695912,2023-10-15,30466.696014356363,85,373.667467366944,35.939429069400596,100,high,60,28.705928433462223,2.387096881866455,18.50967788696289,0.0
predicted_southwest_2023_10_1910,southwest,32.88336252929413,-110.84836371730441,2023-10-15,27218.607829475444,85,360.55630123765786,40.45037970998712,100,high,60,26.636302428752472,2.9193549156188965,18.96774101257324,0.28709676861763
predicted_southwest_2023_10_1911,southwest,33.22599045709692,-109.01573602449135,2023-10-15,31695.356171025247,85,369.0876347812436,37.38706106036716,100,high,60,25.738172329769533,3.70322585105896,18.2806453704834,0.3225806355476379
predicted_southwest_2023_10_1912,southwest,33.297800602576345,-107.03193670469624,2023-10-15,30398.900181213085,85,371.5875483450987,33.63011364283428,100,high,60,27.45902240057561,3.264516115188598,16.899999618530273,0.1903225779533386
predicted_southwest_2023_10_1929,southwest,34.73891215668978,-113.01751014838047,2023-10-15,26289.82786844999,85,360.6900350073706,32.547255239666924,100,high,60,27.36902525363017,3.2354838848114014,14.661290168762209,0.1838709712028503
predicted_california_2023_10_1950,california,36.75316025780777,-116.73185826032369,2023-10-15,26889.95848924563,85,352.7972142341207,42.455941773601054,100,high,60,28.975862169163015,2.8516128063201904,19.096773147583008,0.2387096732854843
predicted_southwest_2023_10_1952,southwest,37.05893517643824,-113.15603065776583,2023-10-15,29272.24926815169,85,363.6190783636099,31.332911578987236,100,high,60,27.1532984461472,2.877419233322144,12.909677505493164,0.2096774131059646
predicted_southwest_2023_10_1953,southwest,37.141397868543514,-111.24997256773874,2023-10-15,33312.49408241474,99,371.80947356881194,49.314586755626244,100,extreme,80,35.54234719204207,3.132258176803589,14.761290550231934,0.1096774190664291
predicted_southwest_2023_10_1954,southwest,37.29900850683577,-108.74289534883373,2023-10-15,29668.55093215304,85,365.98595091444395,37.21569811760618,100,high,60,29.159578976530774,2.035483837127685,16.43225860595703,0.0548387095332145
predicted_southwest_2023_10_1955,southwest,37.259867998806136,-106.95215773103614,2023-10-15,29817.301240403445,85,378.8796558397337,35.60157720233345,100,high,65,30.940211678406868,3.5548386573791504,16.832258224487305,0.6774193644523621
predicted_california_2023_10_1975,california,39.264407547069204,-114.78061297817636,2023-10-15,31812.464718525105,85,364.4230215613534,29.632864537261035,100,high,60,25.6064911201532,3.341935396194458,18.245161056518555,0.264516144990921
predicted_california_2023_11_2118,california,32.75007845099363,-115.11133953651316,2023-11-15,31503.98102679893,99,352.15061467127896,43.489846398382625,100,extreme,70,31.064268686535733,2.613333225250244,19.62333297729492,0.1599999964237213
predicted_southwest_2023_11_2119,southwest,33.229449821044405,-112.95141884802105,2023-11-15,28950.5291583952,85,337.7165756005022,36.12724064515898,100,high,60,28.181295997475445,2.2666666507720947,18.5766658782959,0.3566666543483734
predicted_southwest_2023_11_2120,southwest,33.18216212126492,-110.86206652937784,2023-11-15,27925.67147522336,85,345.16194144966676,40.03389751090609,100,high,60,30.497759928343225,2.609999895095825,25.40999984741211,0.4066666662693023
predicted_americas_2023_11_2126,americas,33.08080276395236,-98.78415131658896,2023-11-15,29214.57173219316,85,357.06568597686686,33.80172565704195,100,high,60,35.20291396285657,3.640000104904175,36.52000045776367,0.2533333301544189
predicted_southwest_2023_11_2166,southwest,37.08048528297744,-105.1483404840293,2023-11-15,29973.441061684454,99,356.9545110041589,43.85475035462525,100,extreme,70,36.475616313039836,3.623333215713501,22.196666717529297,0.4199999868869781
predicted_southwest_2023_11_2216,southwest,41.197636798915305,-103.26969551750064,2023-11-15,31252.234260428566,85,368.2206770093686,32.867008571396774,100,high,68,30.750746938820313,4.023333549499512,24.843334197998047,0.2900000214576721
predicted_americas_2024_3_2945,americas,30.761509578439885,-104.83079890464363,2024-03-15,29563.815928408992,85,374.09812519874754,40.1331352803415,100,high,68,25.24729504474549,4.416129112243652,17.658063888549805,0.0322580635547637
predicted_southwest_2024_3_2962,southwest,32.90136627256191,-107.24254748080199,2024-03-15,35706.75039744863,85,381.4295633163123,38.30786708254553,100,high,68,25.872216160261498,4.31290340423584,18.65483856201172,0.0548387095332145
predicted_americas_2024_3_3032,americas,39.150563879017994,-100.86036595075201,2024-03-15,31145.90712942654,85,359.83396557096927,42.66442945591594,100,high,63,31.250979230214483,4.590322494506836,26.10322570800781,0.5290322303771973
predicted_americas_2024_4_3150,americas,27.078148331673695,-98.77596512525447,2024-04-15,34498.0293921048,85,369.6968509085775,39.601184354629055,100,high,68,32.35367410726841,4.960000038146973,29.489999771118164,0.1933333277702331
predicted_americas_2024_4_3157,americas,30.738403807965174,-101.12625037719756,2024-04-15,35089.70057451962,85,373.7957784711385,43.67588405121026,100,high,68,31.96142472366897,5.206666946411133,17.989999771118164,1.0499999523162842
predicted_southwest_2024_4_3169,southwest,32.9458026320256,-113.20540338392186,2024-04-15,24612.704147482254,85,364.612282614988,33.45369540595585,100,high,60,27.59843579299312,2.806666612625122,16.579999923706055,0.0266666673123836
predicted_southwest_2024_4_3170,southwest,33.0931042287146,-111.19559373119033,2024-04-15,36512.75597525598,99,385.46398687189827,40.09850742730392,100,extreme,70,31.25744824467244,3.113333225250244,15.31999969482422,0.1599999964237213
predicted_southwest_2024_4_3171,southwest,32.856141958791135,-108.84354441496782,2024-04-15,39271.26195762206,99,395.83114519992506,44.223220015778445,100,extreme,78,30.56973590429597,4.210000038146973,14.033332824707031,0.2033333331346511
predicted_california_2024_4_3187,california,34.91227349524186,-117.22451859819238,2024-04-15,33943.867544863715,85,359.6865884733028,34.35643714899227,100,high,60,32.39717320564051,3.0799999237060547,21.670000076293945,0.226666659116745
predicted_southwest_2024_4_3189,southwest,35.17357570899181,-112.98491548893823,2024-04-15,37931.74517716869,99,374.4620926885769,44.25601932738468,100,extreme,78,31.643729264816496,4.056666851043701,15.486666679382324,0.4833333194255829
predicted_southwest_2024_4_3190,southwest,34.88467749900845,-111.17820386448528,2024-04-15,39018.86884810182,99,378.1921885221727,38.91494662107408,100,extreme,78,30.98347640769248,4.356666564941406,19.053333282470703,0.4399999976158142
predicted_southwest_2024_4_3191,southwest,35.248273066323954,-109.02887857320863,2024-04-15,32934.6387756984,85,361.03706420947606,41.59581347188364,100,high,68,29.3673762152832,4.010000228881836,15.416666984558104,0.476666659116745
predicted_southwest_2024_4_3193,southwest,34.89604552521802,-104.94574433813527,2024-04-15,33592.379431652495,85,382.7140034816652,41.72259690237809,100,high,68,26.764231633275497,4.8466668128967285,15.699999809265137,0.016666667535901
predicted_california_2024_4_3210,california,36.79621924367184,-116.74712535827008,2024-04-15,35180.48856731613,99,363.3090323986229,42.41195948767151,100,extreme,70,35.446848436461345,3.4233334064483643,21.296667098999023,0.1233333349227905
predicted_southwest_2024_4_3213,southwest,37.11636975430609,-110.92635523417351,2024-04-15,36136.90257872058,85,361.1135009136323,44.39921487518129,100,high,68,28.75794779231665,4.193333148956299,11.9399995803833,0.3033333420753479
predicted_southwest_2024_4_3217,southwest,36.70119528113144,-102.71138230653095,2024-04-15,31101.29981759734,85,359.48028754950025,39.88860133006452,100,high,68,25.821276093800773,5.039999961853027,15.176666259765623,0.3733333349227905
predicted_southwest_2024_4_3241,southwest,38.95736660005809,-102.71438790548531,2024-04-15,31631.820832257617,85,372.1175012397226,33.61471273768039,100,high,63,27.269540613504216,4.393333435058594,19.25,0.8300000429153442
predicted_americas_2024_4_3243,americas,39.117857884221664,-99.10237315977948,2024-04-15,31069.08019450858,85,356.14445428516495,32.03323323178827,100,high,63,31.827544898041438,5.480000019073486,26.440000534057617,0.8199999928474426
predicted_california_2024_5_3378,california,32.753030968190714,-114.84357711637367,2024-05-15,27142.527368934432,85,352.4909963404418,36.56478548105752,100,high,60,28.66154363062088,2.9451613426208496,10.58709716796875,0.0
predicted_southwest_2024_5_3379,southwest,33.11936929709243,-113.21008232066806,2024-05-15,35304.42732613734,99,355.26793370124733,41.05588322262417,100,extreme,70,31.44227981284743,3.1483871936798096,12.006451606750488,0.0
predicted_southwest_2024_5_3382,southwest,32.718689455676035,-107.16316290985999,2024-05-15,29846.60362845819,85,374.29085409014,37.131808256988755,100,high,68,27.28851847753325,4.041935443878174,6.63225793838501,0.01290322560817
predicted_southwest_2024_5_3384,southwest,32.72020584232468,-103.22179556585856,2024-05-15,34097.34196395344,99,385.99664515347575,42.23923218366472,100,extreme,78,43.02873828528447,4.72580623626709,13.080645561218262,1.94516122341156
predicted_california_2024_5_3397,california,35.20692280865314,-117.28671932938231,2024-05-15,28368.072097294604,85,337.80010912443623,37.83965408427042,100,high,60,27.589054378868646,3.387096643447876,12.741935729980469,0.0
predicted_california_2024_5_3398,california,34.84940524166545,-114.91557386516367,2024-05-15,34641.81704233821,99,370.0545784428131,35.417257175932725,100,extreme,70,32.846709587222406,3.622580528259277,11.354838371276855,0.0
predicted_southwest_2024_5_3399,southwest,35.04602143931466,-113.05164436516844,2024-05-15,35418.73835666953,99,363.33736613639206,38.639939649698235,100,extreme,70,31.825894790154564,3.693548440933228,10.425806045532228,0.02580645121634
predicted_southwest_2024_5_3400,southwest,34.74035354838042,-111.13796492033907,2024-05-15,36824.088112719066,85,360.9636355589077,41.2266298872795,100,high,68,28.801952489858127,4.432258129119873,13.5,0.0322580635547637
predicted_southwest_2024_5_3401,southwest,34.756950762093,-109.17589773363004,2024-05-15,37324.18452416523,99,381.90172192880084,44.84600162766353,100,extreme,78,32.23363939538261,4.203225612640381,12.493548393249512,0.0838709622621536
predicted_southwest_2024_5_3402,southwest,35.29933556721998,-106.90758615340475,2024-05-15,29752.777123778396,85,362.7194059094054,34.844244923671816,100,high,60,25.11725357878512,3.658064365386963,11.07741928100586,0.2000000029802322
predicted_southwest_2024_5_3423,southwest,36.7233628100126,-110.81787493390415,2024-05-15,35222.56624822149,85,354.87339439200724,42.06437431204613,100,high,68,29.017503053112787,4.277419567108154,10.18709659576416,0.0612903237342834
predicted_southwest_2024_5_3424,southwest,37.20227177669839,-108.7026374789179,2024-05-15,30644.684597375104,85,366.983991213294,38.35093828292038,100,high,60,26.823631577083027,3.083870887756348,11.777419090270996,0.0903225839138031
predicted_americas_2024_6_3575,americas,30.922880357574627,-104.72977214911074,2024-06-15,32814.801209463214,99,351.3102592417312,39.783122020856545,100,extreme,70,32.28803697548444,3.846666574478149,14.976666450500488,0.4933333396911621
predicted_americas_2024_6_3576,americas,30.81709991033119,-102.72500338811116,2024-06-15,28217.611564750892,85,355.68140790141933,32.77274097850277,100,high,63,31.00056971079781,4.796666622161865,21.450000762939453,0.5733333230018616
predicted_california_2024_6_3588,california,32.7756012167184,-115.12992331044155,2024-06-15,36045.31028311233,99,374.0337630601655,37.867290510218695,100,extreme,80,37.48918056235684,3.496666669845581,15.523333549499512,0.0
predicted_southwest_2024_6_3589,southwest,32.81785152952321,-112.88794656783085,2024-06-15,38400.44382256458,99,402.2032185800488,46.818711580488866,100,extreme,80,40.659632496951346,3.2933332920074463,14.206666946411133,0.0
predicted_southwest_2024_6_3590,southwest,33.27086689539785,-110.89546822053155,2024-06-15,34594.15208693154,99,374.45253604323784,41.23704239596047,100,extreme,75,36.79503165668075,3.289999961853028,14.99666690826416,0.7066666483879089
predicted_southwest_2024_6_3591,southwest,32.80529497642881,-109.16710387068422,2024-06-15,35180.083167733916,99,374.62991905926765,39.976854708805114,100,extreme,75,42.578636060525604,3.946666717529297,13.65999984741211,0.9766666889190674
predicted_southwest_2024_6_3592,southwest,33.040636390758635,-107.27912048007899,2024-06-15,40365.77677789566,99,365.1284576429023,47.15499462958274,100,extreme,80,37.097300617328365,3.236666679382324,13.466666221618652,0.4099999964237213
predicted_southwest_2024_6_3594,southwest,32.99377467723015,-103.12648410882048,2024-06-15,35997.60474536494,99,397.00831815065743,45.02259379774466,100,extreme,78,43.262745822958536,5.013333320617676,22.18000030517578,0.2033333331346511
predicted_california_2024_6_3606,california,35.1954265709364,-119.03592753740904,2024-06-15,36280.188925633505,99,377.52292801565505,45.11972008355929,100,extreme,80,35.75822243326011,3.81333327293396,16.913333892822266,0.0
predicted_california_2024_6_3607,california,34.871424540596536,-117.24531759654617,2024-06-15,26714.418610007197,85,352.33130474882086,29.645168092424427,100,high,60,29.349574997785655,3.3966667652130127,9.93333339691162,0.0
predicted_california_2024_6_3608,california,35.25627426911867,-114.86883775558589,2024-06-15,30354.046203251815,85,368.9390648166045,39.900525147853564,100,high,68,28.947103159310288,4.2166666984558105,11.149999618530272,0.0
predicted_southwest_2024_6_3609,southwest,35.281955915207114,-113.17175798721085,2024-06-15,31041.340610007195,99,373.627882969558,44.190229852466395,100,extreme,75,42.88369455116596,3.68666672706604,11.373332977294922,0.5099999904632568
predicted_southwest_2024_6_3610,southwest,35.042756281962255,-111.18182782187476,2024-06-15,32674.175613247528,99,363.662113542222,38.76351656485536,100,extreme,70,40.32585879963982,3.809999942779541,15.220000267028809,1.34333336353302
predicted_southwest_2024_6_3611,southwest,34.78580067359944,-109.05234500783357,2024-06-15,31918.473290045556,99,363.6326944089194,40.52147057573455,100,extreme,70,35.08638673847951,3.2866666316986084,16.213333129882812,1.1366666555404663
predicted_southwest_2024_6_3612,southwest,34.92472894602775,-107.16333299502932,2024-06-15,37615.376455470905,99,362.56300083094817,39.04557210201572,100,extreme,70,35.96147877823124,2.963333368301392,17.273332595825195,1.649999976158142
predicted_southwest_2024_6_3614,southwest,34.92043443721824,-103.07712199639931,2024-06-15,32096.60412124954,85,361.1264556564171,42.29470741057028,100,high,68,37.8891646612885,4.940000057220459,25.459999084472656,2.736666679382324
predicted_americas_2024_6_3616,americas,35.034070946556916,-98.97769840703758,2024-06-15,25458.229253387122,85,357.68940829621323,38.95494120895989,100,high,63,39.951665841061335,4.933333396911621,35.246665954589844,0.9566666483879088
predicted_california_2024_6_3628,california,37.17555688792548,-121.14866611946162,2024-06-15,35611.81138322273,99,369.79161041149706,45.32227026331629,100,extreme,78,31.732934781130226,4.063333511352539,19.27666664123535,0.0
predicted_california_2024_6_3629,california,37.076397361054404,-118.81356172086176,2024-06-15,34812.6864707943,99,372.1063544521506,37.59633892056135,100,extreme,70,36.283404123606125,2.3933334350585938,29.059999465942383,0.0400000028312206
predicted_california_2024_6_3630,california,37.150159458363305,-116.73169762989396,2024-06-15,37912.40663830349,99,375.9795069972521,47.23556064568148,100,extreme,80,36.701914574077044,3.31333327293396,10.976666450500488,0.0
predicted_california_2024_6_3631,california,36.791229140454696,-115.2184403515796,2024-06-15,39966.51776971318,99,353.9442324431147,45.3332024195869,100,extreme,80,39.52069431124417,3.276666641235352,7.503333568572998,0.0
predicted_southwest_2024_6_3632,southwest,36.974994156752544,-113.00141026729688,2024-06-15,29528.532126104747,99,394.4178858532977,38.59562639861143,100,extreme,70,30.982552691199167,3.680000066757202,8.606666564941406,0.1466666609048843
predicted_southwest_2024_6_3634,southwest,36.75626591575421,-109.26395609898701,2024-06-15,30492.746483650742,85,359.64683140405106,32.590746257842824,100,high,60,32.583980094304174,2.87333345413208,15.173333168029783,1.290000081062317
predicted_southwest_2024_6_3636,southwest,37.25244379020558,-105.21378742488947,2024-06-15,27155.893905645145,85,375.8567917310076,37.867814180534936,100,high,60,36.6962691251347,3.990000009536743,26.32999992370605,1.6733332872390747
predicted_americas_2024_6_3638,americas,36.874876548096275,-100.97976475179713,2024-06-15,36087.168174755134,85,368.554533351577,39.863758863738,100,high,68,45.72764381721531,5.083333492279053,29.69333267211914,6.2166666984558105
predicted_california_2024_6_3651,california,38.938719421810454,-122.9050297299443,2024-06-15,32465.616868689423,99,367.1291779688499,36.874339202567896,100,extreme,70,27.64192061444306,8.363333702087402,28.13999938964844,0.0100000007078051
predicted_california_2024_6_3653,california,38.80242501798749,-119.29275803881963,2024-06-15,33168.020381848706,99,362.10753405113803,41.32572676649261,100,extreme,70,34.22772766143386,3.116666793823242,15.026666641235352,0.1199999973177909
predicted_california_2024_6_3654,california,38.718278211785375,-116.98863758144114,2024-06-15,29340.02043796042,85,362.8768204367572,40.02538981907068,100,high,60,26.73340602976319,3.073333263397217,12.68666648864746,0.1066666692495346
predicted_california_2024_6_3655,california,38.82266902347856,-114.93654430638462,2024-06-15,28924.56410046882,85,367.56727002853427,41.15452839225674,100,high,60,29.34460713314283,3.883333444595337,11.59333324432373,0.2400000095367431
predicted_southwest_2024_6_3656,southwest,38.90424693366855,-112.72227770359892,2024-06-15,39613.234138590095,99,391.53169698454843,44.0799353534385,100,extreme,80,36.364243439488106,2.9033334255218506,9.50666618347168,0.4033333361148834
predicted_southwest_2024_6_3657,southwest,39.006348454475734,-110.94631751814406,2024-06-15,35459.286111135596,99,361.8172370797006,43.99674320289324,100,extreme,75,46.009225147133705,3.5366666316986084,17.26333236694336,0.7099999785423279
predicted_southwest_2024_6_3658,southwest,39.06907748432472,-109.01729646437312,2024-06-15,35548.92035522768,99,375.2338512515618,45.581584364728585,100,extreme,75,35.35340535560266,3.039999961853028,13.643333435058594,0.8633333444595337
predicted_southwest_2024_6_3661,southwest,39.000765386775434,-102.80297311263901,2024-06-15,29784.45035515121,85,384.34862851160347,41.70529406382085,100,high,68,33.15756233737517,4.320000171661377,19.983333587646484,2.9033334255218506
predicted_california_2024_6_3676,california,40.804097630213015,-122.98474080101421,2024-06-15,28858.73204069605,85,358.51270412182606,36.44183364574578,100,high,60,39.56759190310448,3.1700000762939453,37.913333892822266,0.0399999991059303
predicted_california_2024_6_3677,california,40.92785091375159,-120.88509667251185,2024-06-15,32041.702464127557,85,361.01607718690013,35.43209270593768,100,high,60,30.382781231242543,3.503333330154419,27.34000015258789,0.1733333319425583
predicted_california_2024_6_3678,california,41.18086746573377,-118.76999017938674,2024-06-15,37036.23695525174,99,397.8202411270147,43.89335069118893,100,extreme,80,44.04045628634199,3.826666593551636,12.949999809265137,0.0333333350718021
predicted_california_2024_6_3679,california,40.93525614614274,-117.00256979395303,2024-06-15,32940.98480276186,99,384.63435654260996,40.44103250083859,100,extreme,70,33.87413194613349,3.626666784286499,16.50666618347168,0.1499999910593032
predicted_california_2024_6_3680,california,41.15046178952663,-115.1120495557067,2024-06-15,35274.117720091046,99,360.88719943097044,39.384122435114456,100,extreme,70,36.811085956752294,3.2666666507720947,23.059999465942383,0.3266666531562805
predicted_southwest_2024_6_3681,southwest,40.77529177807949,-112.84780031725425,2024-06-15,35968.868076880455,99,363.23660284236456,39.54610288069088,100,extreme,70,33.01083101649129,2.5833332538604736,16.363332748413086,0.0400000028312206
predicted_southwest_2024_6_3682,southwest,41.163662851799046,-111.16796024712919,2024-06-15,32713.37046178296,85,358.1084548200701,37.75856964413431,100,high,68,31.67083571748422,4.643333435058594,27.21666717529297,0.1400000005960464
predicted_southwest_2024_6_3683,southwest,40.84215999494399,-109.06688131119637,2024-06-15,34425.27336365128,99,373.4668173416196,45.341056062511406,100,extreme,73,30.820026632896113,4.446666717529297,18.8266658782959,0.800000011920929
predicted_southwest_2024_6_3684,southwest,41.10643587793332,-106.78056365773593,2024-06-15,33282.91438966451,85,354.4391512799909,36.833805557502465,100,high,63,30.898582093937527,5.003333568572998,23.76000022888184,0.8166666626930237
predicted_southwest_2024_6_3685,southwest,41.0394689329046,-104.86534659583842,2024-06-15,37548.49661684953,99,393.16347465799197,46.15547089195139,100,extreme,78,35.02272377693809,4.1566667556762695,17.456666946411133,1.2833333015441897
predicted_oregon_washington_2024_6_3703,oregon_washington,43.20886554100938,-121.26764045029547,2024-06-15,33581.82680318467,99,376.6654253198263,42.02130650300878,100,extreme,70,36.35825639753683,3.576666593551636,24.739999771118164,0.2033333331346511
predicted_southwest_2024_6_3708,southwest,42.86896962526338,-111.22585650564031,2024-06-15,32344.571415431263,99,374.92798792506267,45.87748298256608,100,extreme,73,38.80555629146177,4.886666774749756,27.61333274841309,0.6466666460037231
predicted_southwest_2024_6_3710,southwest,42.70617069756142,-106.93417508267794,2024-06-15,33785.28646261199,99,374.29446642547447,40.772450651421934,100,extreme,73,31.65402947241758,4.3466668128967285,15.956666946411133,0.8899999856948853
predicted_southwest_2024_6_3712,southwest,43.123747697533155,-103.14914190868753,2024-06-15,24372.28100878625,85,360.2059017723468,35.90537579195862,100,high,60,35.15199630172856,3.6466665267944336,27.450000762939453,1.0733332633972168
predicted_oregon_washington_2024_6_3728,oregon_washington,44.79767459352374,-119.06086446551352,2024-06-15,31975.013218238197,99,358.4536305111527,37.358180620655055,100,extreme,70,39.86080815082525,3.276666641235352,27.209999084472656,0.4199999868869781
predicted_americas_2024_6_3730,americas,44.790283362603596,-115.14716769972547,2024-06-15,33728.37523227113,85,387.72524773046905,43.147300022716294,100,high,68,36.019360765635824,4.183333396911621,26.71333312988281,1.6799999475479126
predicted_southwest_2024_6_3732,southwest,44.968028716355114,-110.96625816358454,2024-06-15,29511.3079903389,85,376.54627310550705,37.01051287257213,100,high,68,35.585297631733546,5.323333263397217,29.35333251953125,1.846666693687439
predicted_southwest_2024_6_3735,southwest,44.98257615146084,-105.2241779148318,2024-06-15,29835.465874982445,85,360.38024402028714,39.61820084956629,100,high,65,36.54438904002315,3.8566665649414062,27.049999237060547,0.8433333039283752
predicted_oregon_washington_2024_6_3750,oregon_washington,47.2373377088791,-118.76251273916085,2024-06-15,30918.506752898076,85,359.01968928720214,34.756787776975926,100,high,60,31.449377617636557,3.306666612625122,24.926666259765625,0.1566666662693023
predicted_americas_2024_6_3756,americas,46.81077947440842,-107.21782001927346,2024-06-15,33128.52748647159,85,373.67994539524244,42.52867712027559,100,high,68,39.104222559037595,4.936666488647461,28.8799991607666,2.616666793823242
predicted_americas_2024_7_3785,americas,30.76267271086009,-105.11889920346427,2024-07-15,30431.256048981602,99,370.2002733980403,36.79592687232647,100,extreme,70,37.79267076102097,3.177419424057007,23.66774177551269,0.28709676861763
predicted_southwest_2024_7_3786,southwest,31.04611442867962,-102.9098218155559,2024-07-15,32098.115441873197,85,365.73824712319237,38.8597516382919,100,high,68,36.88525245249164,4.064516067504883,24.83870887756348,2.196774244308472
predicted_california_2024_7_3797,california,32.76195900532503,-116.94946512670097,2024-07-15,27400.514223778937,85,345.1271020679257,28.71668741985529,100,high,60,43.491507335190065,2.4258065223693848,38.02580642700195,0.0
predicted_california_2024_7_3798,california,32.803514326167814,-114.74788180835543,2024-07-15,32737.63969147032,99,365.6899889416706,37.972187005588516,100,extreme,70,31.46704727397334,3.632258176803589,15.190322875976562,0.0225806441158056
predicted_southwest_2024_7_3799,southwest,33.04078457838965,-113.27050488582714,2024-07-15,35645.096925663325,99,361.40561813204687,44.25050224641641,100,extreme,70,34.670704099091644,3.4870967864990234,16.312902450561523,0.1741935461759567
predicted_southwest_2024_7_3800,southwest,32.87781456810797,-110.95590024903888,2024-07-15,32247.687488538515,85,340.4909953321062,35.27714437699691,100,high,60,33.06431419068103,3.435483932495117,19.041934967041016,1.4419355392456057
predicted_southwest_2024_7_3801,southwest,33.26298943719079,-108.78782204288322,2024-07-15,32200.607018328017,99,340.88196055282737,35.66607624079476,100,extreme,70,42.045664160188615,2.932258129119873,17.283870697021484,1.841935515403748
predicted_southwest_2024_7_3802,southwest,33.19124413769043,-107.15484336312846,2024-07-15,34549.87221421695,99,390.19199252711263,42.70803442809775,100,extreme,70,36.37951735751515,2.5064516067504883,18.8258056640625,2.141935348510742
predicted_southwest_2024_7_3803,southwest,33.2901403239082,-104.77422459088564,2024-07-15,29647.264945025956,85,359.7866761836891,40.047988743944344,100,high,60,44.49657674087757,3.096774101257324,24.861289978027344,1.922580599784851
predicted_southwest_2024_7_3804,southwest,32.85580250337025,-103.28857395443542,2024-07-15,33296.47840391528,85,354.1315732047581,29.00004031906913,100,high,60,38.14086976305181,3.974193572998047,24.75806427001953,2.377419233322144
predicted_americas_2024_7_3805,americas,33.28183417967879,-100.86052722251976,2024-07-15,28803.625073457595,99,383.218809921598,39.85882437767684,100,extreme,70,37.071333813339706,3.990322589874268,26.97096824645996,0.4677419364452362
predicted_california_2024_7_3816,california,34.91552524818962,-119.17143691441385,2024-07-15,29366.483820917438,85,342.0934900704329,32.7404332616346,100,high,60,25.415926312967763,2.941935539245605,10.416129112243652,0.0
predicted_california_2024_7_3817,california,35.19413133596709,-117.2613055917265,2024-07-15,36409.03837219843,99,382.0783838336407,43.80422388325872,100,extreme,80,38.53854673944392,2.725806474685669,8.02258014678955,0.2096774131059646
predicted_california_2024_7_3818,california,35.19241769646007,-114.95542387617486,2024-07-15,34925.34760339731,99,372.1543300739748,48.6249698578417,100,extreme,80,37.79909901524332,3.3677420616149902,9.570967674255373,0.0967741906642913
predicted_southwest_2024_7_3819,southwest,34.98641023887344,-112.9267823124488,2024-07-15,33489.569239207,99,376.1215680695555,37.303378567368014,100,extreme,70,37.34224960053115,2.9483871459960938,10.674193382263184,3.0096774101257324
predicted_southwest_2024_7_3820,southwest,34.91049146560101,-110.99655462098673,2024-07-15,31092.35302919875,99,374.76895693115506,42.40028833672351,100,extreme,80,41.55939637692855,3.206451654434204,13.14838695526123,0.4161290228366852
predicted_southwest_2024_7_3821,southwest,34.91753587793546,-108.80973872019842,2024-07-15,31698.02453725616,85,397.8572371368184,39.58549805285477,100,high,65,31.71607260951265,2.7161290645599365,14.945161819458008,0.800000011920929
predicted_california_2024_7_3838,california,37.260249653800884,-121.07586022837656,2024-07-15,42471.92031876698,99,385.6876969533945,43.110341287281855,100,extreme,80,41.748477424968385,3.564516067504883,13.877419471740724,0.0
predicted_california_2024_7_3839,california,37.110319871101204,-119.17141995660627,2024-07-15,33695.83215624177,99,387.8063859947771,45.488687788963716,100,extreme,70,34.0387926209891,2.070967674255371,16.61612892150879,0.0
predicted_california_2024_7_3840,california,37.01894329161204,-116.94892700344373,2024-07-15,35849.325263913845,99,382.531836956993,40.71219936098657,100,extreme,80,40.60515915587165,2.932258129119873,9.806451797485352,0.1935483962297439
predicted_california_2024_7_3841,california,36.7195954364707,-115.03425154117483,2024-07-15,34649.33724938286,99,385.53354699055893,40.11939836234805,100,extreme,70,31.38182659153126,2.709677457809448,6.290322780609131,0.2193548381328582
predicted_southwest_2024_7_3843,southwest,36.94464886300164,-111.10820876264683,2024-07-15,31665.231891279742,99,373.60130951277563,41.252377094089496,100,extreme,70,30.22625337539121,3.003225803375244,8.787096977233887,0.1129032224416732
predicted_southwest_2024_7_3844,southwest,36.796731287185075,-108.8137402518561,2024-07-15,37162.287663699244,99,381.7871512433595,44.47855544859189,100,extreme,80,42.74813868663124,2.329032182693481,12.454838752746582,0.3806451559066772
predicted_california_2024_7_3861,california,39.06709861206193,-122.75244946924511,2024-07-15,40991.90985645281,99,392.3622744516513,44.55069055856755,100,extreme,85,36.4862740779402,6.432258129119873,20.348386764526367,0.0
predicted_california_2024_7_3862,california,38.924074767079624,-120.83168691834578,2024-07-15,34978.81879368281,99,377.4562558297344,47.21051137231554,100,extreme,80,37.48724737538767,2.590322494506836,16.706451416015625,0.0
predicted_california_2024_7_3863,california,38.853201824257944,-118.84673763649064,2024-07-15,37296.11482778163,99,373.56849589877345,45.78455579017749,100,extreme,80,35.17723190046396,2.6032257080078125,14.480645179748535,0.3322580754756927
predicted_california_2024_7_3864,california,38.76352459092788,-116.93596825213066,2024-07-15,32338.378960955455,99,378.8048646022413,40.99917530520114,100,extreme,70,33.72128044260395,2.6419355869293213,11.887096405029297,0.232258066534996
predicted_california_2024_7_3865,california,38.912938610091935,-114.9239297097689,2024-07-15,36369.443625095715,99,382.3151877204646,48.945144178572605,100,extreme,80,36.35506517819387,3.0806450843811035,11.019354820251465,0.4225806295871734
predicted_southwest_2024_7_3866,southwest,38.94790351032463,-112.91719805887026,2024-07-15,31860.739846907243,99,374.02656981647164,39.78861897860201,100,extreme,70,30.295217723747584,2.3709678649902344,9.254838943481444,0.4290322661399841
predicted_southwest_2024_7_3867,southwest,39.10549375506245,-110.92276716778466,2024-07-15,29853.9673677242,85,353.4543505840427,35.331006299478126,100,high,60,25.874938065637174,2.822580575942993,12.229032516479492,0.2032258063554763
predicted_southwest_2024_7_3868,southwest,39.09489589457854,-108.96776306116098,2024-07-15,39215.6465648336,99,370.62993018753895,41.011784690024754,100,extreme,80,36.56753672583235,2.238709688186645,9.716129302978516,0.2064516097307205
predicted_southwest_2024_7_3871,southwest,38.80906732033042,-102.83383216696448,2024-07-15,26417.08887102607,85,348.2933746979981,36.78596986367799,100,high,60,37.205073751914284,3.1483871936798096,20.387096405029297,1.132258057594299
predicted_americas_2024_7_3872,americas,38.79408762319008,-100.7765223109498,2024-07-15,26188.28062826907,85,357.0210465525647,36.854867909932125,100,high,60,41.50678475534591,3.974193572998047,23.81612968444824,1.7322580814361572
predicted_california_2024_7_3886,california,41.24985232671924,-122.94383367333215,2024-07-15,29833.31812109719,85,356.14441020037515,35.57277119526532,100,high,60,34.86593458831435,2.4677419662475586,29.277420043945312,0.1838709563016891
predicted_california_2024_7_3887,california,41.08124861411714,-121.20148902156619,2024-07-15,29214.290659475137,85,357.75759044451814,34.367495844036256,100,high,60,27.08171101486827,3.132258176803589,18.69032287597656,0.1225806400179863
predicted_california_2024_7_3888,california,41.07789239266082,-119.22592185576156,2024-07-15,41470.85486951392,99,388.093109039313,52.44195275253643,100,extreme,80,35.80074212125228,3.048387050628662,10.716129302978516,0.0580645129084587
predicted_california_2024_7_3889,california,40.94192637991029,-116.7119688342141,2024-07-15,28006.073734159,85,359.1503340311185,31.00362270417006,100,high,60,29.39708248449147,2.974193572998047,12.58709716796875,0.338709682226181
predicted_california_2024_7_3890,california,41.15143872938227,-115.06376849820818,2024-07-15,29380.866395820856,85,384.019131486625,35.93389713047473,100,high,65,32.28138479821433,2.616128921508789,17.0,0.5258064866065979
predicted_southwest_2024_7_3891,southwest,41.018776411010556,-113.16354696276588,2024-07-15,36838.56260028892,99,357.5663773932011,36.83959289778017,100,extreme,70,31.446368669148914,2.1645162105560303,12.487096786499023,0.1354838758707046
predicted_southwest_2024_7_3892,southwest,41.106462842736974,-111.19720527332737,2024-07-15,32317.537557953157,99,369.36250078320825,42.76926187735039,100,extreme,70,37.111639753201665,3.6516129970550537,20.896774291992188,0.2677419483661651
predicted_southwest_2024_7_3895,southwest,41.194682910562726,-104.91386872620755,2024-07-15,29901.540834372532,85,355.8368474265597,34.600052580445684,100,high,60,30.835495059279015,3.0806450843811035,14.84193515777588,1.64838707447052
predicted_southwest_2024_7_3896,southwest,40.78786175396169,-103.24719638349313,2024-07-15,28361.874160430598,85,350.8534626467427,32.33611119019513,100,high,60,34.44872540754477,3.4161291122436523,16.2806453704834,2.1709675788879395
predicted_oregon_washington_2024_7_3914,oregon_washington,43.27944832589185,-119.09647794123686,2024-07-15,35055.76778286682,99,351.7183507207286,44.85207609233517,100,extreme,70,32.544792156937156,2.6419355869293213,13.33548355102539,0.1290322542190551
predicted_oregon_washington_2024_7_3915,oregon_washington,42.93709317848338,-117.10638977575331,2024-07-15,32314.011548795537,99,362.2749139360784,42.21927787209181,100,extreme,70,33.2928252990012,3.3580644130706787,15.41290283203125,0.0
predicted_southwest_2024_7_3916,southwest,43.137022512603785,-114.91305620568104,2024-07-15,39970.433168294236,99,391.17632441603956,46.50555614807967,100,extreme,80,39.30967021292592,2.8064515590667725,16.396774291992188,0.0903225764632225
predicted_southwest_2024_7_3917,southwest,42.90748365904626,-112.7891093304116,2024-07-15,31173.726979443672,85,342.83502422856134,33.43450837553556,100,high,60,30.076284207643745,3.0,20.974193572998047,0.0709677413105964
predicted_southwest_2024_7_3918,southwest,43.10265589425158,-110.934482765164,2024-07-15,27177.65987995031,85,372.24638731215174,33.84956594322834,100,high,60,32.99109874360656,3.709677457809448,23.738710403442383,0.4935483932495117
predicted_oregon_washington_2024_7_3937,oregon_washington,44.7961353605859,-120.86773977866453,2024-07-15,34690.81311356411,99,375.35856942488635,37.413079191508956,100,extreme,70,40.25772588507321,2.909677505493164,24.09354782104492,0.0419354811310768
predicted_oregon_washington_2024_7_3938,oregon_washington,44.80256184145251,-118.91373763513926,2024-07-15,27826.08358004743,85,372.9381769081473,32.67355205394676,100,high,60,25.53532527579441,2.78064513206482,17.880645751953125,0.1129032224416732
predicted_oregon_washington_2024_7_3939,oregon_washington,44.95088687289768,-117.100308983345,2024-07-15,29249.735220390958,85,352.17458713673557,34.05814343925242,100,high,60,28.631274894154615,2.751612901687622,17.254838943481445,0.3064516186714172
predicted_southwest_2024_7_3945,southwest,44.709955488379556,-104.88209568991387,2024-07-15,34907.67611206006,99,367.1713348970251,39.61865913804836,100,extreme,75,35.33087961847024,2.951612949371338,19.887096405029297,0.7032257914543152
predicted_oregon_washington_2024_7_3961,oregon_washington,46.93573706533591,-116.9847837109083,2024-07-15,29572.546673554883,85,351.5526259120882,32.56802733290398,100,high,60,30.330109700826817,2.990322589874268,25.206451416015625,0.0709677413105964
predicted_americas_2024_7_3963,americas,47.049951435387534,-113.03837102121645,2024-07-15,27121.89371259606,85,359.22091953668684,37.831104903199524,100,high,60,33.18023066711433,3.638709783554077,25.267742156982425,0.3161290287971496
predicted_americas_2024_7_3964,americas,46.70678152195342,-110.92197925347453,2024-07-15,35213.05727262454,85,360.74081914006223,45.45093237999363,100,high,68,32.01854099469267,4.938709735870361,26.380645751953125,0.3967742025852203
predicted_americas_2024_7_3977,americas,49.029921137665724,-118.81224295676364,2024-07-15,30990.59027858641,99,380.8354852332787,37.83491063795367,100,extreme,70,38.87150666891247,2.0387096405029297,28.16774177551269,0.058064516633749
predicted_americas_2024_8_3990,americas,26.75011494880801,-99.09106161617558,2024-08-15,32458.15346025998,99,365.5524384321561,41.34265690105264,100,extreme,73,49.21382159147132,4.293548583984375,29.264516830444336,0.522580623626709
predicted_americas_2024_8_3992,americas,29.151481002551897,-99.0816603561028,2024-08-15,34159.94434206722,99,376.6986803790482,37.16804495395633,100,extreme,70,40.81057133472865,3.8290321826934814,28.574193954467773,0.01290322560817
predicted_americas_2024_8_3995,americas,30.965264220807832,-104.86826495204073,2024-08-15,31020.68142497746,99,360.83361306636453,39.66593679284347,100,extreme,70,31.013272890420886,3.0612902641296387,19.93548393249512,0.1354838758707046
predicted_americas_2024_8_3996,americas,30.90064070739325,-103.23552807013486,2024-08-15,30579.68879161825,85,355.49824537930203,38.308811082189735,100,high,65,43.419997563884124,3.880645275115967,20.025806427001957,0.6612903475761414
predicted_california_2024_8_4007,california,32.94507334884509,-116.95720799074014,2024-08-15,33525.13761667063,85,354.9528453816485,33.6994645363894,100,high,60,36.21529761911372,2.5612902641296387,37.032257080078125,0.0
predicted_california_2024_8_4008,california,33.10781833010001,-114.72812523249522,2024-08-15,30119.32314064874,85,354.4118370826321,37.006893445154546,100,high,60,29.93273329609004,3.751612901687622,15.241935729980469,0.0
predicted_southwest_2024_8_4009,southwest,32.7340082592995,-112.98995837303596,2024-08-15,31562.91458644192,99,388.321196075773,41.034324917776885,100,extreme,70,31.182927300834553,3.225806474685669,17.487096786499023,0.1870967745780944
predicted_southwest_2024_8_4011,southwest,32.93514633776635,-108.97172341445867,2024-08-15,27759.954101846575,85,354.11308300530726,33.4586007418759,100,high,60,36.26473319688777,2.932258129119873,21.851612091064453,1.0709677934646606
predicted_southwest_2024_8_4012,southwest,33.11829821528279,-107.27552899193869,2024-08-15,37745.49933249775,99,362.3124899239872,40.49617498862148,100,extreme,75,36.33027952726198,2.8741936683654785,18.56774139404297,0.6838709712028503
predicted_southwest_2024_8_4013,southwest,32.81606120577389,-105.11099503488613,2024-08-15,27876.678886149148,85,359.8431203324306,34.18667092205962,100,high,60,43.812432714733276,3.345161199569702,21.43225860595703,1.3645161390304563
predicted_southwest_2024_8_4014,southwest,33.08490268875375,-102.95467029530134,2024-08-15,37217.54433721907,99,384.00177316404535,48.7013479504451,100,extreme,88,37.8828244953123,4.064516067504883,18.46774101257324,0.1967741847038269
predicted_americas_2024_8_4016,americas,33.23165166528811,-98.78452178414926,2024-08-15,29743.804329840434,85,371.86775489047665,40.25822528626094,100,high,65,37.197384106714395,3.787096738815308,21.332258224487305,0.77741938829422
predicted_california_2024_8_4026,california,34.938195297324484,-119.14796113546437,2024-08-15,28843.226600541213,85,362.3054158685073,28.51683200795219,100,high,60,28.38410705666744,2.9612903594970703,12.441935539245604,0.0
predicted_california_2024_8_4027,california,34.79379018242532,-116.99698317231073,2024-08-15,32157.794455676336,99,380.0482169175791,38.72969025046217,100,extreme,70,33.68055338709124,2.9258065223693848,9.067742347717283,0.02580645121634
predicted_southwest_2024_8_4029,southwest,34.91628470308493,-113.22091377590152,2024-08-15,27525.476647216077,85,382.7768892603093,40.45723157058742,100,high,60,33.53718118360687,3.209677457809448,19.42258071899414,2.3064515590667725
predicted_southwest_2024_8_4030,southwest,35.102762495137476,-110.76804624229864,2024-08-15,29935.149824964315,85,371.3891061148005,28.322193746125766,100,high,60,38.16220451558868,3.1032257080078125,23.541934967041016,2.1419355869293213
predicted_southwest_2024_8_4031,southwest,34.86238636518906,-108.84899213978115,2024-08-15,27424.897118742585,85,355.3004212682685,34.29205970339916,100,high,60,38.672002974191805,2.383870840072632,21.261289596557617,1.1612902879714966
predicted_southwest_2024_8_4032,southwest,34.74873778088401,-107.04627895456454,2024-08-15,34020.111958052075,99,349.4997370848365,43.65807385612568,100,extreme,75,35.512449760978484,2.3548386096954346,18.93225860595703,0.9451612830162048
predicted_southwest_2024_8_4033,southwest,35.295549077292655,-104.98970978262967,2024-08-15,34087.30825656121,99,386.0189879158998,37.63507220567511,100,extreme,70,39.298542585148546,3.3032257556915283,19.59677505493164,1.6064516305923462
predicted_southwest_2024_8_4034,southwest,34.79372090475836,-103.07800066842401,2024-08-15,34459.6736844402,99,351.2001551403553,43.11929949022734,100,extreme,78,47.833412227334776,4.09354829788208,18.61612892150879,1.4064515829086304
predicted_americas_2024_8_4035,americas,35.29305259637809,-100.8555320797036,2024-08-15,40002.223562124345,99,376.8823213780728,52.93033445563094,100,extreme,83,43.414997138998956,4.145161151885986,18.43225860595703,0.8709677457809448
predicted_americas_2024_8_4040,americas,35.2196609272267,-91.09721801245571,2024-08-15,28486.810328420954,85,361.4699228428856,30.910690758255218,100,high,60,37.146907275709815,3.200000047683716,36.03871154785156,0.412903219461441
predicted_california_2024_8_4048,california,37.21034471680907,-121.16447115223986,2024-08-15,33574.44069035056,99,350.20680205147306,42.081093865039435,100,extreme,70,32.25585236220815,3.790322542190552,17.512903213500977,0.0
predicted_california_2024_8_4049,california,36.82091702680379,-118.93270480463406,2024-08-15,34448.85635247082,99,383.5929142433651,36.940093843696935,100,extreme,70,33.88124136969144,2.277419328689575,16.03870964050293,0.0387096777558326
predicted_california_2024_8_4050,california,37.26065982325206,-117.04021617009617,2024-08-15,33321.12423659484,99,375.63816559386504,41.32684491499093,100,extreme,70,33.94921338037212,3.858064413070679,9.945160865783691,0.0
predicted_california_2024_8_4051,california,37.11345259224894,-115.2573852594104,2024-08-15,31269.401449730296,99,346.0801811044386,41.04088089065344,100,extreme,70,34.84575398426594,3.5,9.677419662475586,0.0
predicted_southwest_2024_8_4052,southwest,37.19396392760802,-113.00727403640117,2024-08-15,32695.00064338016,99,364.3332940703856,42.2918360911464,100,extreme,70,36.95521713524345,3.512903213500977,15.85161304473877,1.2225806713104248
predicted_southwest_2024_8_4053,southwest,37.033714415578004,-110.87870140281102,2024-08-15,28910.16092369113,85,346.808049472322,29.205643132711337,100,high,60,33.806105596984246,3.0161290168762207,18.08709716796875,1.3161290884017944
predicted_southwest_2024_8_4057,southwest,36.72408331545122,-103.24825049721763,2024-08-15,29942.073469733674,85,391.9301229476679,41.16833032179832,100,high,68,38.07567496390871,4.31290340423584,20.541934967041016,2.8741934299468994
predicted_americas_2024_8_4059,americas,37.295177648343184,-99.07308219028307,2024-08-15,34577.22468395002,99,371.18339072814194,40.75782118015769,100,extreme,73,38.08626672086963,4.09354829788208,26.180644989013672,0.7451612949371338
predicted_california_2024_8_4071,california,39.10589024971236,-122.98333667455867,2024-08-15,41334.39196671819,99,380.09404258096566,49.23076123205288,100,extreme,85,35.403424978775234,6.199999809265137,23.974193572998047,0.1096774190664291
predicted_california_2024_8_4072,california,39.05654509638516,-120.97598248464358,2024-08-15,28303.14409941681,85,379.4015663183506,37.22686552273491,100,high,60,27.33377269576361,2.548387050628662,19.05806350708008,0.232258066534996
predicted_california_2024_8_4073,california,39.061890072073766,-119.02337985914131,2024-08-15,39491.11362936725,99,374.15590225311763,48.17440833770227,100,extreme,80,45.2119899048334,2.9193549156188965,14.825806617736816,0.1322580724954605
predicted_california_2024_8_4074,california,39.109519475722635,-117.10446591396382,2024-08-15,28374.845149210618,85,361.10034823932847,39.90514301185837,100,high,60,25.92715920677963,3.3741934299468994,11.338709831237791,0.1290322542190551
predicted_california_2024_8_4075,california,39.04521550387746,-115.01460698144506,2024-08-15,38114.449886487164,99,390.032477313054,50.31401577555618,100,extreme,88,37.72370811947282,4.341935634613037,12.177419662475586,0.36129030585289
predicted_southwest_2024_8_4076,southwest,38.9574374215816,-112.93831548063994,2024-08-15,34040.00876160162,99,365.49215506906535,46.25879230242424,100,extreme,70,35.17770037364069,3.07741928100586,14.47741985321045,1.4193549156188965
predicted_southwest_2024_8_4078,southwest,39.16114879854792,-108.73734126440907,2024-08-15,26410.13622931948,85,374.58885388632467,38.64519681677491,100,high,60,32.297920906333545,2.519354820251465,19.12903213500977,1.503225803375244
predicted_california_2024_8_4097,california,40.7489592320029,-121.10625935885326,2024-08-15,36801.777579207366,99,354.1177290129218,37.39350553633087,100,extreme,70,37.67801971223547,3.441935539245605,23.30645179748535,0.3999999761581421
predicted_california_2024_8_4098,california,40.85515495468087,-119.01123562890344,2024-08-15,39983.88611832328,99,361.2296084536969,40.18062329687876,100,extreme,80,37.48510756607411,3.3580644130706787,14.058064460754396,0.0161290317773818
predicted_california_2024_8_4099,california,40.716711344492644,-116.92958744940717,2024-08-15,28023.384426577017,85,361.91993788622267,39.77667522094632,100,high,60,28.8409049910713,3.277419328689575,13.42258071899414,0.0709677413105964
predicted_california_2024_8_4100,california,41.07882519562895,-115.0570535114381,2024-08-15,32629.468170139284,99,363.9176085193546,40.934169813089284,100,extreme,70,31.11889923099957,3.225806474685669,17.338708877563477,0.1870967745780944
predicted_southwest_2024_8_4101,southwest,40.95583901408097,-113.18097647609137,2024-08-15,31939.192966588802,85,369.4123982217027,36.96604137614597,100,high,65,33.219415436861695,2.677419424057007,16.3258056640625,0.5129032135009766
predicted_southwest_2024_8_4103,southwest,40.8047883115378,-108.99311947597442,2024-08-15,28289.827772163706,85,358.8238401089367,43.26081325580239,100,high,68,40.07220688466117,4.122580528259277,24.496774673461918,2.3967740535736084
predicted_oregon_washington_2024_8_4123,oregon_washington,43.24015846672124,-121.07886251858338,2024-08-15,29374.1378759532,85,356.77477880892945,38.354505645121925,100,high,60,33.07913519900352,2.935483932495117,25.46774101257324,0.4935483932495117
predicted_oregon_washington_2024_8_4124,oregon_washington,43.175314716881005,-118.72399287150853,2024-08-15,34739.76673526211,99,377.7465186628699,45.41327521552211,100,extreme,80,39.29445973077986,2.4645161628723145,16.609678268432617,0.2064516097307205
predicted_oregon_washington_2024_8_4125,oregon_washington,43.10581664072363,-116.80772322590501,2024-08-15,32117.244993410743,99,371.007628229016,39.436918205734706,100,extreme,70,34.57727167578485,3.183871030807495,17.419355392456055,0.0903225839138031
predicted_southwest_2024_8_4126,southwest,43.107779909437085,-114.78763092219127,2024-08-15,34201.31390442825,99,381.81477881879056,41.014944625461396,100,extreme,80,37.240541073995566,2.78064513206482,15.106451988220217,0.0161290317773818
predicted_southwest_2024_8_4127,southwest,43.267554786419254,-113.19668343954454,2024-08-15,33331.23025019345,99,383.7413582415011,39.15693040817184,100,extreme,70,31.33962955414402,3.161290407180786,18.122581481933597,0.1483870893716812
predicted_southwest_2024_8_4130,southwest,42.86317273563892,-107.13745446605188,2024-08-15,26657.03374005803,85,358.7301218679502,32.504086675764405,100,high,60,27.04465456358485,3.6451611518859854,15.745161056518556,0.4000000059604645
predicted_southwest_2024_8_4131,southwest,42.83073482777605,-104.78675510273743,2024-08-15,36189.01800526294,99,373.5201125247715,47.62928975499372,100,extreme,75,38.876107369974214,3.287096738815308,18.396774291992188,0.9354838728904724
predicted_oregon_washington_2024_8_4149,oregon_washington,45.16789253040604,-116.8114747397672,2024-08-15,39325.97919135468,99,378.46919495518597,47.14682720391927,100,extreme,80,35.47751598425562,2.8580644130706787,17.63225746154785,0.2096774131059646
predicted_southwest_2024_8_4150,southwest,44.770931173374656,-114.75761098204643,2024-08-15,28213.527181674308,85,360.3395688516517,33.915697410949065,100,high,60,32.433149701098245,3.429032325744629,22.63548469543457,0.2903225719928741
predicted_southwest_2024_8_4153,southwest,44.91395770559172,-108.81412688278714,2024-08-15,32532.911919699418,85,379.3298827670958,39.89594462157343,100,high,65,40.13205339116929,2.612903356552124,21.222579956054688,0.57419353723526
predicted_oregon_washington_2024_8_4170,oregon_washington,46.80613817049439,-118.75464935352713,2024-08-15,30843.87320257071,85,369.2303343723573,36.653767767004126,100,high,60,33.59056478482103,2.8129031658172607,22.738710403442383,0.032258067280054
predicted_americas_2024_8_4176,americas,47.04962866960681,-106.97787906921764,2024-08-15,26721.427681579466,85,377.009715194165,40.413232480095274,100,high,60,38.77360557497601,3.729032278060913,27.79677391052246,2.4870967864990234
predicted_california_2024_9_4236,california,34.734128838666585,-119.12582979361115,2024-09-15,28532.24079337326,85,356.2930208478382,36.83723495874612,100,high,60,27.398133863527,2.789999961853028,15.649999618530272,0.0266666673123836
predicted_california_2024_9_4237,california,35.15991638973298,-116.97528716648578,2024-09-15,34101.62567036701,99,367.98053931246983,36.24992303323719,100,extreme,70,30.285631939130386,2.2799999713897705,11.93000030517578,0.0566666685044765
predicted_california_2024_9_4238,california,35.121264472468276,-115.28577018381652,2024-09-15,29611.402381499553,85,365.51436538175545,37.17746344411639,100,high,60,26.243698637375743,3.5,10.956666946411133,0.0966666713356971
predicted_southwest_2024_9_4239,southwest,34.89881133124179,-113.2521265258196,2024-09-15,29698.585544708414,85,357.2888485163809,37.98200611851883,100,high,60,29.050030782909023,3.4133334159851074,12.553333282470703,0.1933333277702331
predicted_southwest_2024_9_4240,southwest,35.105397741324246,-111.04921827384808,2024-09-15,29131.69699513184,85,355.35076985635277,34.458039853862836,100,high,60,28.485692349474093,3.490000009536743,17.053333282470703,0.1533333361148834
predicted_southwest_2024_9_4241,southwest,34.93756233571757,-108.73425237316495,2024-09-15,25508.061935050035,85,358.1775817582146,37.065309559624005,100,high,60,27.5638907890708,3.0166666507720947,17.530000686645508,0.3533333241939544
predicted_california_2024_9_4259,california,36.94042250010068,-119.24090321499236,2024-09-15,33679.56604427846,99,385.20664172981185,39.211075257952885,100,extreme,70,30.183017770839715,2.180000066757202,16.360000610351562,0.0333333350718021
predicted_california_2024_9_4260,california,36.76908770703712,-117.14092604313255,2024-09-15,33974.626326106634,99,377.92740176305773,47.028571024862224,100,extreme,70,30.219032123958645,3.0999999046325684,10.723333358764648,0.0299999993294477
predicted_california_2024_9_4282,california,38.825298561296755,-120.93026544903583,2024-09-15,33289.53098223528,99,359.55812821135976,42.54378626006584,100,extreme,70,34.59572497960549,2.3366665840148926,17.850000381469727,0.0233333334326744
predicted_california_2024_9_4284,california,39.03141968269034,-117.19059888985306,2024-09-15,32731.454711936913,85,356.77451289773376,37.523244615819245,100,high,60,28.008941628994243,3.1066665649414062,16.02666664123535,0.2399999946355819
predicted_southwest_2024_9_4288,southwest,38.90728851223407,-109.09737353516546,2024-09-15,31457.45611045784,85,370.17065543970153,35.37667556742073,100,high,60,26.29182266582047,2.5799999237060547,14.24666690826416,0.1333333402872085
predicted_southwest_2024_9_4291,southwest,38.74756817077871,-102.84052942437056,2024-09-15,35603.05248357371,99,379.18720451986417,46.375801361632895,100,extreme,80,37.85244736428614,3.8333332538604736,17.30666732788086,0.3833333253860473
predicted_california_2024_9_4308,california,41.19719174367097,-118.9092813727428,2024-09-15,30816.445048183457,85,363.3394504799904,33.86027610037827,100,high,60,27.461638338680547,3.0933332443237305,17.239999771118164,0.3900000154972076
predicted_southwest_2024_9_4339,southwest,42.829799666578495,-109.12121212320264,2024-09-15,30110.75931229954,85,368.6008506774282,36.13883016924344,100,high,60,29.095063439777817,2.720000028610229,18.12666702270508,0.209999993443489
predicted_southwest_2024_9_4340,southwest,42.96554640755969,-107.29287719199839,2024-09-15,30527.625770923354,85,366.1859396528281,41.8434623292374,100,high,68,25.907241676212198,4.070000171661377,12.399999618530272,0.1666666716337204
predicted_southwest_2024_9_4341,southwest,42.72901762662927,-105.11960661566356,2024-09-15,26233.964382511054,85,339.0682197760884,39.52424855043206,100,high,60,27.488137307421077,3.753333330154419,11.5,0.1899999976158142
predicted_americas_2024_10_4415,americas,30.993786445619218,-105.14624704566656,2024-10-15,34022.83051004376,99,376.06730002520106,36.76954907911883,100,extreme,70,30.352529228269095,3.1677420139312744,15.338709831237791,0.1032258048653602
predicted_americas_2024_10_4416,americas,30.949265800355253,-103.0718830012149,2024-10-15,30475.056126933076,85,362.75248687568364,30.247017266454808,100,high,60,28.499520545870848,3.700000047683716,17.122581481933594,0.0
predicted_california_2024_10_4427,california,32.75817940257925,-116.75444097392679,2024-10-15,31848.566828547715,85,361.5868332361873,33.81174810176219,100,high,60,37.99324171513034,2.4225807189941406,30.138710021972656,0.0
predicted_southwest_2024_10_4431,southwest,33.02815732559129,-108.88606239801199,2024-10-15,28244.020508029564,85,339.8477809456762,36.78000979889409,100,high,60,25.60498328074927,3.380645036697388,10.53225803375244,0.116129033267498
predicted_americas_2024_10_4436,americas,32.90996271214243,-98.71268639089305,2024-10-15,29523.71441449145,85,358.05919867666904,38.83545562235501,100,high,60,32.18787905423877,3.996774196624756,25.554838180541992,0.2419354766607284
predicted_americas_2024_10_4437,americas,33.169455487327674,-96.77184893603099,2024-10-15,33432.28196200831,99,372.03227523632387,41.449975235718846,100,extreme,78,36.926488623200726,4.161290168762207,24.18387031555176,0.3258064687252044
predicted_americas_2024_10_4442,americas,32.83479443858506,-86.93148976560927,2024-10-15,28442.410040456896,85,360.6747002525722,36.29004057143406,100,high,60,35.005397224975404,3.087096691131592,34.783870697021484,0.0483870953321456
predicted_california_2024_10_4446,california,34.80853514082734,-119.29662121235117,2024-10-15,28306.053093789764,85,351.22644264845104,40.05802084931133,100,high,60,28.881012438683417,2.932258129119873,15.164515495300291,0.0
predicted_california_2024_10_4447,california,35.17949478266287,-117.18820993408887,2024-10-15,33823.280383577134,85,361.43286671882026,32.7296588989374,100,high,60,28.359953993149,2.2129032611846924,9.829031944274902,0.0
predicted_southwest_2024_10_4449,southwest,35.1385222074657,-113.08200531465859,2024-10-15,31950.908262084587,85,345.53242893671535,33.99568002588552,100,high,60,28.347812264067304,2.8129031658172607,11.145161628723145,0.2483870983123779
predicted_americas_2024_10_4456,americas,35.115230331823845,-99.00280941183965,2024-10-15,30807.7658973074,85,356.4046444954951,38.15992730123469,100,high,68,32.891862808141546,4.319355010986328,20.9548397064209,0.0
predicted_california_2024_10_4469,california,37.22776089802706,-119.20381457629065,2024-10-15,27271.65584165207,85,360.12654464148653,35.081531503017395,100,high,60,28.208077038019795,2.3516128063201904,13.46129035949707,0.0419354848563671
predicted_california_2024_10_4491,california,39.11697187160583,-122.73995200773027,2024-10-15,30957.336552956047,85,364.2948664340613,38.30745309628887,100,high,68,32.75185587368973,5.370967864990234,28.63548469543457,0.4580645263195038
predicted_americas_2024_10_4502,americas,38.87291071557572,-101.09121880030688,2024-10-15,31819.692122238856,85,361.51570598935814,38.97410522235829,100,high,63,27.437242750113427,4.393548488616943,19.02903175354004,0.522580623626709
predicted_california_2024_11_4637,california,33.097388243238434,-117.2587494287468,2024-11-15,30171.62596710931,85,365.71530696900743,39.16353791103792,100,high,60,32.98534352204561,2.3566665649414062,24.8700008392334,0.209999993443489
predicted_southwest_2024_11_4639,southwest,33.18716774078273,-113.10264813307357,2024-11-15,34761.218240508184,99,375.2681689369289,50.28989640089871,100,extreme,80,40.75396366833696,1.9733333587646484,13.710000038146973,0.0
predicted_southwest_2024_11_4640,southwest,33.26744982133556,-110.99501298343398,2024-11-15,32485.366998821464,99,341.8487631009415,39.391094970556345,100,extreme,70,33.20315503097061,2.2066667079925537,18.32333374023437,0.3166666626930237
predicted_california_2024_11_4657,california,35.029345778984045,-116.85389847853256,2024-11-15,33269.8790603265,99,343.8288688256879,44.00180691966385,100,extreme,70,33.329367517011505,2.4033334255218506,18.200000762939453,0.0
predicted_southwest_2024_11_4659,southwest,35.132230399151865,-112.8145792698558,2024-11-15,31572.575072268795,99,373.2856311518752,39.32205536396781,100,extreme,70,32.71981796230786,3.660000085830689,16.426666259765625,0.0299999993294477
predicted_california_2024_11_4681,california,36.849275073243504,-115.02260290152444,2024-11-15,30423.297161591916,99,359.2949186536458,37.19475149071736,100,extreme,70,31.01016191474465,2.9733333587646484,13.803333282470703,0.036666665226221
predicted_southwest_2024_11_4682,southwest,37.26523493169316,-112.87154778638899,2024-11-15,31171.343818367277,85,358.5246181189985,33.43440345034476,100,high,60,29.04696358131359,3.623333215713501,19.22333335876465,0.3533333241939544
