year,month,latitude,longitude,wind_speed,humidity,precipitation
2023,1,26.985391134950426,-98.99434430997127,3.4193549156188965,30.564516067504883,0.19032257795333862
2023,1,26.985391134950426,-81.02803862758084,3.0387096405029297,45.51935577392578,0.9870967864990234
2023,1,28.997617371378155,-98.99434430997127,3.116128921508789,31.396774291992188,0.6774193644523621
2023,1,28.997617371378155,-96.98211807354355,3.7806451320648193,43.59354782104492,3.1677420139312744
2023,1,28.997617371378155,-81.02803862758084,3.3032257556915283,39.390323638916016,0.903225839138031
2023,1,31.009843607805884,-105.03102301925446,3.816128969192505,19.890321731567383,0.17741934955120087
2023,1,31.009843607805884,-103.01879678282673,3.864516019821167,19.477418899536133,0.06451612710952759
2023,1,31.009843607805884,-101.006570546399,4.412903308868408,25.08386993408203,0.33870968222618103
2023,1,31.009843607805884,-98.99434430997127,4.306451797485352,33.47419357299805,0.31612902879714966
2023,1,31.009843607805884,-96.98211807354355,3.890322685241699,41.361289978027344,1.896774172782898
2023,1,31.009843607805884,-94.96989183711581,3.8483870029449463,46.56774139404297,4.041935443878174
2023,1,31.009843607805884,-93.02953082341764,4.661290168762207,50.035484313964844,6.754838466644287
2023,1,31.009843607805884,-91.01730458698992,4.6258063316345215,49.22903060913086,7.270967960357666
2023,1,31.009843607805884,-89.0050783505622,4.164515972137451,44.89677429199219,7.074193477630615
2023,1,31.009843607805884,-86.99285211413446,3.8967742919921875,42.10322570800781,5.487096786499023
2023,1,31.009843607805884,-84.98062587770674,3.548387050628662,42.80644989013672,3.4612903594970703
2023,1,31.009843607805884,-82.968399641279,3.706451654434204,40.296775817871094,3.4903225898742676
2023,1,33.02206984423361,-117.03251521509127,3.658064603805542,48.42258071899414,6.354838848114014
2023,1,33.02206984423361,-115.02028897866354,2.880645275115967,30.21290397644043,0.31612902879714966
2023,1,33.02206984423361,-113.00806274223581,2.458064556121826,30.7806453704834,0.9322580695152283
2023,1,33.02206984423361,-110.99583650580809,2.8032257556915283,36.27742004394531,5.59354829788208
2023,1,33.02206984423361,-108.98361026938035,3.6225807666778564,29.051612854003906,2.1677420139312744
2023,1,33.02206984423361,-106.97138403295263,3.845161199569702,21.406452178955078,0.16774192452430725
2023,1,33.02206984423361,-105.03102301925446,3.816128969192505,23.993547439575195,0.5129032135009766
2023,1,33.02206984423361,-103.01879678282673,4.6483869552612305,24.30645179748535,0.29999998211860657
2023,1,33.02206984423361,-101.006570546399,4.699999809265137,27.02903175354004,0.2612903118133545
2023,1,33.02206984423361,-98.99434430997127,4.270967960357666,31.483871459960938,0.800000011920929
2023,1,33.02206984423361,-96.98211807354355,4.345161437988281,40.40967559814453,1.100000023841858
2023,1,33.02206984423361,-94.96989183711581,4.890322685241699,43.129032135009766,2.4161291122436523
2023,1,33.02206984423361,-93.02953082341764,4.029032230377197,48.35161209106445,7.564516067504883
2023,1,33.02206984423361,-91.01730458698992,4.300000190734863,54.2870979309082,5.077419281005859
2023,1,33.02206984423361,-89.0050783505622,4.309677600860596,50.35161209106445,6.81935453414917
2023,1,33.02206984423361,-86.99285211413446,4.167741775512695,48.57419204711914,7.693548202514648
2023,1,33.02206984423361,-84.98062587770674,4.332258224487305,44.4387092590332,5.861290454864502
2023,1,33.02206984423361,-82.968399641279,3.8322579860687256,43.91613006591797,7.448387145996094
2023,1,33.02206984423361,-81.02803862758084,3.9161291122436523,38.706451416015625,4.86774206161499
2023,1,35.03429608066134,-118.97287622878943,3.567741870880127,38.958065032958984,1.0
2023,1,35.03429608066134,-117.03251521509127,2.79677414894104,39.67741775512695,1.3645161390304565
2023,1,35.03429608066134,-115.02028897866354,4.8741936683654785,37.141937255859375,0.874193549156189
2023,1,35.03429608066134,-113.00806274223581,4.409677505493164,38.954837799072266,3.541935443878174
2023,1,35.03429608066134,-110.99583650580809,4.777419567108154,44.00645065307617,0.7516129016876221
2023,1,35.03429608066134,-108.98361026938035,4.238709449768066,36.33225631713867,0.8032258152961731
2023,1,35.03429608066134,-106.97138403295263,3.429032325744629,30.79032325744629,0.2064516246318817
2023,1,35.03429608066134,-105.03102301925446,4.390322685241699,27.2806453704834,0.2451612800359726
2023,1,35.03429608066134,-103.01879678282673,4.800000190734863,27.477418899536133,0.2225806564092636
2023,1,35.03429608066134,-101.006570546399,4.635483741760254,30.183870315551758,0.49677419662475586
2023,1,35.03429608066134,-98.99434430997127,4.190322399139404,36.99354934692383,0.4838709533214569
2023,1,35.03429608066134,-96.98211807354355,5.122580528259277,39.97096633911133,1.1419354677200317
2023,1,35.03429608066134,-94.96989183711581,4.209677219390869,45.62580490112305,1.896774172782898
2023,1,35.03429608066134,-93.02953082341764,3.6935484409332275,48.46128845214844,3.903225898742676
2023,1,35.03429608066134,-91.01730458698992,4.267741680145264,53.709678649902344,6.796774387359619
2023,1,35.03429608066134,-89.0050783505622,4.793548583984375,50.5612907409668,5.561290264129639
2023,1,35.03429608066134,-86.99285211413446,4.861290454864502,50.216129302978516,4.951612949371338
2023,1,35.03429608066134,-84.98062587770674,4.803225994110107,49.99354934692383,5.28064489364624
2023,1,35.03429608066134,-82.968399641279,6.22580623626709,43.14516067504883,6.912903308868408
2023,1,35.03429608066134,-81.02803862758084,3.3258063793182373,41.92580795288086,4.545161247253418
2023,1,35.03429608066134,-79.01581239115312,3.9612903594970703,38.17096710205078,2.8806450366973877
2023,1,35.03429608066134,-77.00358615472538,2.412903308868408,40.19032287597656,3.2580645084381104
2023,1,36.97465709435951,-120.98510246521717,3.658064603805542,53.64838790893555,3.0741937160491943
2023,1,36.97465709435951,-118.97287622878943,3.2645161151885986,41.9774169921875,13.093547821044922
2023,1,36.97465709435951,-117.03251521509127,4.145161151885986,42.67741775512695,1.6838710308074951
2023,1,36.97465709435951,-115.02028897866354,3.254838705062866,34.31935501098633,1.3935483694076538
2023,1,36.97465709435951,-113.00806274223581,3.6290323734283447,45.0,2.700000047683716
2023,1,36.97465709435951,-110.99583650580809,3.6225805282592773,44.780643463134766,1.8096774816513062
2023,1,36.97465709435951,-108.98361026938035,2.3322579860687256,42.00645065307617,1.2225806713104248
2023,1,36.97465709435951,-106.97138403295263,3.7193548679351807,44.18387222290039,2.6032257080078125
2023,1,36.97465709435951,-105.03102301925446,4.448387145996094,34.30967712402344,0.8838709592819214
2023,1,36.97465709435951,-103.01879678282673,4.122580528259277,30.86774253845215,0.2548387050628662
2023,1,36.97465709435951,-101.006570546399,3.683871030807495,33.7645149230957,0.14193548262119293
2023,1,36.97465709435951,-98.99434430997127,3.8096773624420166,37.40645217895508,0.6161290407180786
2023,1,36.97465709435951,-96.98211807354355,4.400000095367432,42.045162200927734,0.7838709354400635
2023,1,36.97465709435951,-94.96989183711581,4.5580644607543945,45.290321350097656,1.4322580099105835
2023,1,36.97465709435951,-93.02953082341764,4.841935634613037,48.7870979309082,2.838709831237793
2023,1,36.97465709435951,-91.01730458698992,4.193548202514648,49.39354705810547,3.6935484409332275
2023,1,36.97465709435951,-89.0050783505622,4.2580647468566895,52.358062744140625,6.045161247253418
2023,1,36.97465709435951,-86.99285211413446,4.516129016876221,50.55806350708008,5.783870697021484
2023,1,36.97465709435951,-84.98062587770674,4.277419567108154,48.59677505493164,4.235483646392822
2023,1,36.97465709435951,-82.968399641279,4.806451797485352,45.954837799072266,3.4870967864990234
2023,1,36.97465709435951,-81.02803862758084,4.44516134262085,42.55806350708008,2.3129031658172607
2023,1,36.97465709435951,-79.01581239115312,3.8774194717407227,43.77096939086914,2.996774196624756
2023,1,36.97465709435951,-77.00358615472538,3.9935483932495117,43.041934967041016,2.4483871459960938
2023,1,38.986883330787236,-122.99732870164489,7.651612758636475,66.91613006591797,11.480645179748535
2023,1,38.986883330787236,-120.98510246521717,4.325806617736816,53.651611328125,10.367741584777832
2023,1,38.986883330787236,-118.97287622878943,3.5838708877563477,47.151611328125,2.0548386573791504
2023,1,38.986883330787236,-117.03251521509127,4.780645370483398,46.32258224487305,1.625806450843811
2023,1,38.986883330787236,-115.02028897866354,4.90645170211792,50.151611328125,2.248387098312378
2023,1,38.986883330787236,-113.00806274223581,2.2806451320648193,51.98387145996094,1.577419400215149
2023,1,38.986883330787236,-110.99583650580809,2.974193572998047,50.6129035949707,2.387096643447876
2023,1,38.986883330787236,-108.98361026938035,2.890322685241699,44.97096633911133,1.396774172782898
2023,1,38.986883330787236,-106.97138403295263,4.841935634613037,48.17096710205078,7.045161247253418
2023,1,38.986883330787236,-105.03102301925446,4.5,46.12580490112305,0.3096774220466614
2023,1,38.986883330787236,-103.01879678282673,3.6451613903045654,45.30967712402344,1.4290322065353394
2023,1,38.986883330787236,-101.006570546399,3.632258176803589,46.60322570800781,0.874193549156189
2023,1,38.986883330787236,-98.99434430997127,4.074193477630615,49.5,0.8838709592819214
2023,1,38.986883330787236,-96.98211807354355,3.9935483932495117,48.935482025146484,1.2870967388153076
2023,1,38.986883330787236,-94.96989183711581,4.325806617736816,49.89677429199219,1.4677419662475586
2023,1,38.986883330787236,-93.02953082341764,4.119354724884033,45.98387145996094,1.0387096405029297
2023,1,38.986883330787236,-91.01730458698992,4.6709675788879395,48.812904357910156,1.6322580575942993
2023,1,38.986883330787236,-89.0050783505622,4.838709831237793,51.57419204711914,2.2096774578094482
2023,1,38.986883330787236,-86.99285211413446,4.690322399139404,54.945159912109375,3.154838800430298
2023,1,38.986883330787236,-84.98062587770674,3.8129031658172607,52.01935577392578,3.525806427001953
2023,1,38.986883330787236,-82.968399641279,4.270967483520508,50.25161361694336,4.977419376373291
2023,1,38.986883330787236,-81.02803862758084,3.954838752746582,51.06451416015625,3.4870967864990234
2023,1,38.986883330787236,-79.01581239115312,4.596774101257324,46.74193572998047,0.6774193644523621
2023,1,38.986883330787236,-77.00358615472538,4.135483741760254,44.80967712402344,1.3580645322799683
2023,1,38.986883330787236,-74.99135991829766,4.8741936683654785,45.20000076293945,1.729032278060913
2023,1,40.999109567214965,-122.99732870164489,5.877419471740723,56.400001525878906,23.648387908935547
2023,1,40.999109567214965,-120.98510246521717,5.070967674255371,52.861289978027344,2.799999952316284
2023,1,40.999109567214965,-118.97287622878943,3.7129032611846924,48.848388671875,0.9387096762657166
2023,1,40.999109567214965,-117.03251521509127,4.31290340423584,52.48064422607422,1.399999976158142
2023,1,40.999109567214965,-115.02028897866354,3.503225803375244,63.303226470947266,1.6161290407180786
2023,1,40.999109567214965,-113.00806274223581,2.0806450843811035,63.73225784301758,2.0806450843811035
2023,1,40.999109567214965,-110.99583650580809,4.68709659576416,48.83548355102539,1.7096774578094482
2023,1,40.999109567214965,-108.98361026938035,4.551612854003906,58.2870979309082,1.6419354677200317
2023,1,40.999109567214965,-106.97138403295263,5.283871173858643,59.225807189941406,6.63225793838501
2023,1,40.999109567214965,-105.03102301925446,4.241935729980469,45.1129035949707,1.0064516067504883
2023,1,40.999109567214965,-103.01879678282673,3.612903118133545,53.82903289794922,2.1064515113830566
2023,1,40.999109567214965,-101.006570546399,3.274193525314331,63.79999923706055,1.419354796409607
2023,1,40.999109567214965,-98.99434430997127,3.799999952316284,55.725807189941406,1.7419354915618896
2023,1,40.999109567214965,-96.98211807354355,4.193548202514648,62.122581481933594,1.0258064270019531
2023,1,40.999109567214965,-94.96989183711581,4.683870792388916,60.4387092590332,1.5193548202514648
2023,1,40.999109567214965,-93.02953082341764,4.467741966247559,61.83871078491211,1.429032325744629
2023,1,40.999109567214965,-91.01730458698992,4.193548202514648,58.9387092590332,1.725806474685669
2023,1,40.999109567214965,-89.0050783505622,4.245161056518555,60.5,1.522580623626709
2023,1,40.999109567214965,-86.99285211413446,4.232257843017578,62.85483932495117,1.5612903833389282
2023,1,40.999109567214965,-84.98062587770674,4.1709675788879395,58.59354782104492,2.403225898742676
2023,1,40.999109567214965,-82.968399641279,4.577419281005859,56.13548278808594,3.338709831237793
2023,1,40.999109567214965,-81.02803862758084,4.622580528259277,60.35161209106445,4.041935443878174
2023,1,40.999109567214965,-79.01581239115312,4.870967864990234,61.66773986816406,3.3741936683654785
2023,1,40.999109567214965,-77.00358615472538,4.703225612640381,52.29999923706055,3.112903118133545
2023,1,40.999109567214965,-74.99135991829766,4.254838466644287,49.57419204711914,3.5064516067504883
2023,1,40.999109567214965,-72.97913368186992,5.196774005889893,47.07096862792969,4.345161437988281
2023,1,43.011335803642694,-122.99732870164489,4.616128921508789,63.44193649291992,2.5806450843811035
2023,1,43.011335803642694,-120.98510246521717,5.1032257080078125,46.08064651489258,0.7967742085456848
2023,1,43.011335803642694,-118.97287622878943,3.6645162105560303,58.33871078491211,1.045161247253418
2023,1,43.011335803642694,-117.03251521509127,5.254838943481445,57.80644989013672,0.8322580456733704
2023,1,43.011335803642694,-115.02028897866354,3.2838709354400635,61.87419509887695,0.8290322422981262
2023,1,43.011335803642694,-113.00806274223581,3.3806450366973877,86.18386840820312,1.0419354438781738
2023,1,43.011335803642694,-110.99583650580809,3.9870967864990234,61.380645751953125,1.6741935014724731
2023,1,43.011335803642694,-108.98361026938035,2.022580623626709,72.09032440185547,1.2419354915618896
2023,1,43.011335803642694,-106.97138403295263,4.977419376373291,52.33871078491211,1.0935484170913696
2023,1,43.011335803642694,-105.03102301925446,3.5322580337524414,49.51612854003906,1.0967742204666138
2023,1,43.011335803642694,-103.01879678282673,3.1645162105560303,49.56451416015625,0.8645161390304565
2023,1,43.011335803642694,-101.006570546399,3.6741936206817627,58.59032440185547,2.090322494506836
2023,1,43.011335803642694,-98.99434430997127,3.9483871459960938,66.32257843017578,2.4903225898742676
2023,1,43.011335803642694,-96.98211807354355,3.6935484409332275,80.3258056640625,1.396774172782898
2023,1,43.011335803642694,-94.96989183711581,4.345161437988281,74.65483856201172,1.725806474685669
2023,1,43.011335803642694,-93.02953082341764,4.641935348510742,69.61612701416016,1.5870968103408813
2023,1,43.011335803642694,-91.01730458698992,3.6645162105560303,68.82903289794922,1.5645160675048828
2023,1,43.011335803642694,-89.0050783505622,4.219354629516602,68.59677124023438,1.4419355392456055
2023,1,43.011335803642694,-84.98062587770674,4.335484027862549,65.66773986816406,2.1516129970550537
2023,1,43.011335803642694,-82.968399641279,4.206451892852783,65.3709716796875,1.6193548440933228
2023,1,43.011335803642694,-79.01581239115312,4.090322494506836,68.1806411743164,2.8322579860687256
2023,1,43.011335803642694,-77.00358615472538,3.9225807189941406,64.16773986816406,2.8774192333221436
2023,1,43.011335803642694,-74.99135991829766,4.009677410125732,63.948387145996094,3.10967755317688
2023,1,43.011335803642694,-72.97913368186992,3.887096881866455,52.696773529052734,4.609677314758301
2023,1,43.011335803642694,-70.9669074454422,4.429032325744629,50.01612854003906,4.990322589874268
2023,1,45.023562040070416,-122.99732870164489,3.2387096881866455,67.46128845214844,2.632258176803589
2023,1,45.023562040070416,-120.98510246521717,3.677419424057007,58.206451416015625,0.6580645442008972
2023,1,45.023562040070416,-118.97287622878943,4.487096786499023,53.37419509887695,0.5967742204666138
2023,1,45.023562040070416,-117.03251521509127,4.345161437988281,53.93225860595703,3.3322579860687256
2023,1,45.023562040070416,-115.02028897866354,4.835484027862549,51.64838790893555,1.8612903356552124
2023,1,45.023562040070416,-113.00806274223581,3.0322580337524414,52.41935348510742,0.34193548560142517
2023,1,45.023562040070416,-110.99583650580809,4.129032135009766,55.383872985839844,2.4709677696228027
2023,1,45.023562040070416,-108.98361026938035,2.6709678173065186,44.93548583984375,0.18387097120285034
2023,1,45.023562040070416,-106.97138403295263,3.5741934776306152,38.532257080078125,0.9645161628723145
2023,1,45.023562040070416,-105.03102301925446,3.4903225898742676,43.10322570800781,1.2645161151885986
2023,1,45.023562040070416,-103.01879678282673,3.4903225898742676,43.35161209106445,0.10967741906642914
2023,1,45.023562040070416,-101.006570546399,3.3709678649902344,60.15483856201172,0.05483870953321457
2023,1,45.023562040070416,-98.99434430997127,2.6967742443084717,72.7741928100586,0.2935484051704407
2023,1,45.023562040070416,-96.98211807354355,4.6258063316345215,75.9483871459961,0.3096774220466614
2023,1,45.023562040070416,-94.96989183711581,4.290322303771973,78.40644836425781,1.1419354677200317
2023,1,45.023562040070416,-93.02953082341764,3.861290216445923,69.79032135009766,1.577419400215149
2023,1,45.023562040070416,-91.01730458698992,3.6516129970550537,69.58064270019531,1.4290322065353394
2023,1,45.023562040070416,-89.0050783505622,4.770967960357666,68.23225402832031,1.2000000476837158
2023,1,45.023562040070416,-84.98062587770674,4.861290454864502,63.73225784301758,1.4096773862838745
2023,1,45.023562040070416,-74.99135991829766,3.6258063316345215,70.70645141601562,3.0580644607543945
2023,1,45.023562040070416,-72.97913368186992,3.596774101257324,57.31612777709961,2.5064516067504883
2023,1,45.023562040070416,-70.9669074454422,5.86774206161499,54.445159912109375,2.3096773624420166
2023,1,47.035788276498145,-122.99732870164489,3.980645179748535,72.38064575195312,5.193548202514648
2023,1,47.035788276498145,-120.98510246521717,3.887096881866455,69.62580871582031,2.9161291122436523
2023,1,47.035788276498145,-118.97287622878943,2.1483871936798096,70.20967864990234,0.8193548321723938
2023,1,47.035788276498145,-117.03251521509127,3.525806427001953,59.290321350097656,1.0354838371276855
2023,1,47.035788276498145,-115.02028897866354,3.4258065223693848,71.01290130615234,2.8548388481140137
2023,1,47.035788276498145,-113.00806274223581,3.8483870029449463,53.541934967041016,0.9451612830162048
2023,1,47.035788276498145,-110.99583650580809,7.051612854003906,65.76773834228516,1.5741935968399048
2023,1,47.035788276498145,-108.98361026938035,3.9000000953674316,39.964515686035156,0.39677420258522034
2023,1,47.035788276498145,-106.97138403295263,4.05483865737915,46.47096633911133,0.10967741906642914
2023,1,47.035788276498145,-105.03102301925446,3.458064556121826,56.274192810058594,0.0741935521364212
2023,1,47.035788276498145,-103.01879678282673,3.6709678173065186,66.37096405029297,0.16129031777381897
2023,1,47.035788276498145,-101.006570546399,3.429032325744629,78.4258041381836,0.3612903356552124
2023,1,47.035788276498145,-98.99434430997127,4.067741870880127,78.30322265625,0.17741934955120087
2023,1,47.035788276498145,-96.98211807354355,3.20322585105896,83.42903137207031,0.18709677457809448
2023,1,47.035788276498145,-94.96989183711581,4.277419567108154,62.93225860595703,0.33225807547569275
2023,1,47.035788276498145,-93.02953082341764,4.051612854003906,71.05806732177734,0.8032258152961731
2023,1,47.035788276498145,-89.0050783505622,5.541935443878174,65.33870697021484,1.1677418947219849
2023,1,48.97614929019631,-122.99732870164489,2.270967721939087,66.41613006591797,3.0774192810058594
2023,1,48.97614929019631,-120.98510246521717,4.925806522369385,69.651611328125,2.838709831237793
2023,1,48.97614929019631,-118.97287622878943,2.003225803375244,73.28386688232422,1.422580599784851
2023,1,48.97614929019631,-117.03251521509127,3.70322585105896,88.61935424804688,4.222580909729004
2023,1,48.97614929019631,-115.02028897866354,3.9387097358703613,71.08386993408203,0.8290322422981262
2023,1,48.97614929019631,-113.00806274223581,4.122580528259277,47.209678649902344,0.9032257795333862
2023,1,48.97614929019631,-110.99583650580809,4.364516258239746,50.26129150390625,0.07741935551166534
2023,1,48.97614929019631,-108.98361026938035,3.8096773624420166,64.23226165771484,0.2612903118133545
2023,1,48.97614929019631,-106.97138403295263,3.5806450843811035,77.5516128540039,0.07741935551166534
2023,1,48.97614929019631,-105.03102301925446,3.3354837894439697,76.55484008789062,0.14193548262119293
2023,1,48.97614929019631,-103.01879678282673,3.1322579383850098,87.90322875976562,0.09354838728904724
2023,1,48.97614929019631,-101.006570546399,2.8354837894439697,89.85806274414062,0.1322580724954605
2023,1,48.97614929019631,-98.99434430997127,3.2903225421905518,87.92903137207031,0.11935483664274216
2023,1,48.97614929019631,-96.98211807354355,3.1967742443084717,89.4774169921875,0.2290322482585907
2023,1,48.97614929019631,-94.96989183711581,2.7645161151885986,74.69677734375,0.2290322631597519
2023,2,26.985391134950426,-98.99434430997127,3.8607141971588135,26.15357208251953,0.07857143133878708
2023,2,26.985391134950426,-81.02803862758084,3.182142972946167,44.789283752441406,0.7857142686843872
2023,2,28.997617371378155,-98.99434430997127,3.4392857551574707,30.996427536010742,0.3321428596973419
2023,2,28.997617371378155,-96.98211807354355,4.1785712242126465,44.64285659790039,0.625
2023,2,28.997617371378155,-81.02803862758084,3.585714340209961,41.0428581237793,0.9071428775787354
2023,2,31.009843607805884,-105.03102301925446,4.35357141494751,18.52857208251953,0.1071428582072258
2023,2,31.009843607805884,-103.01879678282673,4.189285755157471,18.424999237060547,0.5
2023,2,31.009843607805884,-101.006570546399,4.6964287757873535,23.292858123779297,0.6607142686843872
2023,2,31.009843607805884,-98.99434430997127,4.710714340209961,31.72142791748047,0.7714285850524902
2023,2,31.009843607805884,-96.98211807354355,4.435714244842529,41.45357131958008,1.7892857789993286
2023,2,31.009843607805884,-94.96989183711581,4.153571605682373,41.81785583496094,2.135714292526245
2023,2,31.009843607805884,-93.02953082341764,4.714285850524902,46.81071472167969,5.003571510314941
2023,2,31.009843607805884,-91.01730458698992,4.592857360839844,47.05356979370117,4.785714626312256
2023,2,31.009843607805884,-89.0050783505622,4.328571319580078,44.80357360839844,3.828571319580078
2023,2,31.009843607805884,-86.99285211413446,4.264285564422607,44.789283752441406,2.203571319580078
2023,2,31.009843607805884,-84.98062587770674,3.8142857551574707,44.978572845458984,2.153571367263794
2023,2,31.009843607805884,-82.968399641279,3.9357142448425293,42.03928756713867,4.703571319580078
2023,2,33.02206984423361,-117.03251521509127,4.099999904632568,38.56785583496094,2.825000047683716
2023,2,33.02206984423361,-115.02028897866354,3.278571367263794,22.66428565979004,0.04642857238650322
2023,2,33.02206984423361,-113.00806274223581,3.125,23.575000762939453,0.20714285969734192
2023,2,33.02206984423361,-110.99583650580809,3.6285715103149414,30.703571319580078,1.6321429014205933
2023,2,33.02206984423361,-108.98361026938035,4.710714340209961,25.0,1.3928570747375488
2023,2,33.02206984423361,-106.97138403295263,4.642857074737549,19.196428298950195,0.13928571343421936
2023,2,33.02206984423361,-105.03102301925446,4.5,19.66428565979004,0.12857143580913544
2023,2,33.02206984423361,-103.01879678282673,5.342857360839844,19.735713958740234,0.15714286267757416
2023,2,33.02206984423361,-101.006570546399,5.160714149475098,23.032142639160156,0.3285714387893677
2023,2,33.02206984423361,-98.99434430997127,4.5714287757873535,32.93571472167969,1.6178570985794067
2023,2,33.02206984423361,-96.98211807354355,4.664285659790039,42.92856979370117,3.924999952316284
2023,2,33.02206984423361,-94.96989183711581,5.0821428298950195,43.07857131958008,3.9071428775787354
2023,2,33.02206984423361,-93.02953082341764,4.349999904632568,44.228572845458984,3.0892856121063232
2023,2,33.02206984423361,-91.01730458698992,4.589285850524902,48.246429443359375,3.2928571701049805
2023,2,33.02206984423361,-89.0050783505622,4.574999809265137,45.18928527832031,6.900000095367432
2023,2,33.02206984423361,-86.99285211413446,4.232142925262451,45.092857360839844,7.0321431159973145
2023,2,33.02206984423361,-84.98062587770674,4.471428394317627,44.05714416503906,2.6464285850524902
2023,2,33.02206984423361,-82.968399641279,3.892857074737549,40.32500076293945,3.182142734527588
2023,2,33.02206984423361,-81.02803862758084,4.224999904632568,38.58928680419922,4.4464287757873535
2023,2,35.03429608066134,-118.97287622878943,3.8035714626312256,32.35714340209961,2.0142858028411865
2023,2,35.03429608066134,-117.03251521509127,3.357142925262451,23.953571319580078,1.2178571224212646
2023,2,35.03429608066134,-115.02028897866354,5.224999904632568,23.15357208251953,0.46071428060531616
2023,2,35.03429608066134,-113.00806274223581,4.828571319580078,26.43214225769043,1.5607142448425293
2023,2,35.03429608066134,-110.99583650580809,4.903571605682373,33.264286041259766,0.3142857253551483
2023,2,35.03429608066134,-108.98361026938035,4.296428680419922,25.010713577270508,0.7535714507102966
2023,2,35.03429608066134,-106.97138403295263,3.8892858028411865,22.235713958740234,0.32499998807907104
2023,2,35.03429608066134,-105.03102301925446,5.110714435577393,20.375,0.35357141494750977
2023,2,35.03429608066134,-103.01879678282673,5.742856979370117,18.132143020629883,0.0892857164144516
2023,2,35.03429608066134,-101.006570546399,5.514285564422607,18.94285774230957,0.30714285373687744
2023,2,35.03429608066134,-98.99434430997127,4.724999904632568,33.025001525878906,0.8035714626312256
2023,2,35.03429608066134,-96.98211807354355,5.5821428298950195,40.44285583496094,3.1892857551574707
2023,2,35.03429608066134,-94.96989183711581,4.171428680419922,46.47142791748047,4.682142734527588
2023,2,35.03429608066134,-93.02953082341764,3.924999952316284,46.69285583496094,6.574999809265137
2023,2,35.03429608066134,-91.01730458698992,4.589285850524902,48.967857360839844,3.067857265472412
2023,2,35.03429608066134,-89.0050783505622,4.97857141494751,45.04999923706055,4.282142639160156
2023,2,35.03429608066134,-86.99285211413446,5.035714149475098,48.21428680419922,4.85357141494751
2023,2,35.03429608066134,-84.98062587770674,5.150000095367432,46.77857208251953,4.539285659790039
2023,2,35.03429608066134,-82.968399641279,6.507143020629883,41.47142791748047,4.392857074737549
2023,2,35.03429608066134,-81.02803862758084,3.6464285850524902,37.89285659790039,3.0142858028411865
2023,2,35.03429608066134,-79.01581239115312,4.3214287757873535,38.45000076293945,2.5428571701049805
2023,2,35.03429608066134,-77.00358615472538,3.1964285373687744,40.08928680419922,3.1178572177886963
2023,2,36.97465709435951,-120.98510246521717,3.221428632736206,43.96071243286133,1.3321428298950195
2023,2,36.97465709435951,-118.97287622878943,3.0999999046325684,35.36428451538086,8.142857551574707
2023,2,36.97465709435951,-117.03251521509127,4.074999809265137,22.042856216430664,0.6535714268684387
2023,2,36.97465709435951,-115.02028897866354,3.739285707473755,17.367856979370117,0.41428571939468384
2023,2,36.97465709435951,-113.00806274223581,4.242856979370117,25.65357208251953,1.1607142686843872
2023,2,36.97465709435951,-110.99583650580809,4.060714244842529,28.90357208251953,0.6642857193946838
2023,2,36.97465709435951,-108.98361026938035,2.4642856121063232,32.003570556640625,0.6499999761581421
2023,2,36.97465709435951,-106.97138403295263,3.9000000953674316,30.08571434020996,1.6928571462631226
2023,2,36.97465709435951,-105.03102301925446,5.0821428298950195,24.59642791748047,1.389285683631897
2023,2,36.97465709435951,-103.01879678282673,4.9571428298950195,17.592857360839844,0.44285714626312256
2023,2,36.97465709435951,-101.006570546399,4.517857074737549,20.43214225769043,0.514285683631897
2023,2,36.97465709435951,-98.99434430997127,4.442857265472412,25.689285278320312,0.38928571343421936
2023,2,36.97465709435951,-96.98211807354355,4.800000190734863,36.003570556640625,1.3142857551574707
2023,2,36.97465709435951,-94.96989183711581,4.753571510314941,43.503570556640625,2.875
2023,2,36.97465709435951,-93.02953082341764,5.0535712242126465,41.353572845458984,3.1678571701049805
2023,2,36.97465709435951,-91.01730458698992,4.4464287757873535,38.782142639160156,2.5642857551574707
2023,2,36.97465709435951,-89.0050783505622,4.371428489685059,43.43571472167969,3.932142972946167
2023,2,36.97465709435951,-86.99285211413446,4.639285564422607,44.09642791748047,4.635714530944824
2023,2,36.97465709435951,-84.98062587770674,4.310714244842529,43.335716247558594,3.9785714149475098
2023,2,36.97465709435951,-82.968399641279,4.996428489685059,41.2928581237793,5.4178571701049805
2023,2,36.97465709435951,-81.02803862758084,4.839285850524902,36.389286041259766,3.239285707473755
2023,2,36.97465709435951,-79.01581239115312,4.453571319580078,35.63571548461914,2.2571427822113037
2023,2,36.97465709435951,-77.00358615472538,4.442857265472412,38.10714340209961,2.0321428775787354
2023,2,38.986883330787236,-122.99732870164489,6.535714149475098,46.75714111328125,3.835714340209961
2023,2,38.986883330787236,-120.98510246521717,3.357142686843872,47.349998474121094,3.7142858505249023
2023,2,38.986883330787236,-118.97287622878943,3.7642855644226074,32.32143020629883,0.7714285254478455
2023,2,38.986883330787236,-117.03251521509127,4.714285850524902,27.375,0.3285714387893677
2023,2,38.986883330787236,-115.02028897866354,4.9178571701049805,31.27142906188965,0.8964285850524902
2023,2,38.986883330787236,-113.00806274223581,2.3107142448425293,34.9571418762207,0.5428571701049805
2023,2,38.986883330787236,-110.99583650580809,3.2178571224212646,34.68571472167969,0.3214285671710968
2023,2,38.986883330787236,-108.98361026938035,3.0892856121063232,34.06071472167969,1.2107142210006714
2023,2,38.986883330787236,-106.97138403295263,5.060714244842529,32.38214111328125,4.0821428298950195
2023,2,38.986883330787236,-105.03102301925446,5.117856979370117,27.72857093811035,0.47857144474983215
2023,2,38.986883330787236,-103.01879678282673,3.932142734527588,25.010713577270508,0.31785714626312256
2023,2,38.986883330787236,-101.006570546399,4.121428489685059,27.939285278320312,0.7607142925262451
2023,2,38.986883330787236,-98.99434430997127,4.664285659790039,31.339284896850586,0.3928571343421936
2023,2,38.986883330787236,-96.98211807354355,4.328571319580078,35.039283752441406,0.875
2023,2,38.986883330787236,-94.96989183711581,4.703571319580078,41.74285888671875,2.1714284420013428
2023,2,38.986883330787236,-93.02953082341764,4.39642858505249,39.51785659790039,2.203571319580078
2023,2,38.986883330787236,-91.01730458698992,4.9571428298950195,39.878570556640625,2.2357144355773926
2023,2,38.986883330787236,-89.0050783505622,5.067857265472412,39.00714111328125,1.6107141971588135
2023,2,38.986883330787236,-86.99285211413446,5.0428571701049805,40.81785583496094,2.9964284896850586
2023,2,38.986883330787236,-84.98062587770674,4.22857141494751,39.871429443359375,2.2928571701049805
2023,2,38.986883330787236,-82.968399641279,4.807142734527588,36.56785583496094,1.9428571462631226
2023,2,38.986883330787236,-81.02803862758084,4.314285755157471,39.20000076293945,2.6214284896850586
2023,2,38.986883330787236,-79.01581239115312,5.007143020629883,36.478572845458984,1.9571428298950195
2023,2,38.986883330787236,-77.00358615472538,4.492856979370117,36.7928581237793,1.7285714149475098
2023,2,38.986883330787236,-74.99135991829766,5.028571605682373,38.460716247558594,1.3071428537368774
2023,2,40.999109567214965,-122.99732870164489,4.614285469055176,49.978572845458984,6.139285564422607
2023,2,40.999109567214965,-120.98510246521717,4.900000095367432,36.735713958740234,1.4678571224212646
2023,2,40.999109567214965,-118.97287622878943,3.942857027053833,30.867856979370117,0.2678571343421936
2023,2,40.999109567214965,-117.03251521509127,4.278571605682373,36.82143020629883,0.3642857074737549
2023,2,40.999109567214965,-115.02028897866354,3.557142734527588,47.132144927978516,0.6964285373687744
2023,2,40.999109567214965,-113.00806274223581,2.174999952316284,42.97142791748047,1.0607142448425293
2023,2,40.999109567214965,-110.99583650580809,5.575000286102295,31.47857093811035,1.0892857313156128
2023,2,40.999109567214965,-108.98361026938035,5.064285755157471,34.771427154541016,0.8178571462631226
2023,2,40.999109567214965,-106.97138403295263,6.224999904632568,37.96071243286133,3.135714292526245
2023,2,40.999109567214965,-105.03102301925446,5.389285564422607,24.707141876220703,0.30714285373687744
2023,2,40.999109567214965,-103.01879678282673,4.4178571701049805,32.746429443359375,0.32499998807907104
2023,2,40.999109567214965,-101.006570546399,4.25,40.764286041259766,0.0535714291036129
2023,2,40.999109567214965,-98.99434430997127,4.739285469055176,43.69285583496094,0.9357143044471741
2023,2,40.999109567214965,-96.98211807354355,4.900000095367432,46.15357208251953,1.210714340209961
2023,2,40.999109567214965,-94.96989183711581,5.289285659790039,46.717857360839844,2.7642855644226074
2023,2,40.999109567214965,-93.02953082341764,5.114285469055176,46.73928451538086,2.7928571701049805
2023,2,40.999109567214965,-91.01730458698992,4.875,44.11785888671875,2.703571319580078
2023,2,40.999109567214965,-89.0050783505622,4.9464287757873535,43.57857131958008,3.142857313156128
2023,2,40.999109567214965,-86.99285211413446,4.764285564422607,42.18214416503906,4.210714340209961
2023,2,40.999109567214965,-84.98062587770674,4.7071428298950195,39.764286041259766,3.8607144355773926
2023,2,40.999109567214965,-82.968399641279,5.110714435577393,38.20357131958008,2.75
2023,2,40.999109567214965,-81.02803862758084,5.289285659790039,37.80714416503906,1.5357142686843872
2023,2,40.999109567214965,-79.01581239115312,5.507143020629883,37.746429443359375,1.5964285135269165
2023,2,40.999109567214965,-77.00358615472538,5.289285659790039,35.20357131958008,1.1571428775787354
2023,2,40.999109567214965,-74.99135991829766,4.589285850524902,34.599998474121094,1.0785714387893677
2023,2,40.999109567214965,-72.97913368186992,5.467857360839844,39.67142868041992,1.6392858028411865
2023,2,43.011335803642694,-122.99732870164489,3.778571367263794,55.40357208251953,2.5464284420013428
2023,2,43.011335803642694,-120.98510246521717,4.782142639160156,33.217857360839844,0.3107142746448517
2023,2,43.011335803642694,-118.97287622878943,3.700000047683716,39.139286041259766,0.25357142090797424
2023,2,43.011335803642694,-117.03251521509127,5.3035712242126465,37.81428527832031,0.5428571105003357
2023,2,43.011335803642694,-115.02028897866354,3.4678571224212646,43.021427154541016,0.3035714328289032
2023,2,43.011335803642694,-113.00806274223581,3.710714340209961,69.97856903076172,0.5642856955528259
2023,2,43.011335803642694,-110.99583650580809,5.089285850524902,45.103572845458984,1.3107142448425293
2023,2,43.011335803642694,-108.98361026938035,2.7428572177886963,49.07857131958008,0.925000011920929
2023,2,43.011335803642694,-106.97138403295263,6.4571428298950195,35.58571243286133,0.4214285612106323
2023,2,43.011335803642694,-105.03102301925446,4.714285850524902,31.77142906188965,0.46071428060531616
2023,2,43.011335803642694,-103.01879678282673,4.0535712242126465,31.549999237060547,0.42500001192092896
2023,2,43.011335803642694,-101.006570546399,4.985714435577393,40.2071418762207,0.6499999761581421
2023,2,43.011335803642694,-98.99434430997127,4.807142734527588,49.56785583496094,0.5928571820259094
2023,2,43.011335803642694,-96.98211807354355,4.185714244842529,66.60714721679688,0.8107143044471741
2023,2,43.011335803642694,-94.96989183711581,4.907142639160156,63.13571548461914,1.5750000476837158
2023,2,43.011335803642694,-93.02953082341764,5.410714149475098,56.86428451538086,1.9142857789993286
2023,2,43.011335803642694,-91.01730458698992,4.724999904632568,50.96071243286133,2.078571319580078
2023,2,43.011335803642694,-89.0050783505622,5.546428680419922,52.91428756713867,3.075000047683716
2023,2,43.011335803642694,-84.98062587770674,5.810714244842529,48.18571472167969,3.567857265472412
2023,2,43.011335803642694,-82.968399641279,5.6571431159973145,48.94643020629883,2.6785714626312256
2023,2,43.011335803642694,-79.01581239115312,5.60357141494751,48.110713958740234,2.1785714626312256
2023,2,43.011335803642694,-77.00358615472538,5.164285659790039,43.92499923706055,2.0607142448425293
2023,2,43.011335803642694,-74.99135991829766,4.921428680419922,44.58928680419922,1.9214285612106323
2023,2,43.011335803642694,-72.97913368186992,4.814285755157471,34.94285583496094,2.3785712718963623
2023,2,43.011335803642694,-70.9669074454422,4.785714149475098,37.49285888671875,1.024999976158142
2023,2,45.023562040070416,-122.99732870164489,3.414285659790039,63.84642791748047,1.9214285612106323
2023,2,45.023562040070416,-120.98510246521717,4.3321428298950195,46.30356979370117,0.3321428596973419
2023,2,45.023562040070416,-118.97287622878943,4.328571319580078,43.639286041259766,0.824999988079071
2023,2,45.023562040070416,-117.03251521509127,4.5,42.514286041259766,3.192857027053833
2023,2,45.023562040070416,-115.02028897866354,5.692857265472412,39.960716247558594,1.735714316368103
2023,2,45.023562040070416,-113.00806274223581,4.217857360839844,42.224998474121094,0.22142857313156128
2023,2,45.023562040070416,-110.99583650580809,5.760714530944824,42.68928527832031,3.4214284420013428
2023,2,45.023562040070416,-108.98361026938035,3.4749999046325684,36.54999923706055,0.38928571343421936
2023,2,45.023562040070416,-106.97138403295263,4.253571510314941,35.81428527832031,1.2714285850524902
2023,2,45.023562040070416,-105.03102301925446,4.335714340209961,36.52857208251953,1.5678571462631226
2023,2,45.023562040070416,-103.01879678282673,4.5,33.503570556640625,0.4535714387893677
2023,2,45.023562040070416,-101.006570546399,4.692857265472412,42.82857131958008,0.37857142090797424
2023,2,45.023562040070416,-98.99434430997127,3.6464285850524902,54.70357131958008,0.39642858505249023
2023,2,45.023562040070416,-96.98211807354355,5.578571319580078,60.875,0.7964285612106323
2023,2,45.023562040070416,-94.96989183711581,4.85357141494751,64.21428680419922,1.1357142925262451
2023,2,45.023562040070416,-93.02953082341764,4.242856979370117,55.46428680419922,2.0071427822113037
2023,2,45.023562040070416,-91.01730458698992,4.4285712242126465,52.23928451538086,1.8964284658432007
2023,2,45.023562040070416,-89.0050783505622,6.017857074737549,50.45357131958008,2.0928571224212646
2023,2,45.023562040070416,-84.98062587770674,6.474999904632568,54.625,2.1107141971588135
2023,2,45.023562040070416,-74.99135991829766,4.885714054107666,57.20357131958008,1.5178570747375488
2023,2,45.023562040070416,-72.97913368186992,4.732142925262451,44.032142639160156,1.485714316368103
2023,2,45.023562040070416,-70.9669074454422,6.842857360839844,42.43928527832031,1.2928571701049805
2023,2,47.035788276498145,-122.99732870164489,4.492856979370117,64.65714263916016,3.8964285850524902
2023,2,47.035788276498145,-120.98510246521717,3.9357142448425293,54.139286041259766,3.664285659790039
2023,2,47.035788276498145,-118.97287622878943,3.2249999046325684,45.31071472167969,0.21071428060531616
2023,2,47.035788276498145,-117.03251521509127,4.492856979370117,49.02857208251953,1.1678571701049805
2023,2,47.035788276498145,-115.02028897866354,4.217857360839844,58.64285659790039,6.210714340209961
2023,2,47.035788276498145,-113.00806274223581,5.3321428298950195,38.996429443359375,0.8214285969734192
2023,2,47.035788276498145,-110.99583650580809,9.446428298950195,47.735713958740234,1.9214285612106323
2023,2,47.035788276498145,-108.98361026938035,4.742856979370117,33.967857360839844,0.7178571224212646
2023,2,47.035788276498145,-106.97138403295263,5.099999904632568,37.853572845458984,0.31785714626312256
2023,2,47.035788276498145,-105.03102301925446,4.314285755157471,42.05714416503906,0.3499999940395355
2023,2,47.035788276498145,-103.01879678282673,4.714285850524902,48.228572845458984,0.3392857015132904
2023,2,47.035788276498145,-101.006570546399,4.553571701049805,57.67499923706055,0.4107142984867096
2023,2,47.035788276498145,-98.99434430997127,5.378571510314941,63.21428680419922,0.178571417927742
2023,2,47.035788276498145,-96.98211807354355,4.057142734527588,70.68214416503906,0.42500001192092896
2023,2,47.035788276498145,-94.96989183711581,5.135714530944824,50.1678581237793,0.5928571224212646
2023,2,47.035788276498145,-93.02953082341764,4.5928568840026855,53.82857131958008,1.1571428775787354
2023,2,47.035788276498145,-89.0050783505622,6.22857141494751,59.610713958740234,1.4321428537368774
2023,2,48.97614929019631,-122.99732870164489,2.7750000953674316,59.639286041259766,2.0892856121063232
2023,2,48.97614929019631,-120.98510246521717,6.150000095367432,64.14286041259766,4.528571605682373
2023,2,48.97614929019631,-118.97287622878943,2.5642857551574707,59.0,0.3464285731315613
2023,2,48.97614929019631,-117.03251521509127,5.0535712242126465,72.26071166992188,3.5428571701049805
2023,2,48.97614929019631,-115.02028897866354,5.935714244842529,51.782142639160156,1.5642857551574707
2023,2,48.97614929019631,-113.00806274223581,4.932142734527588,47.407142639160156,1.221428632736206
2023,2,48.97614929019631,-110.99583650580809,5.796428680419922,44.28928756713867,0.22499999403953552
2023,2,48.97614929019631,-108.98361026938035,5.02142858505249,57.628570556640625,0.34285715222358704
2023,2,48.97614929019631,-106.97138403295263,4.757143020629883,62.728572845458984,0.18214285373687744
2023,2,48.97614929019631,-105.03102301925446,4.203571319580078,60.9178581237793,0.14999999105930328
2023,2,48.97614929019631,-103.01879678282673,3.8892858028411865,71.23928833007812,0.0892857164144516
2023,2,48.97614929019631,-101.006570546399,3.6785714626312256,68.92857360839844,0.13928571343421936
2023,2,48.97614929019631,-98.99434430997127,4.407142639160156,71.4607162475586,0.3571428656578064
2023,2,48.97614929019631,-96.98211807354355,4.242856979370117,67.55714416503906,0.10357142984867096
2023,2,48.97614929019631,-94.96989183711581,3.8535714149475098,54.59642791748047,0.18928571045398712
2023,3,26.985391134950426,-98.99434430997127,4.477419376373291,30.041934967041016,0.5
2023,3,26.985391134950426,-81.02803862758084,3.3806450366973877,39.054840087890625,1.8032257556915283
2023,3,28.997617371378155,-98.99434430997127,4.016129016876221,32.209678649902344,1.1161290407180786
2023,3,28.997617371378155,-96.98211807354355,5.012903213500977,46.73870849609375,0.7709677219390869
2023,3,28.997617371378155,-81.02803862758084,3.7193548679351807,39.19355010986328,0.8387096524238586
2023,3,31.009843607805884,-105.03102301925446,4.680644989013672,13.203226089477539,0.0
2023,3,31.009843607805884,-103.01879678282673,4.248386859893799,13.41290283203125,0.29032257199287415
2023,3,31.009843607805884,-101.006570546399,5.2580647468566895,25.05806541442871,0.7129032611846924
2023,3,31.009843607805884,-98.99434430997127,5.109677314758301,31.177419662475586,0.8032258152961731
2023,3,31.009843607805884,-96.98211807354355,4.745161533355713,40.89677429199219,1.5129032135009766
2023,3,31.009843607805884,-94.96989183711581,4.716128826141357,42.00322723388672,2.180645227432251
2023,3,31.009843607805884,-93.02953082341764,5.229032039642334,44.629032135009766,2.383871078491211
2023,3,31.009843607805884,-91.01730458698992,4.8967742919921875,44.72257995605469,3.1290323734283447
2023,3,31.009843607805884,-89.0050783505622,4.3967742919921875,40.31612777709961,3.2806451320648193
2023,3,31.009843607805884,-86.99285211413446,4.287096977233887,40.99032211303711,4.935483932495117
2023,3,31.009843607805884,-84.98062587770674,3.954838752746582,43.535484313964844,5.96129035949707
2023,3,31.009843607805884,-82.968399641279,4.0354838371276855,39.84193420410156,3.274193525314331
2023,3,33.02206984423361,-117.03251521509127,3.4451613426208496,56.14516067504883,5.77419376373291
2023,3,33.02206984423361,-115.02028897866354,3.0064516067504883,23.706451416015625,0.32258063554763794
2023,3,33.02206984423361,-113.00806274223581,2.722580671310425,24.33548355102539,0.6612903475761414
2023,3,33.02206984423361,-110.99583650580809,3.1483871936798096,30.064516067504883,1.7806452512741089
2023,3,33.02206984423361,-108.98361026938035,4.68709659576416,24.777420043945312,0.5322580337524414
2023,3,33.02206984423361,-106.97138403295263,4.822580814361572,17.2193546295166,0.2709677517414093
2023,3,33.02206984423361,-105.03102301925446,4.483870983123779,13.906451225280762,0.07741935551166534
2023,3,33.02206984423361,-103.01879678282673,5.006451606750488,13.27419376373291,0.0
2023,3,33.02206984423361,-101.006570546399,5.096774101257324,20.92258071899414,0.025806451216340065
2023,3,33.02206984423361,-98.99434430997127,4.864516258239746,34.09677505493164,1.7677419185638428
2023,3,33.02206984423361,-96.98211807354355,4.990322589874268,41.18387222290039,1.3677419424057007
2023,3,33.02206984423361,-94.96989183711581,5.316129207611084,40.358062744140625,2.0741934776306152
2023,3,33.02206984423361,-93.02953082341764,4.699999809265137,42.6741943359375,3.254838705062866
2023,3,33.02206984423361,-91.01730458698992,4.748387336730957,45.967742919921875,3.8290324211120605
2023,3,33.02206984423361,-89.0050783505622,4.46129035949707,41.84193420410156,3.7419354915618896
2023,3,33.02206984423361,-86.99285211413446,4.209677219390869,39.129032135009766,6.270967483520508
2023,3,33.02206984423361,-84.98062587770674,4.36774206161499,38.274192810058594,9.716129302978516
2023,3,33.02206984423361,-82.968399641279,3.935483932495117,37.296775817871094,4.883871078491211
2023,3,33.02206984423361,-81.02803862758084,4.1483869552612305,37.641937255859375,2.200000047683716
2023,3,35.03429608066134,-118.97287622878943,3.6741936206817627,45.07096862792969,2.929032325744629
2023,3,35.03429608066134,-117.03251521509127,3.367741823196411,43.464515686035156,2.3032257556915283
2023,3,35.03429608066134,-115.02028897866354,4.5354838371276855,33.122581481933594,0.8612903356552124
2023,3,35.03429608066134,-113.00806274223581,4.46129035949707,30.299999237060547,3.635483980178833
2023,3,35.03429608066134,-110.99583650580809,5.348387241363525,33.877418518066406,0.48064514994621277
2023,3,35.03429608066134,-108.98361026938035,4.94516134262085,29.08709716796875,1.4096773862838745
2023,3,35.03429608066134,-106.97138403295263,4.383871078491211,22.535484313964844,0.4354838728904724
2023,3,35.03429608066134,-105.03102301925446,4.983870983123779,16.638710021972656,0.47096773982048035
2023,3,35.03429608066134,-103.01879678282673,5.332258224487305,15.058064460754395,0.30000001192092896
2023,3,35.03429608066134,-101.006570546399,4.993548393249512,20.583871841430664,0.12580645084381104
2023,3,35.03429608066134,-98.99434430997127,4.8290324211120605,34.551612854003906,0.3709677457809448
2023,3,35.03429608066134,-96.98211807354355,5.77419376373291,40.045162200927734,3.2806451320648193
2023,3,35.03429608066134,-94.96989183711581,4.583870887756348,43.187095642089844,5.287096977233887
2023,3,35.03429608066134,-93.02953082341764,4.122580528259277,44.2129020690918,7.748386859893799
2023,3,35.03429608066134,-91.01730458698992,4.512903213500977,47.32903289794922,6.467741966247559
2023,3,35.03429608066134,-89.0050783505622,4.854838848114014,42.22257995605469,5.893548488616943
2023,3,35.03429608066134,-86.99285211413446,4.880645275115967,41.0,5.46129035949707
2023,3,35.03429608066134,-84.98062587770674,5.154838562011719,39.099998474121094,4.680644989013672
2023,3,35.03429608066134,-82.968399641279,5.900000095367432,33.967742919921875,3.6258063316345215
2023,3,35.03429608066134,-81.02803862758084,3.429032325744629,35.31935501098633,2.5806450843811035
2023,3,35.03429608066134,-79.01581239115312,4.358064651489258,35.5387077331543,2.8354837894439697
2023,3,35.03429608066134,-77.00358615472538,3.403225898742676,38.796775817871094,2.316128969192505
2023,3,36.97465709435951,-120.98510246521717,3.4935483932495117,52.9387092590332,2.5612902641296387
2023,3,36.97465709435951,-118.97287622878943,3.251612901687622,56.7129020690918,17.680644989013672
2023,3,36.97465709435951,-117.03251521509127,4.099999904632568,36.064517974853516,1.70322585105896
2023,3,36.97465709435951,-115.02028897866354,3.548387050628662,25.74838638305664,1.1516128778457642
2023,3,36.97465709435951,-113.00806274223581,3.8322579860687256,33.57096862792969,3.435483932495117
2023,3,36.97465709435951,-110.99583650580809,4.7354841232299805,27.600000381469727,1.6709678173065186
2023,3,36.97465709435951,-108.98361026938035,2.890322685241699,30.645160675048828,1.422580599784851
2023,3,36.97465709435951,-106.97138403295263,4.2354841232299805,34.2870979309082,4.112903118133545
2023,3,36.97465709435951,-105.03102301925446,5.541935443878174,27.487096786499023,1.1516128778457642
2023,3,36.97465709435951,-103.01879678282673,5.287096977233887,18.20967674255371,0.06451612710952759
2023,3,36.97465709435951,-101.006570546399,4.706451416015625,21.15483856201172,0.106451615691185
2023,3,36.97465709435951,-98.99434430997127,4.900000095367432,26.187097549438477,0.029032256454229355
2023,3,36.97465709435951,-96.98211807354355,5.432258129119873,34.706451416015625,0.3677419424057007
2023,3,36.97465709435951,-94.96989183711581,5.1258063316345215,42.599998474121094,2.5290322303771973
2023,3,36.97465709435951,-93.02953082341764,5.358064651489258,41.33225631713867,7.983870983123779
2023,3,36.97465709435951,-91.01730458698992,4.532258033752441,39.141937255859375,7.264516353607178
2023,3,36.97465709435951,-89.0050783505622,4.506451606750488,43.283870697021484,7.174193382263184
2023,3,36.97465709435951,-86.99285211413446,4.729032039642334,40.796775817871094,4.529032230377197
2023,3,36.97465709435951,-84.98062587770674,4.300000190734863,38.67741775512695,2.954838752746582
2023,3,36.97465709435951,-82.968399641279,4.780645370483398,33.206451416015625,2.5096774101257324
2023,3,36.97465709435951,-81.02803862758084,4.741935729980469,33.032257080078125,1.622580647468567
2023,3,36.97465709435951,-79.01581239115312,4.203225612640381,32.187095642089844,1.293548345565796
2023,3,36.97465709435951,-77.00358615472538,4.309677600860596,35.29999923706055,1.6387096643447876
2023,3,38.986883330787236,-122.99732870164489,6.012903213500977,67.5,10.512903213500977
2023,3,38.986883330787236,-120.98510246521717,3.677419424057007,57.1741943359375,9.670968055725098
2023,3,38.986883330787236,-118.97287622878943,3.70322585105896,38.609676361083984,2.4677419662475586
2023,3,38.986883330787236,-117.03251521509127,4.519354820251465,33.10322570800781,1.5838710069656372
2023,3,38.986883330787236,-115.02028897866354,5.029032230377197,38.303226470947266,2.293548345565796
2023,3,38.986883330787236,-113.00806274223581,2.9677419662475586,33.93225860595703,1.670967698097229
2023,3,38.986883330787236,-110.99583650580809,3.79677414894104,38.458065032958984,1.4096773862838745
2023,3,38.986883330787236,-108.98361026938035,3.435483932495117,33.02580642700195,1.8161289691925049
2023,3,38.986883330787236,-106.97138403295263,5.703225612640381,37.01612854003906,9.07741928100586
2023,3,38.986883330787236,-105.03102301925446,5.46129035949707,30.658063888549805,0.20967742800712585
2023,3,38.986883330787236,-103.01879678282673,4.254838466644287,22.467742919921875,0.08387096971273422
2023,3,38.986883330787236,-101.006570546399,4.27419376373291,27.551612854003906,0.3451612889766693
2023,3,38.986883330787236,-98.99434430997127,4.990322589874268,30.496774673461914,0.11290322244167328
2023,3,38.986883330787236,-96.98211807354355,4.712903022766113,35.19355010986328,0.551612913608551
2023,3,38.986883330787236,-94.96989183711581,4.94516134262085,44.67096710205078,2.429032325744629
2023,3,38.986883330787236,-93.02953082341764,4.696774005889893,42.97419357299805,1.9935483932495117
2023,3,38.986883330787236,-91.01730458698992,5.325806617736816,42.622581481933594,3.4000000953674316
2023,3,38.986883330787236,-89.0050783505622,5.496774196624756,45.08064651489258,4.048387050628662
2023,3,38.986883330787236,-86.99285211413446,5.22580623626709,44.0903205871582,6.061290264129639
2023,3,38.986883330787236,-84.98062587770674,4.338709831237793,41.75806427001953,5.7580647468566895
2023,3,38.986883330787236,-82.968399641279,4.729032039642334,35.280643463134766,2.4935483932495117
2023,3,38.986883330787236,-81.02803862758084,4.335484027862549,36.26129150390625,2.3741934299468994
2023,3,38.986883330787236,-79.01581239115312,5.2870965003967285,36.370967864990234,1.6419354677200317
2023,3,38.986883330787236,-77.00358615472538,4.803225994110107,35.92258071899414,1.4096773862838745
2023,3,38.986883330787236,-74.99135991829766,5.306451797485352,43.796775817871094,1.5161290168762207
2023,3,40.999109567214965,-122.99732870164489,4.432258129119873,54.90322494506836,17.16451644897461
2023,3,40.999109567214965,-120.98510246521717,5.022580623626709,51.07741928100586,4.158064365386963
2023,3,40.999109567214965,-118.97287622878943,4.503225803375244,37.07096862792969,0.8483871221542358
2023,3,40.999109567214965,-117.03251521509127,4.477419376373291,40.119354248046875,1.55483877658844
2023,3,40.999109567214965,-115.02028897866354,3.729032278060913,52.129032135009766,1.5838710069656372
2023,3,40.999109567214965,-113.00806274223581,2.4645161628723145,48.08064651489258,2.5580644607543945
2023,3,40.999109567214965,-110.99583650580809,5.664515972137451,39.638710021972656,2.5741934776306152
2023,3,40.999109567214965,-108.98361026938035,4.845161437988281,37.225807189941406,2.7903225421905518
2023,3,40.999109567214965,-106.97138403295263,5.5806450843811035,40.74516296386719,5.9645161628723145
2023,3,40.999109567214965,-105.03102301925446,4.661290168762207,25.399999618530273,0.3612903356552124
2023,3,40.999109567214965,-103.01879678282673,4.13225793838501,28.916128158569336,0.8903225660324097
2023,3,40.999109567214965,-101.006570546399,3.880645275115967,33.66128921508789,0.5677419304847717
2023,3,40.999109567214965,-98.99434430997127,4.561290264129639,32.74516296386719,0.6000000238418579
2023,3,40.999109567214965,-96.98211807354355,4.929032325744629,40.7354850769043,0.6935483813285828
2023,3,40.999109567214965,-94.96989183711581,5.306451797485352,43.703224182128906,0.7806451916694641
2023,3,40.999109567214965,-93.02953082341764,5.077419281005859,44.92580795288086,1.1516128778457642
2023,3,40.999109567214965,-91.01730458698992,5.009677410125732,43.66451644897461,2.8064515590667725
2023,3,40.999109567214965,-89.0050783505622,5.206451416015625,43.93225860595703,2.409677505493164
2023,3,40.999109567214965,-86.99285211413446,5.077419281005859,48.01935577392578,3.2645161151885986
2023,3,40.999109567214965,-84.98062587770674,4.880645275115967,46.280643463134766,4.303225994110107
2023,3,40.999109567214965,-82.968399641279,5.1483869552612305,43.85483932495117,3.7580645084381104
2023,3,40.999109567214965,-81.02803862758084,5.316128730773926,41.02580642700195,3.0387096405029297
2023,3,40.999109567214965,-79.01581239115312,5.503225803375244,42.512901306152344,2.932258129119873
2023,3,40.999109567214965,-77.00358615472538,5.422580718994141,38.522579193115234,1.8935483694076538
2023,3,40.999109567214965,-74.99135991829766,5.090322494506836,37.51290512084961,2.383871078491211
2023,3,40.999109567214965,-72.97913368186992,5.664515972137451,44.4612922668457,3.977419376373291
2023,3,43.011335803642694,-122.99732870164489,3.883871078491211,62.75161361694336,5.341935634613037
2023,3,43.011335803642694,-120.98510246521717,4.764516353607178,45.90322494506836,2.654838800430298
2023,3,43.011335803642694,-118.97287622878943,3.729032278060913,53.92258071899414,2.6032257080078125
2023,3,43.011335803642694,-117.03251521509127,5.400000095367432,51.32258224487305,2.683871030807495
2023,3,43.011335803642694,-115.02028897866354,3.9258065223693848,48.09677505493164,1.8225806951522827
2023,3,43.011335803642694,-113.00806274223581,3.90645170211792,64.16451263427734,1.4677419662475586
2023,3,43.011335803642694,-110.99583650580809,5.012903213500977,44.49677276611328,1.622580647468567
2023,3,43.011335803642694,-108.98361026938035,2.1677420139312744,43.812904357910156,0.8677419424057007
2023,3,43.011335803642694,-106.97138403295263,4.470967769622803,34.312904357910156,0.23548386991024017
2023,3,43.011335803642694,-105.03102301925446,3.977419376373291,30.235483169555664,0.3258064389228821
2023,3,43.011335803642694,-103.01879678282673,3.3516130447387695,34.33871078491211,0.7516129016876221
2023,3,43.011335803642694,-101.006570546399,4.587096691131592,37.632259368896484,0.5483871102333069
2023,3,43.011335803642694,-98.99434430997127,4.712903022766113,47.00322723388672,0.4161290228366852
2023,3,43.011335803642694,-96.98211807354355,4.2354841232299805,53.954837799072266,0.7967742085456848
2023,3,43.011335803642694,-94.96989183711581,4.709677219390869,52.00967788696289,1.0548386573791504
2023,3,43.011335803642694,-93.02953082341764,5.138709545135498,49.19355010986328,1.3258064985275269
2023,3,43.011335803642694,-91.01730458698992,4.393548488616943,46.69032287597656,1.774193525314331
2023,3,43.011335803642694,-89.0050783505622,4.816129207611084,50.4096794128418,2.345161199569702
2023,3,43.011335803642694,-84.98062587770674,4.938709735870361,46.719356536865234,2.9161291122436523
2023,3,43.011335803642694,-82.968399641279,5.0354838371276855,47.8258056640625,2.322580575942993
2023,3,43.011335803642694,-79.01581239115312,4.96129035949707,51.43225860595703,2.8032257556915283
2023,3,43.011335803642694,-77.00358615472538,4.948387145996094,52.16451644897461,2.616128921508789
2023,3,43.011335803642694,-74.99135991829766,5.045161247253418,51.26129150390625,2.587096691131592
2023,3,43.011335803642694,-72.97913368186992,4.729032516479492,40.935482025146484,4.81290340423584
2023,3,43.011335803642694,-70.9669074454422,5.309677600860596,42.1129035949707,4.019354820251465
2023,3,45.023562040070416,-122.99732870164489,3.619354724884033,58.619354248046875,3.4870967864990234
2023,3,45.023562040070416,-120.98510246521717,3.9225807189941406,46.890323638916016,1.0096774101257324
2023,3,45.023562040070416,-118.97287622878943,4.012903213500977,47.22257995605469,2.1967742443084717
2023,3,45.023562040070416,-117.03251521509127,4.541935443878174,49.719356536865234,7.364516258239746
2023,3,45.023562040070416,-115.02028897866354,4.970967769622803,43.458065032958984,4.332258224487305
2023,3,45.023562040070416,-113.00806274223581,3.251612901687622,45.59677505493164,0.7129032611846924
2023,3,45.023562040070416,-110.99583650580809,4.783871173858643,41.25806427001953,5.361290454864502
2023,3,45.023562040070416,-108.98361026938035,3.0387096405029297,39.1129035949707,0.6903225779533386
2023,3,45.023562040070416,-106.97138403295263,3.503225803375244,42.92903137207031,1.374193549156189
2023,3,45.023562040070416,-105.03102301925446,3.522580623626709,39.2870979309082,0.8096774220466614
2023,3,45.023562040070416,-103.01879678282673,4.36774206161499,42.47419357299805,0.5548387169837952
2023,3,45.023562040070416,-101.006570546399,4.31290340423584,51.55806350708008,0.7225806713104248
2023,3,45.023562040070416,-98.99434430997127,3.6322579383850098,58.82258224487305,1.1129032373428345
2023,3,45.023562040070416,-96.98211807354355,5.27419376373291,59.122581481933594,1.1451612710952759
2023,3,45.023562040070416,-94.96989183711581,5.067741870880127,58.49677276611328,1.1193548440933228
2023,3,45.023562040070416,-93.02953082341764,4.567741870880127,50.97096633911133,1.6612902879714966
2023,3,45.023562040070416,-91.01730458698992,4.322580814361572,46.8258056640625,1.7838709354400635
2023,3,45.023562040070416,-89.0050783505622,5.1032257080078125,47.82257843017578,2.0161290168762207
2023,3,45.023562040070416,-84.98062587770674,5.006451606750488,43.877418518066406,2.135483980178833
2023,3,45.023562040070416,-74.99135991829766,4.4645161628723145,52.48387145996094,1.85161292552948
2023,3,45.023562040070416,-72.97913368186992,4.519354820251465,48.23225784301758,2.064516067504883
2023,3,45.023562040070416,-70.9669074454422,6.729032039642334,47.3258056640625,1.9483870267868042
2023,3,47.035788276498145,-122.99732870164489,4.167741775512695,54.487098693847656,4.087096691131592
2023,3,47.035788276498145,-120.98510246521717,3.6935484409332275,52.33548355102539,2.5548386573791504
2023,3,47.035788276498145,-118.97287622878943,3.1935484409332275,33.290321350097656,0.5451613068580627
2023,3,47.035788276498145,-117.03251521509127,3.777419328689575,43.39354705810547,1.419354796409607
2023,3,47.035788276498145,-115.02028897866354,3.322580575942993,49.59354782104492,4.958064556121826
2023,3,47.035788276498145,-113.00806274223581,3.951612949371338,33.95161437988281,0.7870967984199524
2023,3,47.035788276498145,-110.99583650580809,4.816129207611084,39.80967712402344,1.6193548440933228
2023,3,47.035788276498145,-108.98361026938035,3.3967742919921875,45.129032135009766,0.5161290168762207
2023,3,47.035788276498145,-106.97138403295263,4.006451606750488,51.445159912109375,0.33870968222618103
2023,3,47.035788276498145,-105.03102301925446,3.751612901687622,49.73225784301758,0.7354838848114014
2023,3,47.035788276498145,-103.01879678282673,4.251613140106201,59.8870964050293,1.125806450843811
2023,3,47.035788276498145,-101.006570546399,4.277419567108154,62.890323638916016,1.7096774578094482
2023,3,47.035788276498145,-98.99434430997127,5.264516353607178,63.03871154785156,1.2645161151885986
2023,3,47.035788276498145,-96.98211807354355,4.403225898742676,62.34516143798828,2.09354829788208
2023,3,47.035788276498145,-94.96989183711581,5.325806617736816,45.26774215698242,1.3096773624420166
2023,3,47.035788276498145,-93.02953082341764,4.683870792388916,46.83548355102539,1.5774192810058594
2023,3,47.035788276498145,-89.0050783505622,5.380645275115967,51.92903137207031,1.103225827217102
2023,3,48.97614929019631,-122.99732870164489,2.299999952316284,52.56774139404297,1.6967741250991821
2023,3,48.97614929019631,-120.98510246521717,4.338709831237793,51.42903137207031,2.29677414894104
2023,3,48.97614929019631,-118.97287622878943,2.3709678649902344,39.900001525878906,0.5354838371276855
2023,3,48.97614929019631,-117.03251521509127,4.006451606750488,45.796775817871094,3.90645170211792
2023,3,48.97614929019631,-115.02028897866354,4.1483869552612305,31.506450653076172,0.8483871221542358
2023,3,48.97614929019631,-113.00806274223581,3.345161199569702,50.7645149230957,0.6322580575942993
2023,3,48.97614929019631,-110.99583650580809,3.480645179748535,60.75483703613281,0.7225806713104248
2023,3,48.97614929019631,-108.98361026938035,3.616128921508789,64.23548126220703,0.7096773982048035
2023,3,48.97614929019631,-106.97138403295263,3.954838752746582,64.80644989013672,0.6580644845962524
2023,3,48.97614929019631,-105.03102301925446,4.048387050628662,61.051612854003906,0.48709675669670105
2023,3,48.97614929019631,-103.01879678282673,4.1032257080078125,67.75806427001953,0.5129032135009766
2023,3,48.97614929019631,-101.006570546399,3.8322579860687256,61.59032440185547,0.6064516305923462
2023,3,48.97614929019631,-98.99434430997127,4.722580432891846,60.64516067504883,0.4677419364452362
2023,3,48.97614929019631,-96.98211807354355,4.748387336730957,59.0612907409668,0.49677419662475586
2023,3,48.97614929019631,-94.96989183711581,4.145161151885986,46.97419357299805,0.8129032254219055
2023,4,26.985391134950426,-98.99434430997127,4.486666679382324,39.87333297729492,3.140000104904175
2023,4,26.985391134950426,-81.02803862758084,3.683333396911621,45.720001220703125,5.200000286102295
2023,4,28.997617371378155,-98.99434430997127,4.0933332443237305,41.016666412353516,1.7599999904632568
2023,4,28.997617371378155,-96.98211807354355,4.766666889190674,52.1533317565918,5.789999961853027
2023,4,28.997617371378155,-81.02803862758084,4.28000020980835,45.25666809082031,4.163333415985107
2023,4,31.009843607805884,-105.03102301925446,4.323333263397217,11.486666679382324,0.0
2023,4,31.009843607805884,-103.01879678282673,4.336666584014893,13.069999694824219,0.12333333492279053
2023,4,31.009843607805884,-101.006570546399,4.99666690826416,19.74333381652832,0.03666666895151138
2023,4,31.009843607805884,-98.99434430997127,5.013333320617676,31.143333435058594,2.073333263397217
2023,4,31.009843607805884,-96.98211807354355,4.563333511352539,46.78666687011719,6.259999752044678
2023,4,31.009843607805884,-94.96989183711581,4.239999771118164,49.33000183105469,7.259999752044678
2023,4,31.009843607805884,-93.02953082341764,4.616666793823242,48.369998931884766,4.150000095367432
2023,4,31.009843607805884,-91.01730458698992,4.203333377838135,48.09333419799805,4.483333110809326
2023,4,31.009843607805884,-89.0050783505622,4.043333530426025,42.413333892822266,5.119999885559082
2023,4,31.009843607805884,-86.99285211413446,3.93666672706604,43.0966682434082,4.586666584014893
2023,4,31.009843607805884,-84.98062587770674,3.736666679382324,46.790000915527344,5.5966668128967285
2023,4,31.009843607805884,-82.968399641279,4.116666793823242,40.393333435058594,4.309999942779541
2023,4,33.02206984423361,-117.03251521509127,2.746666669845581,45.893333435058594,0.12999999523162842
2023,4,33.02206984423361,-115.02028897866354,2.68666672706604,10.74666690826416,0.0
2023,4,33.02206984423361,-113.00806274223581,2.7166666984558105,10.196666717529297,0.0
2023,4,33.02206984423361,-110.99583650580809,2.996666669845581,11.170000076293945,0.0
2023,4,33.02206984423361,-108.98361026938035,4.423333168029785,9.273333549499512,0.0
2023,4,33.02206984423361,-106.97138403295263,4.326666831970215,8.380000114440918,0.0
2023,4,33.02206984423361,-105.03102301925446,4.28000020980835,12.75333309173584,0.0
2023,4,33.02206984423361,-103.01879678282673,4.949999809265137,13.619999885559082,0.14000000059604645
2023,4,33.02206984423361,-101.006570546399,4.9066667556762695,19.299999237060547,0.5666666626930237
2023,4,33.02206984423361,-98.99434430997127,4.726666450500488,29.486665725708008,0.7199999690055847
2023,4,33.02206984423361,-96.98211807354355,4.796666622161865,42.38999938964844,0.9566666483879089
2023,4,33.02206984423361,-94.96989183711581,5.013333320617676,46.349998474121094,4.273333549499512
2023,4,33.02206984423361,-93.02953082341764,4.233333110809326,48.150001525878906,7.849999904632568
2023,4,33.02206984423361,-91.01730458698992,4.453333377838135,47.77000045776367,6.306666851043701
2023,4,33.02206984423361,-89.0050783505622,4.5,45.8466682434082,6.159999847412109
2023,4,33.02206984423361,-86.99285211413446,4.143333435058594,42.74333190917969,3.246666669845581
2023,4,33.02206984423361,-84.98062587770674,4.333333492279053,41.93000030517578,4.559999942779541
2023,4,33.02206984423361,-82.968399641279,4.086666584014893,39.34000015258789,3.5399999618530273
2023,4,33.02206984423361,-81.02803862758084,4.336666584014893,38.56666564941406,3.5766665935516357
2023,4,35.03429608066134,-118.97287622878943,3.8933334350585938,39.02000045776367,0.0
2023,4,35.03429608066134,-117.03251521509127,2.946666717529297,19.073333740234375,0.0
2023,4,35.03429608066134,-115.02028897866354,3.9566667079925537,13.606666564941406,0.0
2023,4,35.03429608066134,-113.00806274223581,4.079999923706055,10.890000343322754,0.0
2023,4,35.03429608066134,-110.99583650580809,4.62333345413208,14.916666984558105,0.0
2023,4,35.03429608066134,-108.98361026938035,4.676666736602783,10.99333381652832,0.0
2023,4,35.03429608066134,-106.97138403295263,4.150000095367432,10.433333396911621,0.0
2023,4,35.03429608066134,-105.03102301925446,4.576666831970215,11.776666641235352,0.09333333373069763
2023,4,35.03429608066134,-103.01879678282673,5.110000133514404,13.863333702087402,0.2666666507720947
2023,4,35.03429608066134,-101.006570546399,5.199999809265137,17.389999389648438,1.5699999332427979
2023,4,35.03429608066134,-98.99434430997127,4.7166666984558105,27.516666412353516,1.3266665935516357
2023,4,35.03429608066134,-96.98211807354355,5.3466668128967285,37.186668395996094,2.306666612625122
2023,4,35.03429608066134,-94.96989183711581,4.483333587646484,41.029998779296875,2.8966667652130127
2023,4,35.03429608066134,-93.02953082341764,4.023333549499512,40.74333190917969,4.599999904632568
2023,4,35.03429608066134,-91.01730458698992,4.21999979019165,41.973331451416016,5.766666412353516
2023,4,35.03429608066134,-89.0050783505622,4.509999752044678,43.143333435058594,5.183333396911621
2023,4,35.03429608066134,-86.99285211413446,4.633333206176758,44.0966682434082,2.549999952316284
2023,4,35.03429608066134,-84.98062587770674,4.323333263397217,42.99333190917969,4.453333377838135
2023,4,35.03429608066134,-82.968399641279,5.233333587646484,37.573333740234375,6.089999675750732
2023,4,35.03429608066134,-81.02803862758084,3.736666679382324,39.97333526611328,6.079999923706055
2023,4,35.03429608066134,-79.01581239115312,4.349999904632568,37.03666687011719,4.826666831970215
2023,4,35.03429608066134,-77.00358615472538,3.4100000858306885,41.56666564941406,5.493333339691162
2023,4,36.97465709435951,-120.98510246521717,3.240000009536743,34.4566650390625,0.0
2023,4,36.97465709435951,-118.97287622878943,2.37666654586792,35.42000198364258,0.09666667133569717
2023,4,36.97465709435951,-117.03251521509127,3.2066667079925537,15.416666984558105,0.013333333656191826
2023,4,36.97465709435951,-115.02028897866354,3.379999876022339,9.816666603088379,0.09333333373069763
2023,4,36.97465709435951,-113.00806274223581,3.9733333587646484,12.533333778381348,0.20333333313465118
2023,4,36.97465709435951,-110.99583650580809,4.356666564941406,10.9399995803833,0.09000000357627869
2023,4,36.97465709435951,-108.98361026938035,3.059999942779541,13.890000343322754,0.07333333045244217
2023,4,36.97465709435951,-106.97138403295263,4.349999904632568,18.739999771118164,0.39666667580604553
2023,4,36.97465709435951,-105.03102301925446,4.976666450500488,19.510000228881836,1.0266666412353516
2023,4,36.97465709435951,-103.01879678282673,5.146666526794434,13.84000015258789,0.8600000143051147
2023,4,36.97465709435951,-101.006570546399,4.849999904632568,15.576666831970215,1.2233333587646484
2023,4,36.97465709435951,-98.99434430997127,4.896666526794434,20.34666633605957,1.693333387374878
2023,4,36.97465709435951,-96.98211807354355,5.0366668701171875,29.0,2.0933332443237305
2023,4,36.97465709435951,-94.96989183711581,4.699999809265137,33.96666717529297,1.0299999713897705
2023,4,36.97465709435951,-93.02953082341764,5.039999961853027,31.49333381652832,0.9200000166893005
2023,4,36.97465709435951,-91.01730458698992,4.420000076293945,32.47666549682617,2.2733333110809326
2023,4,36.97465709435951,-89.0050783505622,4.233333110809326,36.43333435058594,3.6533334255218506
2023,4,36.97465709435951,-86.99285211413446,4.2866668701171875,38.733333587646484,3.8266665935516357
2023,4,36.97465709435951,-84.98062587770674,3.93666672706604,37.75,4.0933332443237305
2023,4,36.97465709435951,-82.968399641279,4.353333473205566,32.06666564941406,3.4566667079925537
2023,4,36.97465709435951,-81.02803862758084,3.9166667461395264,33.90999984741211,4.003333568572998
2023,4,36.97465709435951,-79.01581239115312,4.143333435058594,35.630001068115234,4.309999942779541
2023,4,36.97465709435951,-77.00358615472538,4.233333587646484,37.0,3.7933332920074463
2023,4,38.986883330787236,-122.99732870164489,5.920000076293945,42.939998626708984,0.699999988079071
2023,4,38.986883330787236,-120.98510246521717,2.636666774749756,42.36333465576172,0.5833333134651184
2023,4,38.986883330787236,-118.97287622878943,3.383333206176758,18.773332595825195,0.0
2023,4,38.986883330787236,-117.03251521509127,4.0,15.303333282470703,0.03333333507180214
2023,4,38.986883330787236,-115.02028897866354,4.453333377838135,19.03333282470703,0.18000000715255737
2023,4,38.986883330787236,-113.00806274223581,2.886666774749756,17.85333251953125,0.3333333432674408
2023,4,38.986883330787236,-110.99583650580809,3.7933332920074463,20.729999542236328,0.07333333045244217
2023,4,38.986883330787236,-108.98361026938035,3.2833333015441895,21.290000915527344,0.7833333015441895
2023,4,38.986883330787236,-106.97138403295263,4.856666564941406,28.73666763305664,2.126666784286499
2023,4,38.986883330787236,-105.03102301925446,4.829999923706055,24.953332901000977,1.5433332920074463
2023,4,38.986883330787236,-103.01879678282673,4.3466668128967285,15.50333309173584,0.5833333134651184
2023,4,38.986883330787236,-101.006570546399,5.143333435058594,14.803333282470703,0.44999998807907104
2023,4,38.986883330787236,-98.99434430997127,5.733333110809326,17.84666633605957,0.21666666865348816
2023,4,38.986883330787236,-96.98211807354355,4.953333377838135,25.96666717529297,1.4766666889190674
2023,4,38.986883330787236,-94.96989183711581,4.866666793823242,32.7933349609375,1.7266666889190674
2023,4,38.986883330787236,-93.02953082341764,4.506666660308838,29.753334045410156,1.0399999618530273
2023,4,38.986883330787236,-91.01730458698992,4.913333415985107,32.59000015258789,2.18666672706604
2023,4,38.986883330787236,-89.0050783505622,5.099999904632568,34.939998626708984,1.5499999523162842
2023,4,38.986883330787236,-86.99285211413446,4.733333587646484,37.65666580200195,3.1466667652130127
2023,4,38.986883330787236,-84.98062587770674,3.8433332443237305,36.31999969482422,3.633333206176758
2023,4,38.986883330787236,-82.968399641279,4.233333110809326,31.476667404174805,2.986666679382324
2023,4,38.986883330787236,-81.02803862758084,3.8366665840148926,32.246665954589844,3.0233333110809326
2023,4,38.986883330787236,-79.01581239115312,4.3466668128967285,32.31666564941406,2.2899999618530273
2023,4,38.986883330787236,-77.00358615472538,4.186666488647461,35.380001068115234,2.7866666316986084
2023,4,38.986883330787236,-74.99135991829766,4.289999961853027,43.95000076293945,5.029999732971191
2023,4,40.999109567214965,-122.99732870164489,3.2833333015441895,44.796669006347656,0.7799999713897705
2023,4,40.999109567214965,-120.98510246521717,4.300000190734863,36.83333206176758,0.7233333587646484
2023,4,40.999109567214965,-118.97287622878943,3.7866666316986084,23.52666664123535,0.1433333307504654
2023,4,40.999109567214965,-117.03251521509127,4.019999980926514,23.979999542236328,0.0533333346247673
2023,4,40.999109567214965,-115.02028897866354,3.7166666984558105,30.440000534057617,0.3100000023841858
2023,4,40.999109567214965,-113.00806274223581,2.5833332538604736,32.4566650390625,0.6666666865348816
2023,4,40.999109567214965,-110.99583650580809,4.986666679382324,31.706666946411133,1.6966665983200073
2023,4,40.999109567214965,-108.98361026938035,4.246666431427002,29.920000076293945,2.1133334636688232
2023,4,40.999109567214965,-106.97138403295263,5.043333530426025,30.016666412353516,3.2333333492279053
2023,4,40.999109567214965,-105.03102301925446,4.603333473205566,21.46666717529297,1.2333333492279053
2023,4,40.999109567214965,-103.01879678282673,4.486666679382324,18.8700008392334,0.6500000357627869
2023,4,40.999109567214965,-101.006570546399,4.916666507720947,17.183332443237305,0.1433333307504654
2023,4,40.999109567214965,-98.99434430997127,5.753333568572998,19.03333282470703,0.20333333313465118
2023,4,40.999109567214965,-96.98211807354355,5.756666660308838,23.920000076293945,1.4266667366027832
2023,4,40.999109567214965,-94.96989183711581,5.860000133514404,30.229999542236328,2.509999990463257
2023,4,40.999109567214965,-93.02953082341764,5.393333435058594,31.796667098999023,1.2000000476837158
2023,4,40.999109567214965,-91.01730458698992,4.976666450500488,31.793333053588867,1.7933332920074463
2023,4,40.999109567214965,-89.0050783505622,4.933333396911621,31.986665725708008,1.9466667175292969
2023,4,40.999109567214965,-86.99285211413446,4.62333345413208,34.33000183105469,2.053333282470703
2023,4,40.999109567214965,-84.98062587770674,4.259999752044678,36.58000183105469,2.370000123977661
2023,4,40.999109567214965,-82.968399641279,4.369999885559082,36.71333312988281,2.1433334350585938
2023,4,40.999109567214965,-81.02803862758084,4.423333168029785,36.69333267211914,3.0333333015441895
2023,4,40.999109567214965,-79.01581239115312,4.289999961853027,35.063331604003906,2.2166666984558105
2023,4,40.999109567214965,-77.00358615472538,4.460000038146973,36.63999938964844,2.8366665840148926
2023,4,40.999109567214965,-74.99135991829766,4.340000152587891,36.62666702270508,2.946666717529297
2023,4,40.999109567214965,-72.97913368186992,4.796666622161865,45.040000915527344,2.7866666316986084
2023,4,43.011335803642694,-122.99732870164489,3.5799999237060547,53.68000030517578,4.880000114440918
2023,4,43.011335803642694,-120.98510246521717,4.28000020980835,34.186668395996094,0.7933332920074463
2023,4,43.011335803642694,-118.97287622878943,3.309999942779541,37.619998931884766,1.1299999952316284
2023,4,43.011335803642694,-117.03251521509127,4.889999866485596,37.68000030517578,1.4700000286102295
2023,4,43.011335803642694,-115.02028897866354,3.8433332443237305,28.110000610351562,0.30000001192092896
2023,4,43.011335803642694,-113.00806274223581,4.043333530426025,37.459999084472656,0.4000000059604645
2023,4,43.011335803642694,-110.99583650580809,4.300000190734863,40.900001525878906,1.306666612625122
2023,4,43.011335803642694,-108.98361026938035,2.8566665649414062,30.809999465942383,2.0466666221618652
2023,4,43.011335803642694,-106.97138403295263,5.110000133514404,27.393333435058594,1.0233333110809326
2023,4,43.011335803642694,-105.03102301925446,4.763333320617676,23.81333351135254,1.0199999809265137
2023,4,43.011335803642694,-103.01879678282673,4.136666774749756,22.56999969482422,0.9399999976158142
2023,4,43.011335803642694,-101.006570546399,5.446666717529297,22.696666717529297,1.256666660308838
2023,4,43.011335803642694,-98.99434430997127,5.953333377838135,25.8799991607666,0.45333331823349
2023,4,43.011335803642694,-96.98211807354355,5.606666564941406,28.883333206176758,0.8566666841506958
2023,4,43.011335803642694,-94.96989183711581,6.146666526794434,31.286666870117188,2.1133334636688232
2023,4,43.011335803642694,-93.02953082341764,6.360000133514404,34.1533317565918,2.0299999713897705
2023,4,43.011335803642694,-91.01730458698992,4.829999923706055,35.936668395996094,2.609999895095825
2023,4,43.011335803642694,-89.0050783505622,5.28000020980835,39.356666564941406,2.6033334732055664
2023,4,43.011335803642694,-84.98062587770674,4.909999847412109,37.233333587646484,4.049999713897705
2023,4,43.011335803642694,-82.968399641279,4.606666564941406,42.71333312988281,4.53000020980835
2023,4,43.011335803642694,-79.01581239115312,4.159999847412109,43.959999084472656,3.633333444595337
2023,4,43.011335803642694,-77.00358615472538,3.876666784286499,41.21666717529297,3.1499998569488525
2023,4,43.011335803642694,-74.99135991829766,4.476666450500488,40.76333236694336,3.5466666221618652
2023,4,43.011335803642694,-72.97913368186992,4.236666679382324,45.426666259765625,4.099999904632568
2023,4,43.011335803642694,-70.9669074454422,4.426666736602783,41.81666564941406,3.2300000190734863
2023,4,45.023562040070416,-122.99732870164489,3.7100000381469727,60.086666107177734,4.756666660308838
2023,4,45.023562040070416,-120.98510246521717,3.4633333683013916,40.02666473388672,0.996666669845581
2023,4,45.023562040070416,-118.97287622878943,3.450000047683716,40.19333267211914,2.073333263397217
2023,4,45.023562040070416,-117.03251521509127,4.293333530426025,42.7400016784668,3.6666667461395264
2023,4,45.023562040070416,-115.02028897866354,4.733333110809326,34.709999084472656,2.390000104904175
2023,4,45.023562040070416,-113.00806274223581,3.680000066757202,33.45000076293945,0.70333331823349
2023,4,45.023562040070416,-110.99583650580809,4.7866668701171875,35.720001220703125,2.6733334064483643
2023,4,45.023562040070416,-108.98361026938035,3.3966667652130127,28.899999618530273,0.24000000953674316
2023,4,45.023562040070416,-106.97138403295263,4.086666584014893,29.760000228881836,1.0166666507720947
2023,4,45.023562040070416,-105.03102301925446,4.483333587646484,26.573333740234375,0.43666666746139526
2023,4,45.023562040070416,-103.01879678282673,5.226666450500488,24.453332901000977,0.5533333420753479
2023,4,45.023562040070416,-101.006570546399,5.193333148956299,30.983333587646484,0.9099999666213989
2023,4,45.023562040070416,-98.99434430997127,4.016666889190674,40.72333526611328,2.7799999713897705
2023,4,45.023562040070416,-96.98211807354355,6.306666851043701,47.4033317565918,2.136666774749756
2023,4,45.023562040070416,-94.96989183711581,5.956666469573975,46.996665954589844,3.0399999618530273
2023,4,45.023562040070416,-93.02953082341764,5.28000020980835,42.3033332824707,4.0233330726623535
2023,4,45.023562040070416,-91.01730458698992,5.0933332443237305,41.89666748046875,4.546666622161865
2023,4,45.023562040070416,-89.0050783505622,5.856666564941406,48.33000183105469,4.603333473205566
2023,4,45.023562040070416,-84.98062587770674,5.46999979019165,38.38333511352539,3.4566667079925537
2023,4,45.023562040070416,-74.99135991829766,4.333333492279053,41.39666748046875,3.443333387374878
2023,4,45.023562040070416,-72.97913368186992,4.206666469573975,38.35333251953125,3.063333511352539
2023,4,45.023562040070416,-70.9669074454422,6.420000076293945,41.78666687011719,2.2899999618530273
2023,4,47.035788276498145,-122.99732870164489,3.9000000953674316,61.3033332824707,6.62333345413208
2023,4,47.035788276498145,-120.98510246521717,3.740000009536743,50.28666687011719,2.9800000190734863
2023,4,47.035788276498145,-118.97287622878943,2.950000047683716,33.32666778564453,1.1399999856948853
2023,4,47.035788276498145,-117.03251521509127,3.616666555404663,41.25,1.56333327293396
2023,4,47.035788276498145,-115.02028897866354,3.306666612625122,43.77333450317383,4.806666851043701
2023,4,47.035788276498145,-113.00806274223581,3.680000066757202,33.040000915527344,0.47333332896232605
2023,4,47.035788276498145,-110.99583650580809,5.929999828338623,38.79666519165039,2.370000123977661
2023,4,47.035788276498145,-108.98361026938035,4.1533331871032715,30.579999923706055,1.90666663646698
2023,4,47.035788276498145,-106.97138403295263,4.743333339691162,29.453332901000977,0.4933333396911621
2023,4,47.035788276498145,-105.03102301925446,4.2166666984558105,29.703332901000977,0.5733333230018616
2023,4,47.035788276498145,-103.01879678282673,5.083333492279053,32.80666732788086,0.21000000834465027
2023,4,47.035788276498145,-101.006570546399,5.233333110809326,38.53666687011719,0.5799999833106995
2023,4,47.035788276498145,-98.99434430997127,5.856666564941406,50.66666793823242,1.5733333826065063
2023,4,47.035788276498145,-96.98211807354355,4.803333282470703,50.6533317565918,1.4433332681655884
2023,4,47.035788276498145,-94.96989183711581,5.800000190734863,42.31999969482422,1.7166666984558105
2023,4,47.035788276498145,-93.02953082341764,5.416666507720947,43.32999801635742,3.0866665840148926
2023,4,47.035788276498145,-89.0050783505622,5.543333530426025,48.2933349609375,4.610000133514404
2023,4,48.97614929019631,-122.99732870164489,2.303333282470703,59.82999801635742,2.426666736602783
2023,4,48.97614929019631,-120.98510246521717,4.486666679382324,51.393333435058594,2.200000047683716
2023,4,48.97614929019631,-118.97287622878943,2.8433332443237305,49.63666534423828,1.659999966621399
2023,4,48.97614929019631,-117.03251521509127,3.8466665744781494,45.92333221435547,4.5366668701171875
2023,4,48.97614929019631,-115.02028897866354,4.2166666984558105,31.540000915527344,1.4700000286102295
2023,4,48.97614929019631,-113.00806274223581,4.103333473205566,31.579999923706055,1.1800000667572021
2023,4,48.97614929019631,-110.99583650580809,4.316666603088379,40.06333541870117,0.20000000298023224
2023,4,48.97614929019631,-108.98361026938035,4.016666412353516,42.709999084472656,0.4833333492279053
2023,4,48.97614929019631,-106.97138403295263,4.2833333015441895,44.663333892822266,0.5566666722297668
2023,4,48.97614929019631,-105.03102301925446,4.396666526794434,41.720001220703125,1.0366666316986084
2023,4,48.97614929019631,-103.01879678282673,4.599999904632568,47.56999969482422,0.7233333587646484
2023,4,48.97614929019631,-101.006570546399,4.489999771118164,45.880001068115234,1.2633333206176758
2023,4,48.97614929019631,-98.99434430997127,5.186666488647461,52.413333892822266,1.7633333206176758
2023,4,48.97614929019631,-96.98211807354355,4.923333168029785,52.926666259765625,1.7766666412353516
2023,4,48.97614929019631,-94.96989183711581,4.173333168029785,50.983333587646484,1.6066666841506958
2023,5,26.985391134950426,-98.99434430997127,4.261290550231934,38.74838638305664,2.454838752746582
2023,5,26.985391134950426,-81.02803862758084,3.0548386573791504,45.65483856201172,4.36774206161499
2023,5,28.997617371378155,-98.99434430997127,3.7354838848114014,52.780643463134766,3.564516067504883
2023,5,28.997617371378155,-96.98211807354355,3.616128921508789,55.25161361694336,6.883871078491211
2023,5,28.997617371378155,-81.02803862758084,3.5322580337524414,45.27096939086914,3.3806450366973877
2023,5,31.009843607805884,-105.03102301925446,3.5354838371276855,15.941935539245605,0.2129032164812088
2023,5,31.009843607805884,-103.01879678282673,3.8064515590667725,19.754838943481445,1.729032278060913
2023,5,31.009843607805884,-101.006570546399,4.40645170211792,31.448387145996094,4.116128921508789
2023,5,31.009843607805884,-98.99434430997127,4.283871173858643,43.967742919921875,4.777419567108154
2023,5,31.009843607805884,-96.98211807354355,3.5064516067504883,48.225807189941406,4.77419376373291
2023,5,31.009843607805884,-94.96989183711581,3.1709678173065186,50.31935501098633,6.380645275115967
2023,5,31.009843607805884,-93.02953082341764,3.387096881866455,46.90322494506836,1.793548345565796
2023,5,31.009843607805884,-91.01730458698992,2.9161291122436523,47.448387145996094,2.112903118133545
2023,5,31.009843607805884,-89.0050783505622,2.5774192810058594,46.5612907409668,2.525806427001953
2023,5,31.009843607805884,-86.99285211413446,2.729032278060913,46.57096862792969,2.8806450366973877
2023,5,31.009843607805884,-84.98062587770674,2.929032325744629,48.022579193115234,3.248387098312378
2023,5,31.009843607805884,-82.968399641279,3.5580644607543945,42.89354705810547,4.1709675788879395
2023,5,33.02206984423361,-117.03251521509127,2.79677414894104,55.89354705810547,0.3290322422981262
2023,5,33.02206984423361,-115.02028897866354,3.245161294937134,13.806451797485352,0.0
2023,5,33.02206984423361,-113.00806274223581,3.3741934299468994,16.161291122436523,0.0
2023,5,33.02206984423361,-110.99583650580809,3.3516130447387695,14.596774101257324,0.22258064150810242
2023,5,33.02206984423361,-108.98361026938035,4.112903118133545,13.377419471740723,0.4612903296947479
2023,5,33.02206984423361,-106.97138403295263,3.7806451320648193,12.341935157775879,0.6451612710952759
2023,5,33.02206984423361,-105.03102301925446,3.432258129119873,16.487096786499023,0.8612903356552124
2023,5,33.02206984423361,-103.01879678282673,4.63225793838501,21.79677391052246,2.2838709354400635
2023,5,33.02206984423361,-101.006570546399,4.6483869552612305,28.180644989013672,4.196774482727051
2023,5,33.02206984423361,-98.99434430997127,4.0354838371276855,37.40645217895508,4.1709675788879395
2023,5,33.02206984423361,-96.98211807354355,3.799999952316284,44.709678649902344,2.1709675788879395
2023,5,33.02206984423361,-94.96989183711581,3.6645162105560303,51.32903289794922,1.922580599784851
2023,5,33.02206984423361,-93.02953082341764,3.1290323734283447,51.69355010986328,4.529032230377197
2023,5,33.02206984423361,-91.01730458698992,3.135483980178833,47.50322723388672,2.254838705062866
2023,5,33.02206984423361,-89.0050783505622,3.0354838371276855,50.367740631103516,1.8096773624420166
2023,5,33.02206984423361,-86.99285211413446,3.1903226375579834,49.65806579589844,3.345161199569702
2023,5,33.02206984423361,-84.98062587770674,4.006451606750488,50.17741775512695,1.8903225660324097
2023,5,33.02206984423361,-82.968399641279,3.8967742919921875,47.57741928100586,1.0387096405029297
2023,5,33.02206984423361,-81.02803862758084,4.338709831237793,47.92258071899414,2.8129031658172607
2023,5,35.03429608066134,-118.97287622878943,3.954838752746582,30.56774139404297,0.22258064150810242
2023,5,35.03429608066134,-117.03251521509127,3.364516019821167,22.2193546295166,0.2064516246318817
2023,5,35.03429608066134,-115.02028897866354,4.070967674255371,17.15483856201172,0.08064516633749008
2023,5,35.03429608066134,-113.00806274223581,4.209677219390869,15.041935920715332,0.6580645442008972
2023,5,35.03429608066134,-110.99583650580809,4.064516067504883,17.50967788696289,0.2612903118133545
2023,5,35.03429608066134,-108.98361026938035,3.451612949371338,14.261290550231934,0.3709677457809448
2023,5,35.03429608066134,-106.97138403295263,3.4419355392456055,14.85161304473877,0.2935483753681183
2023,5,35.03429608066134,-105.03102301925446,3.929032325744629,20.925806045532227,2.0064516067504883
2023,5,35.03429608066134,-103.01879678282673,4.719354629516602,24.78709602355957,3.903225898742676
2023,5,35.03429608066134,-101.006570546399,4.732257843017578,33.383872985839844,6.077419281005859
2023,5,35.03429608066134,-98.99434430997127,3.8967742919921875,38.69355010986328,2.225806474685669
2023,5,35.03429608066134,-96.98211807354355,4.070967674255371,50.27742004394531,3.609677314758301
2023,5,35.03429608066134,-94.96989183711581,3.254838705062866,51.76129150390625,3.454838752746582
2023,5,35.03429608066134,-93.02953082341764,3.135483980178833,49.17741775512695,2.8225808143615723
2023,5,35.03429608066134,-91.01730458698992,3.383870840072632,43.883872985839844,1.4870967864990234
2023,5,35.03429608066134,-89.0050783505622,3.522580623626709,50.59032440185547,2.6967742443084717
2023,5,35.03429608066134,-86.99285211413446,3.609677314758301,51.035484313964844,3.5741937160491943
2023,5,35.03429608066134,-84.98062587770674,3.754838705062866,47.98064422607422,1.6580644845962524
2023,5,35.03429608066134,-82.968399641279,4.993548393249512,49.7129020690918,3.245161294937134
2023,5,35.03429608066134,-81.02803862758084,3.9935483932495117,44.32258224487305,2.229032278060913
2023,5,35.03429608066134,-79.01581239115312,4.519354820251465,42.15483856201172,1.9967741966247559
2023,5,35.03429608066134,-77.00358615472538,3.8709678649902344,47.870967864990234,4.803225994110107
2023,5,36.97465709435951,-120.98510246521717,3.3032257556915283,38.41935348510742,0.43225806951522827
2023,5,36.97465709435951,-118.97287622878943,2.096774101257324,40.1741943359375,0.6677419543266296
2023,5,36.97465709435951,-117.03251521509127,3.5322580337524414,17.41290283203125,0.05161290243268013
2023,5,36.97465709435951,-115.02028897866354,3.177419424057007,10.635483741760254,0.10000000149011612
2023,5,36.97465709435951,-113.00806274223581,3.541935443878174,12.18709659576416,0.23225806653499603
2023,5,36.97465709435951,-110.99583650580809,3.777419328689575,12.025806427001953,0.17096774280071259
2023,5,36.97465709435951,-108.98361026938035,2.5612902641296387,15.074193954467773,0.2612903118133545
2023,5,36.97465709435951,-106.97138403295263,3.158064603805542,19.222579956054688,1.4806451797485352
2023,5,36.97465709435951,-105.03102301925446,3.951612949371338,29.0,2.222580671310425
2023,5,36.97465709435951,-103.01879678282673,4.706451416015625,28.312902450561523,2.5774192810058594
2023,5,36.97465709435951,-101.006570546399,4.400000095367432,33.06774139404297,3.677419424057007
2023,5,36.97465709435951,-98.99434430997127,4.061290264129639,36.01612854003906,3.496774196624756
2023,5,36.97465709435951,-96.98211807354355,3.6645162105560303,43.7870979309082,2.861290454864502
2023,5,36.97465709435951,-94.96989183711581,3.1967742443084717,48.48387145996094,3.09354829788208
2023,5,36.97465709435951,-93.02953082341764,3.6225805282592773,46.312904357910156,4.003225803375244
2023,5,36.97465709435951,-91.01730458698992,3.435483932495117,44.99032211303711,2.070967674255371
2023,5,36.97465709435951,-89.0050783505622,3.3806450366973877,45.8870964050293,2.7645161151885986
2023,5,36.97465709435951,-86.99285211413446,3.4903225898742676,49.83871078491211,6.18064546585083
2023,5,36.97465709435951,-84.98062587770674,3.409677505493164,51.132259368896484,1.3806451559066772
2023,5,36.97465709435951,-82.968399641279,4.145161151885986,45.464515686035156,2.677419424057007
2023,5,36.97465709435951,-81.02803862758084,3.890322685241699,46.0387077331543,4.754838466644287
2023,5,36.97465709435951,-79.01581239115312,4.158064365386963,44.00967788696289,2.39032244682312
2023,5,36.97465709435951,-77.00358615472538,4.074193477630615,44.7870979309082,2.9193549156188965
2023,5,38.986883330787236,-122.99732870164489,5.7580647468566895,48.95161437988281,1.3193548917770386
2023,5,38.986883330787236,-120.98510246521717,2.5612902641296387,47.151611328125,0.9580644965171814
2023,5,38.986883330787236,-118.97287622878943,3.003225803375244,23.341936111450195,1.0322580337524414
2023,5,38.986883330787236,-117.03251521509127,3.541935443878174,18.05806541442871,0.6451612710952759
2023,5,38.986883330787236,-115.02028897866354,4.248387336730957,19.561290740966797,0.8580645322799683
2023,5,38.986883330787236,-113.00806274223581,2.5741934776306152,14.512903213500977,0.34838709235191345
2023,5,38.986883330787236,-110.99583650580809,3.1870968341827393,20.47096824645996,0.6709677577018738
2023,5,38.986883330787236,-108.98361026938035,2.6516129970550537,15.119355201721191,0.18387095630168915
2023,5,38.986883330787236,-106.97138403295263,3.409677505493164,29.532258987426758,1.0741935968399048
2023,5,38.986883330787236,-105.03102301925446,3.729032278060913,36.23225784301758,4.974193572998047
2023,5,38.986883330787236,-103.01879678282673,3.9838709831237793,30.293548583984375,3.2903225421905518
2023,5,38.986883330787236,-101.006570546399,4.4645161628723145,30.580644607543945,3.6645162105560303
2023,5,38.986883330787236,-98.99434430997127,4.551612854003906,31.516128540039062,1.4806451797485352
2023,5,38.986883330787236,-96.98211807354355,3.770967721939087,36.18064498901367,2.612903118133545
2023,5,38.986883330787236,-94.96989183711581,3.6935484409332275,42.16774368286133,2.958064556121826
2023,5,38.986883330787236,-93.02953082341764,3.4451613426208496,40.0,2.9419355392456055
2023,5,38.986883330787236,-91.01730458698992,3.909677505493164,41.554840087890625,2.0064516067504883
2023,5,38.986883330787236,-89.0050783505622,4.0806450843811035,40.361289978027344,4.529032230377197
2023,5,38.986883330787236,-86.99285211413446,3.890322685241699,41.035484313964844,1.8225806951522827
2023,5,38.986883330787236,-84.98062587770674,3.3290321826934814,45.290321350097656,1.3483871221542358
2023,5,38.986883330787236,-82.968399641279,3.7677419185638428,40.83225631713867,2.180645227432251
2023,5,38.986883330787236,-81.02803862758084,3.2838709354400635,42.86451721191406,3.4419355392456055
2023,5,38.986883330787236,-79.01581239115312,3.6677420139312744,42.96128845214844,3.5516128540039062
2023,5,38.986883330787236,-77.00358615472538,3.4387097358703613,42.84516143798828,1.783871054649353
2023,5,38.986883330787236,-74.99135991829766,3.880645275115967,51.57419204711914,2.335484027862549
2023,5,40.999109567214965,-122.99732870164489,3.0129032135009766,47.40645217895508,2.1451613903045654
2023,5,40.999109567214965,-120.98510246521717,3.2322580814361572,37.119354248046875,2.109677314758301
2023,5,40.999109567214965,-118.97287622878943,2.9903225898742676,25.3258056640625,1.2580645084381104
2023,5,40.999109567214965,-117.03251521509127,3.277419328689575,24.37419319152832,1.0935484170913696
2023,5,40.999109567214965,-115.02028897866354,3.2903225421905518,28.50967788696289,1.6548386812210083
2023,5,40.999109567214965,-113.00806274223581,2.4161291122436523,24.90322494506836,0.33870968222618103
2023,5,40.999109567214965,-110.99583650580809,3.632258176803589,27.129032135009766,0.9129032492637634
2023,5,40.999109567214965,-108.98361026938035,3.7193548679351807,21.5451602935791,0.8903225660324097
2023,5,40.999109567214965,-106.97138403295263,3.6516127586364746,24.070968627929688,0.774193525314331
2023,5,40.999109567214965,-105.03102301925446,3.367741823196411,30.225807189941406,2.3806450366973877
2023,5,40.999109567214965,-103.01879678282673,4.0580644607543945,34.52580642700195,4.541935443878174
2023,5,40.999109567214965,-101.006570546399,3.954838752746582,38.138710021972656,5.416129112243652
2023,5,40.999109567214965,-98.99434430997127,4.1709675788879395,31.638710021972656,2.6935484409332275
2023,5,40.999109567214965,-96.98211807354355,4.27419376373291,30.225807189941406,0.7032257914543152
2023,5,40.999109567214965,-94.96989183711581,4.316129207611084,36.07096862792969,2.2870967388153076
2023,5,40.999109567214965,-93.02953082341764,4.109677314758301,38.35483932495117,1.1419354677200317
2023,5,40.999109567214965,-91.01730458698992,4.012903213500977,36.91290283203125,1.5387096405029297
2023,5,40.999109567214965,-89.0050783505622,4.096774101257324,30.793548583984375,1.122580647468567
2023,5,40.999109567214965,-86.99285211413446,3.841935396194458,34.14838790893555,1.3548387289047241
2023,5,40.999109567214965,-84.98062587770674,3.799999952316284,36.793548583984375,2.138709783554077
2023,5,40.999109567214965,-82.968399641279,3.909677505493164,37.85483932495117,1.725806474685669
2023,5,40.999109567214965,-81.02803862758084,3.7354838848114014,36.67096710205078,1.048387050628662
2023,5,40.999109567214965,-79.01581239115312,3.525806427001953,36.47419357299805,2.3483870029449463
2023,5,40.999109567214965,-77.00358615472538,3.6451613903045654,37.14516067504883,1.5
2023,5,40.999109567214965,-74.99135991829766,3.5741934776306152,34.706451416015625,1.5516128540039062
2023,5,40.999109567214965,-72.97913368186992,4.045161247253418,45.48387145996094,2.20322585105896
2023,5,43.011335803642694,-122.99732870164489,4.006451606750488,43.90645217895508,1.100000023841858
2023,5,43.011335803642694,-120.98510246521717,3.480645179748535,31.467741012573242,1.248387098312378
2023,5,43.011335803642694,-118.97287622878943,2.7580645084381104,33.35161209106445,2.003225803375244
2023,5,43.011335803642694,-117.03251521509127,3.319354772567749,33.370967864990234,1.9096773862838745
2023,5,43.011335803642694,-115.02028897866354,2.6193549633026123,25.24838638305664,0.5903226137161255
2023,5,43.011335803642694,-113.00806274223581,2.883871078491211,28.351612091064453,1.0838710069656372
2023,5,43.011335803642694,-110.99583650580809,3.7419354915618896,29.677419662475586,0.9935483932495117
2023,5,43.011335803642694,-108.98361026938035,2.409677505493164,26.777420043945312,1.2193548679351807
2023,5,43.011335803642694,-106.97138403295263,3.270967721939087,24.354839324951172,1.770967721939087
2023,5,43.011335803642694,-105.03102301925446,3.6741936206817627,29.254838943481445,3.2387096881866455
2023,5,43.011335803642694,-103.01879678282673,3.1451613903045654,30.98064422607422,3.3483870029449463
2023,5,43.011335803642694,-101.006570546399,4.309677600860596,31.987096786499023,3.89032244682312
2023,5,43.011335803642694,-98.99434430997127,4.3290324211120605,32.72257995605469,3.0354838371276855
2023,5,43.011335803642694,-96.98211807354355,4.280645370483398,31.119354248046875,1.3258063793182373
2023,5,43.011335803642694,-94.96989183711581,4.63225793838501,33.370967864990234,3.6225805282592773
2023,5,43.011335803642694,-93.02953082341764,5.012903213500977,35.08064651489258,2.8258063793182373
2023,5,43.011335803642694,-91.01730458698992,3.816128969192505,38.716129302978516,2.0
2023,5,43.011335803642694,-89.0050783505622,4.138709545135498,39.09032440185547,1.0193548202514648
2023,5,43.011335803642694,-84.98062587770674,3.748387098312378,35.82258224487305,0.8451612591743469
2023,5,43.011335803642694,-82.968399641279,3.729032278060913,38.40967559814453,1.077419400215149
2023,5,43.011335803642694,-79.01581239115312,3.1064515113830566,44.193546295166016,1.3096773624420166
2023,5,43.011335803642694,-77.00358615472538,3.2354838848114014,45.883872985839844,2.1935484409332275
2023,5,43.011335803642694,-74.99135991829766,3.6032257080078125,41.33548355102539,1.545161247253418
2023,5,43.011335803642694,-72.97913368186992,4.106451511383057,41.83871078491211,2.996774196624756
2023,5,43.011335803642694,-70.9669074454422,4.551612854003906,38.3870964050293,3.6677420139312744
2023,5,45.023562040070416,-122.99732870164489,2.8354837894439697,47.725807189941406,0.4419355094432831
2023,5,45.023562040070416,-120.98510246521717,3.3258063793182373,34.2129020690918,1.6645160913467407
2023,5,45.023562040070416,-118.97287622878943,3.064516067504883,34.40967559814453,1.8193548917770386
2023,5,45.023562040070416,-117.03251521509127,2.7129032611846924,32.69355010986328,2.1225805282592773
2023,5,45.023562040070416,-115.02028897866354,2.9935483932495117,29.23870849609375,2.09354829788208
2023,5,45.023562040070416,-113.00806274223581,2.932258129119873,28.148387908935547,1.5064516067504883
2023,5,45.023562040070416,-110.99583650580809,3.6709678173065186,30.896774291992188,1.3129032850265503
2023,5,45.023562040070416,-108.98361026938035,2.6451613903045654,27.63225746154785,1.1290322542190552
2023,5,45.023562040070416,-106.97138403295263,3.4161291122436523,32.57741928100586,2.5322580337524414
2023,5,45.023562040070416,-105.03102301925446,3.3096773624420166,32.29999923706055,5.0
2023,5,45.023562040070416,-103.01879678282673,4.0580644607543945,31.458065032958984,3.654838800430298
2023,5,45.023562040070416,-101.006570546399,4.138709545135498,30.870967864990234,1.6870968341827393
2023,5,45.023562040070416,-98.99434430997127,3.683871030807495,30.103225708007812,2.903225898742676
2023,5,45.023562040070416,-96.98211807354355,5.03870964050293,35.14838790893555,1.0838710069656372
2023,5,45.023562040070416,-94.96989183711581,4.8967742919921875,33.58064651489258,2.861290454864502
2023,5,45.023562040070416,-93.02953082341764,4.2580647468566895,39.72257995605469,1.225806474685669
2023,5,45.023562040070416,-91.01730458698992,3.9225807189941406,40.464515686035156,1.293548345565796
2023,5,45.023562040070416,-89.0050783505622,4.809677600860596,42.19355010986328,1.3129032850265503
2023,5,45.023562040070416,-84.98062587770674,4.18709659576416,37.522579193115234,2.3096773624420166
2023,5,45.023562040070416,-74.99135991829766,4.03870964050293,39.477420806884766,2.183871030807495
2023,5,45.023562040070416,-72.97913368186992,4.364516258239746,39.651611328125,1.577419400215149
2023,5,45.023562040070416,-70.9669074454422,6.180644989013672,44.51935577392578,2.5290322303771973
2023,5,47.035788276498145,-122.99732870164489,3.3032257556915283,48.283870697021484,0.522580623626709
2023,5,47.035788276498145,-120.98510246521717,3.745161294937134,45.958065032958984,0.7193548083305359
2023,5,47.035788276498145,-118.97287622878943,2.503225803375244,27.69354820251465,0.47096773982048035
2023,5,47.035788276498145,-117.03251521509127,2.8741934299468994,36.91613006591797,1.7193548679351807
2023,5,47.035788276498145,-115.02028897866354,2.619354724884033,37.5612907409668,2.932258129119873
2023,5,47.035788276498145,-113.00806274223581,3.0741934776306152,31.819355010986328,2.745161294937134
2023,5,47.035788276498145,-110.99583650580809,3.751612901687622,37.7354850769043,2.7870967388153076
2023,5,47.035788276498145,-108.98361026938035,3.3516130447387695,34.064517974853516,3.2322580814361572
2023,5,47.035788276498145,-106.97138403295263,3.8258063793182373,33.454837799072266,3.293548345565796
2023,5,47.035788276498145,-105.03102301925446,3.6225807666778564,33.32258224487305,3.748387098312378
2023,5,47.035788276498145,-103.01879678282673,4.141935348510742,33.69032287597656,1.8806451559066772
2023,5,47.035788276498145,-101.006570546399,4.248387336730957,30.580644607543945,2.0354838371276855
2023,5,47.035788276498145,-98.99434430997127,4.677419185638428,33.90322494506836,3.3774192333221436
2023,5,47.035788276498145,-96.98211807354355,4.119354724884033,32.380645751953125,2.316128969192505
2023,5,47.035788276498145,-94.96989183711581,4.967741966247559,37.14516067504883,1.909677505493164
2023,5,47.035788276498145,-93.02953082341764,4.787096977233887,37.051612854003906,1.0580644607543945
2023,5,47.035788276498145,-89.0050783505622,4.561290264129639,40.40967559814453,1.9967741966247559
2023,5,48.97614929019631,-122.99732870164489,1.603225827217102,55.24516296386719,0.5645161271095276
2023,5,48.97614929019631,-120.98510246521717,3.341935396194458,43.77096939086914,0.8548387289047241
2023,5,48.97614929019631,-118.97287622878943,2.1290321350097656,45.74838638305664,2.4870967864990234
2023,5,48.97614929019631,-117.03251521509127,3.09354829788208,40.58064651489258,2.5838708877563477
2023,5,48.97614929019631,-115.02028897866354,3.4838709831237793,28.348386764526367,1.4709677696228027
2023,5,48.97614929019631,-113.00806274223581,3.1483871936798096,31.229032516479492,1.3161290884017944
2023,5,48.97614929019631,-110.99583650580809,3.4870967864990234,31.254838943481445,0.8387097120285034
2023,5,48.97614929019631,-108.98361026938035,3.541935443878174,31.732257843017578,1.9806451797485352
2023,5,48.97614929019631,-106.97138403295263,3.7838709354400635,32.50967788696289,1.319354772567749
2023,5,48.97614929019631,-105.03102301925446,3.912903308868408,32.50967788696289,1.6612902879714966
2023,5,48.97614929019631,-103.01879678282673,3.8709678649902344,33.51935577392578,2.319354772567749
2023,5,48.97614929019631,-101.006570546399,4.0,30.925806045532227,3.3548386096954346
2023,5,48.97614929019631,-98.99434430997127,4.63225793838501,30.21290397644043,0.448387086391449
2023,5,48.97614929019631,-96.98211807354355,4.512903213500977,30.677419662475586,0.9870967864990234
2023,5,48.97614929019631,-94.96989183711581,4.119354724884033,36.46128845214844,2.7580645084381104
2023,6,26.985391134950426,-98.99434430997127,4.886666774749756,28.649999618530273,1.306666612625122
2023,6,26.985391134950426,-81.02803862758084,2.6466665267944336,53.459999084472656,9.556666374206543
2023,6,28.997617371378155,-98.99434430997127,3.873333215713501,29.613332748413086,2.1066668033599854
2023,6,28.997617371378155,-96.98211807354355,4.679999828338623,42.72666549682617,0.9100000262260437
2023,6,28.997617371378155,-81.02803862758084,3.2933332920074463,49.59333419799805,10.286666870117188
2023,6,31.009843607805884,-105.03102301925446,3.6466667652130127,9.59000015258789,0.6233333349227905
2023,6,31.009843607805884,-103.01879678282673,3.6066665649414062,10.646666526794434,1.0099999904632568
2023,6,31.009843607805884,-101.006570546399,4.4033331871032715,20.043333053588867,0.3233333230018616
2023,6,31.009843607805884,-98.99434430997127,4.136666774749756,30.389999389648438,1.5700000524520874
2023,6,31.009843607805884,-96.98211807354355,4.226666450500488,31.636667251586914,1.4399999380111694
2023,6,31.009843607805884,-94.96989183711581,3.1433334350585938,43.50666809082031,2.2233333587646484
2023,6,31.009843607805884,-93.02953082341764,3.370000123977661,43.42000198364258,2.8999998569488525
2023,6,31.009843607805884,-91.01730458698992,3.129999876022339,46.03333282470703,3.263333320617676
2023,6,31.009843607805884,-89.0050783505622,2.943333387374878,47.64999771118164,4.146666526794434
2023,6,31.009843607805884,-86.99285211413446,3.2899999618530273,49.563331604003906,11.353333473205566
2023,6,31.009843607805884,-84.98062587770674,3.3266665935516357,53.0,7.246666431427002
2023,6,31.009843607805884,-82.968399641279,3.7233333587646484,46.233333587646484,6.546666622161865
2023,6,33.02206984423361,-117.03251521509127,2.7033333778381348,56.143333435058594,0.03333333507180214
2023,6,33.02206984423361,-115.02028897866354,2.9600000381469727,14.463333129882812,0.0
2023,6,33.02206984423361,-113.00806274223581,3.303333282470703,13.816666603088379,0.0
2023,6,33.02206984423361,-110.99583650580809,3.4100000858306885,12.0600004196167,0.0
2023,6,33.02206984423361,-108.98361026938035,4.383333206176758,9.573333740234375,0.0
2023,6,33.02206984423361,-106.97138403295263,3.950000047683716,8.823333740234375,0.06666667014360428
2023,6,33.02206984423361,-105.03102301925446,3.629999876022339,9.276666641235352,0.4833333194255829
2023,6,33.02206984423361,-103.01879678282673,3.990000009536743,14.423333168029785,1.399999976158142
2023,6,33.02206984423361,-101.006570546399,3.8999998569488525,26.549999237060547,3.0299999713897705
2023,6,33.02206984423361,-98.99434430997127,3.799999952316284,31.156665802001953,1.246666669845581
2023,6,33.02206984423361,-96.98211807354355,4.183333396911621,36.31999969482422,1.2166666984558105
2023,6,33.02206984423361,-94.96989183711581,3.9066667556762695,50.599998474121094,5.46999979019165
2023,6,33.02206984423361,-93.02953082341764,2.683333396911621,53.5533332824707,7.239999771118164
2023,6,33.02206984423361,-91.01730458698992,2.6600000858306885,51.4033317565918,4.329999923706055
2023,6,33.02206984423361,-89.0050783505622,2.7866666316986084,53.336666107177734,6.766666412353516
2023,6,33.02206984423361,-86.99285211413446,2.8266665935516357,49.98666763305664,3.2233333587646484
2023,6,33.02206984423361,-84.98062587770674,3.440000057220459,49.79666519165039,7.769999980926514
2023,6,33.02206984423361,-82.968399641279,3.3966667652130127,47.1966667175293,6.630000114440918
2023,6,33.02206984423361,-81.02803862758084,3.7799999713897705,48.836666107177734,7.333333492279053
2023,6,35.03429608066134,-118.97287622878943,4.193333148956299,30.829999923706055,0.11666666716337204
2023,6,35.03429608066134,-117.03251521509127,3.299999952316284,19.139999389648438,0.0
2023,6,35.03429608066134,-115.02028897866354,3.7899999618530273,11.853333473205566,0.029999999329447746
2023,6,35.03429608066134,-113.00806274223581,4.159999847412109,9.980000495910645,0.02666666731238365
2023,6,35.03429608066134,-110.99583650580809,4.440000057220459,12.433333396911621,0.020000001415610313
2023,6,35.03429608066134,-108.98361026938035,3.986666679382324,11.213333129882812,0.1066666692495346
2023,6,35.03429608066134,-106.97138403295263,3.809999942779541,10.193333625793457,0.3233333230018616
2023,6,35.03429608066134,-105.03102301925446,3.7699999809265137,14.519999504089355,1.9366666078567505
2023,6,35.03429608066134,-103.01879678282673,4.269999980926514,23.71666717529297,3.319999933242798
2023,6,35.03429608066134,-101.006570546399,4.006666660308838,34.71666717529297,1.9700000286102295
2023,6,35.03429608066134,-98.99434430997127,3.696666717529297,38.45333480834961,4.556666851043701
2023,6,35.03429608066134,-96.98211807354355,3.9200000762939453,45.88333511352539,2.81333327293396
2023,6,35.03429608066134,-94.96989183711581,2.799999952316284,48.746665954589844,2.7266666889190674
2023,6,35.03429608066134,-93.02953082341764,2.6533334255218506,48.119998931884766,2.823333263397217
2023,6,35.03429608066134,-91.01730458698992,2.8433332443237305,44.913333892822266,2.7933332920074463
2023,6,35.03429608066134,-89.0050783505622,2.9800000190734863,48.80666732788086,2.8533332347869873
2023,6,35.03429608066134,-86.99285211413446,3.180000066757202,48.95000076293945,1.9733333587646484
2023,6,35.03429608066134,-84.98062587770674,3.1666667461395264,50.11666488647461,6.366666316986084
2023,6,35.03429608066134,-82.968399641279,4.37666654586792,56.959999084472656,6.396666526794434
2023,6,35.03429608066134,-81.02803862758084,3.1500000953674316,45.130001068115234,3.5
2023,6,35.03429608066134,-79.01581239115312,3.556666612625122,42.776668548583984,6.509999752044678
2023,6,35.03429608066134,-77.00358615472538,2.946666717529297,50.34333419799805,3.4066667556762695
2023,6,36.97465709435951,-120.98510246521717,3.7100000381469727,31.496665954589844,0.0
2023,6,36.97465709435951,-118.97287622878943,2.013333320617676,37.116668701171875,0.503333330154419
2023,6,36.97465709435951,-117.03251521509127,3.1600000858306885,17.81333351135254,0.3199999928474426
2023,6,36.97465709435951,-115.02028897866354,2.993333339691162,10.876667022705078,0.3033333420753479
2023,6,36.97465709435951,-113.00806274223581,3.630000114440918,10.8100004196167,0.3633333146572113
2023,6,36.97465709435951,-110.99583650580809,4.130000114440918,10.826666831970215,0.10999999940395355
2023,6,36.97465709435951,-108.98361026938035,2.9000000953674316,12.166666984558105,0.08666666597127914
2023,6,36.97465709435951,-106.97138403295263,3.990000009536743,15.983333587646484,0.949999988079071
2023,6,36.97465709435951,-105.03102301925446,4.113333225250244,24.373332977294922,2.746666669845581
2023,6,36.97465709435951,-103.01879678282673,4.190000057220459,31.049999237060547,2.93666672706604
2023,6,36.97465709435951,-101.006570546399,3.5899999141693115,37.973331451416016,3.496666669845581
2023,6,36.97465709435951,-98.99434430997127,3.4633333683013916,36.983333587646484,4.119999885559082
2023,6,36.97465709435951,-96.98211807354355,3.4700000286102295,36.616668701171875,4.5933332443237305
2023,6,36.97465709435951,-94.96989183711581,3.1433334350585938,39.540000915527344,1.6733332872390747
2023,6,36.97465709435951,-93.02953082341764,3.2133333683013916,45.65666580200195,1.9733333587646484
2023,6,36.97465709435951,-91.01730458698992,3.180000066757202,39.90666580200195,0.4033333361148834
2023,6,36.97465709435951,-89.0050783505622,3.0166666507720947,40.540000915527344,1.1066666841506958
2023,6,36.97465709435951,-86.99285211413446,3.18666672706604,47.62333297729492,4.436666965484619
2023,6,36.97465709435951,-84.98062587770674,3.0166666507720947,52.66666793823242,4.889999866485596
2023,6,36.97465709435951,-82.968399641279,3.693333387374878,48.810001373291016,2.443333387374878
2023,6,36.97465709435951,-81.02803862758084,3.5899999141693115,48.35333251953125,2.8566665649414062
2023,6,36.97465709435951,-79.01581239115312,3.5199999809265137,43.766666412353516,3.263333320617676
2023,6,36.97465709435951,-77.00358615472538,3.426666736602783,46.55666732788086,4.4066667556762695
2023,6,38.986883330787236,-122.99732870164489,6.056666851043701,35.68333435058594,0.03333333507180214
2023,6,38.986883330787236,-120.98510246521717,2.680000066757202,37.56666564941406,0.10333333164453506
2023,6,38.986883330787236,-118.97287622878943,3.059999942779541,25.27666664123535,1.0399999618530273
2023,6,38.986883330787236,-117.03251521509127,3.129999876022339,19.309999465942383,0.6866666674613953
2023,6,38.986883330787236,-115.02028897866354,3.756666660308838,18.59666633605957,0.5300000309944153
2023,6,38.986883330787236,-113.00806274223581,2.7966666221618652,13.380000114440918,0.4866666793823242
2023,6,38.986883330787236,-110.99583650580809,3.3533332347869873,18.59000015258789,0.54666668176651
2023,6,38.986883330787236,-108.98361026938035,2.9666666984558105,12.859999656677246,0.39000001549720764
2023,6,38.986883330787236,-106.97138403295263,4.166666507720947,27.366666793823242,1.309999942779541
2023,6,38.986883330787236,-105.03102301925446,3.6066665649414062,33.810001373291016,4.083333492279053
2023,6,38.986883330787236,-103.01879678282673,3.4733333587646484,30.940000534057617,6.960000038146973
2023,6,38.986883330787236,-101.006570546399,3.6566667556762695,33.87666702270508,4.440000057220459
2023,6,38.986883330787236,-98.99434430997127,3.56333327293396,31.98666763305664,4.62333345413208
2023,6,38.986883330787236,-96.98211807354355,3.1466667652130127,33.36333465576172,4.863333225250244
2023,6,38.986883330787236,-94.96989183711581,3.25,36.9900016784668,2.256666660308838
2023,6,38.986883330787236,-93.02953082341764,3.193333387374878,33.76333236694336,0.8533333539962769
2023,6,38.986883330787236,-91.01730458698992,3.6033334732055664,35.61333465576172,1.7633333206176758
2023,6,38.986883330787236,-89.0050783505622,3.7300000190734863,36.926666259765625,1.3133333921432495
2023,6,38.986883330787236,-86.99285211413446,3.613333225250244,41.21333312988281,2.7666666507720947
2023,6,38.986883330787236,-84.98062587770674,3.0799999237060547,46.53333282470703,2.4200000762939453
2023,6,38.986883330787236,-82.968399641279,3.5933332443237305,45.3033332824707,2.4733333587646484
2023,6,38.986883330787236,-81.02803862758084,3.256666660308838,46.98666763305664,2.240000009536743
2023,6,38.986883330787236,-79.01581239115312,3.8966667652130127,43.73999786376953,2.8600001335144043
2023,6,38.986883330787236,-77.00358615472538,3.5766665935516357,42.71666717529297,1.556666612625122
2023,6,38.986883330787236,-74.99135991829766,3.873333215713501,55.63666534423828,1.4666666984558105
2023,6,40.999109567214965,-122.99732870164489,3.013333320617676,45.4466667175293,0.6800000071525574
2023,6,40.999109567214965,-120.98510246521717,3.2833333015441895,28.71666717529297,1.90666663646698
2023,6,40.999109567214965,-118.97287622878943,3.1366665363311768,23.996665954589844,0.653333306312561
2023,6,40.999109567214965,-117.03251521509127,3.366666555404663,25.469999313354492,0.7066666483879089
2023,6,40.999109567214965,-115.02028897866354,2.6433334350585938,32.42000198364258,1.1699999570846558
2023,6,40.999109567214965,-113.00806274223581,2.0333333015441895,26.43666648864746,0.5566666722297668
2023,6,40.999109567214965,-110.99583650580809,3.549999952316284,31.23666763305664,1.7366666793823242
2023,6,40.999109567214965,-108.98361026938035,3.6533334255218506,23.25,2.0166666507720947
2023,6,40.999109567214965,-106.97138403295263,3.8633334636688232,24.906665802001953,1.440000057220459
2023,6,40.999109567214965,-105.03102301925446,3.2066667079925537,32.63666534423828,3.426666736602783
2023,6,40.999109567214965,-103.01879678282673,3.6600000858306885,34.150001525878906,5.316666603088379
2023,6,40.999109567214965,-101.006570546399,3.7066667079925537,33.900001525878906,2.569999933242798
2023,6,40.999109567214965,-98.99434430997127,3.5333333015441895,32.426666259765625,5.136666774749756
2023,6,40.999109567214965,-96.98211807354355,3.566666603088379,28.100000381469727,3.0999999046325684
2023,6,40.999109567214965,-94.96989183711581,3.7699999809265137,31.343332290649414,2.0166666507720947
2023,6,40.999109567214965,-93.02953082341764,3.680000066757202,33.356666564941406,1.6200000047683716
2023,6,40.999109567214965,-91.01730458698992,3.5266666412353516,36.3466682434082,1.81333327293396
2023,6,40.999109567214965,-89.0050783505622,3.6666667461395264,33.0966682434082,1.506666660308838
2023,6,40.999109567214965,-86.99285211413446,3.6466665267944336,36.753334045410156,1.2666666507720947
2023,6,40.999109567214965,-84.98062587770674,3.6433331966400146,38.36000061035156,2.120000123977661
2023,6,40.999109567214965,-82.968399641279,3.7200000286102295,42.163333892822266,3.259999990463257
2023,6,40.999109567214965,-81.02803862758084,3.6399998664855957,42.44333267211914,2.12333345413208
2023,6,40.999109567214965,-79.01581239115312,3.7166666984558105,44.349998474121094,3.3533332347869873
2023,6,40.999109567214965,-77.00358615472538,3.613333225250244,44.18666458129883,4.486666679382324
2023,6,40.999109567214965,-74.99135991829766,3.493333339691162,46.98666763305664,5.87666654586792
2023,6,40.999109567214965,-72.97913368186992,3.8499999046325684,56.00666427612305,1.8733333349227905
2023,6,43.011335803642694,-122.99732870164489,4.106666564941406,36.586666107177734,0.5400000214576721
2023,6,43.011335803642694,-120.98510246521717,3.2833333015441895,26.260000228881836,1.1399999856948853
2023,6,43.011335803642694,-118.97287622878943,2.5899999141693115,34.65999984741211,2.0466666221618652
2023,6,43.011335803642694,-117.03251521509127,3.2333333492279053,36.880001068115234,1.7933332920074463
2023,6,43.011335803642694,-115.02028897866354,2.62666654586792,28.233333587646484,0.44333332777023315
2023,6,43.011335803642694,-113.00806274223581,2.6566667556762695,33.25666809082031,0.7099999785423279
2023,6,43.011335803642694,-110.99583650580809,3.263333320617676,34.4466667175293,2.1733334064483643
2023,6,43.011335803642694,-108.98361026938035,2.1033332347869873,39.84333419799805,3.3533334732055664
2023,6,43.011335803642694,-106.97138403295263,3.3933331966400146,33.3033332824707,3.503333330154419
2023,6,43.011335803642694,-105.03102301925446,3.3466665744781494,34.57666778564453,3.369999885559082
2023,6,43.011335803642694,-103.01879678282673,2.993333339691162,32.12666702270508,3.5833334922790527
2023,6,43.011335803642694,-101.006570546399,3.740000009536743,33.7599983215332,6.163333415985107
2023,6,43.011335803642694,-98.99434430997127,3.8999998569488525,28.860000610351562,6.056666374206543
2023,6,43.011335803642694,-96.98211807354355,3.323333263397217,29.123332977294922,2.259999990463257
2023,6,43.011335803642694,-94.96989183711581,3.3433332443237305,34.526668548583984,2.816666603088379
2023,6,43.011335803642694,-93.02953082341764,3.7100000381469727,36.003334045410156,2.6466667652130127
2023,6,43.011335803642694,-91.01730458698992,2.9600000381469727,34.91666793823242,1.559999942779541
2023,6,43.011335803642694,-89.0050783505622,3.5266666412353516,38.27666473388672,0.746666669845581
2023,6,43.011335803642694,-84.98062587770674,3.5899999141693115,35.983333587646484,1.8100000619888306
2023,6,43.011335803642694,-82.968399641279,3.5233333110809326,45.0433349609375,2.133333444595337
2023,6,43.011335803642694,-79.01581239115312,3.1733334064483643,49.310001373291016,2.1700000762939453
2023,6,43.011335803642694,-77.00358615472538,3.240000009536743,53.41666793823242,2.926666736602783
2023,6,43.011335803642694,-74.99135991829766,3.2200000286102295,51.323333740234375,4.106666564941406
2023,6,43.011335803642694,-72.97913368186992,3.0199999809265137,57.483333587646484,5.550000190734863
2023,6,43.011335803642694,-70.9669074454422,3.1500000953674316,57.37666702270508,4.276666641235352
2023,6,45.023562040070416,-122.99732870164489,3.013333320617676,43.20000076293945,0.28333333134651184
2023,6,45.023562040070416,-120.98510246521717,3.4666666984558105,27.040000915527344,0.06666667014360428
2023,6,45.023562040070416,-118.97287622878943,3.0966665744781494,30.453332901000977,1.0433332920074463
2023,6,45.023562040070416,-117.03251521509127,2.9066667556762695,32.13666534423828,1.5366666316986084
2023,6,45.023562040070416,-115.02028897866354,2.940000057220459,38.1533317565918,4.010000228881836
2023,6,45.023562040070416,-113.00806274223581,2.440000057220459,37.253334045410156,2.0899999141693115
2023,6,45.023562040070416,-110.99583650580809,3.0199999809265137,41.380001068115234,4.5966668128967285
2023,6,45.023562040070416,-108.98361026938035,2.5199999809265137,40.37333297729492,3.933333396911621
2023,6,45.023562040070416,-106.97138403295263,2.5833332538604736,44.900001525878906,6.449999809265137
2023,6,45.023562040070416,-105.03102301925446,2.9100000858306885,38.0433349609375,2.683333396911621
2023,6,45.023562040070416,-103.01879678282673,3.7200000286102295,35.30666732788086,7.650000095367432
2023,6,45.023562040070416,-101.006570546399,3.799999952316284,29.48666763305664,3.7799999713897705
2023,6,45.023562040070416,-98.99434430997127,3.1366665363311768,30.30666732788086,4.233333587646484
2023,6,45.023562040070416,-96.98211807354355,4.0933332443237305,32.46333312988281,1.6966665983200073
2023,6,45.023562040070416,-94.96989183711581,3.866666793823242,35.66666793823242,3.200000047683716
2023,6,45.023562040070416,-93.02953082341764,3.2799999713897705,35.31999969482422,0.9166666865348816
2023,6,45.023562040070416,-91.01730458698992,2.9000000953674316,39.25,3.246666669845581
2023,6,45.023562040070416,-89.0050783505622,3.7333333492279053,43.9900016784668,1.7933332920074463
2023,6,45.023562040070416,-84.98062587770674,3.630000114440918,40.85333251953125,2.8433332443237305
2023,6,45.023562040070416,-74.99135991829766,3.116666555404663,48.63333511352539,1.5766667127609253
2023,6,45.023562040070416,-72.97913368186992,3.193333387374878,53.439998626708984,3.6633334159851074
2023,6,45.023562040070416,-70.9669074454422,3.9666666984558105,61.560001373291016,3.569999933242798
2023,6,47.035788276498145,-122.99732870164489,3.386666774749756,51.60333251953125,0.7766666412353516
2023,6,47.035788276498145,-120.98510246521717,3.8566665649414062,38.90666580200195,1.25
2023,6,47.035788276498145,-118.97287622878943,2.7300000190734863,22.90333366394043,0.0533333346247673
2023,6,47.035788276498145,-117.03251521509127,2.9200000762939453,34.59333419799805,0.7166666984558105
2023,6,47.035788276498145,-115.02028897866354,2.5999999046325684,38.78666687011719,3.7766666412353516
2023,6,47.035788276498145,-113.00806274223581,2.8966667652130127,34.56666564941406,1.809999942779541
2023,6,47.035788276498145,-110.99583650580809,3.609999895095825,44.400001525878906,5.223333358764648
2023,6,47.035788276498145,-108.98361026938035,2.8333332538604736,42.61333465576172,5.333333492279053
2023,6,47.035788276498145,-106.97138403295263,3.0299999713897705,35.55666732788086,4.563333511352539
2023,6,47.035788276498145,-105.03102301925446,3.069999933242798,33.900001525878906,4.163333415985107
2023,6,47.035788276498145,-103.01879678282673,3.746666669845581,33.32666778564453,2.6600000858306885
2023,6,47.035788276498145,-101.006570546399,3.7833333015441895,34.23666763305664,6.700000286102295
2023,6,47.035788276498145,-98.99434430997127,4.070000171661377,33.93333435058594,5.363333225250244
2023,6,47.035788276498145,-96.98211807354355,3.4666666984558105,34.746665954589844,4.026666641235352
2023,6,47.035788276498145,-94.96989183711581,4.059999942779541,44.279998779296875,1.9233334064483643
2023,6,47.035788276498145,-93.02953082341764,3.5833332538604736,43.086666107177734,2.7799999713897705
2023,6,47.035788276498145,-89.0050783505622,3.366666793823242,48.516666412353516,2.559999942779541
2023,6,48.97614929019631,-122.99732870164489,1.8033332824707031,54.25666809082031,0.6233333349227905
2023,6,48.97614929019631,-120.98510246521717,3.6566667556762695,45.266666412353516,1.1166666746139526
2023,6,48.97614929019631,-118.97287622878943,2.299999952316284,39.96666717529297,0.8899999856948853
2023,6,48.97614929019631,-117.03251521509127,3.446666717529297,36.77333450317383,1.7000000476837158
2023,6,48.97614929019631,-115.02028897866354,3.690000057220459,27.139999389648438,2.1666667461395264
2023,6,48.97614929019631,-113.00806274223581,3.569999933242798,33.80666732788086,1.6366666555404663
2023,6,48.97614929019631,-110.99583650580809,4.070000171661377,35.91666793823242,2.8566665649414062
2023,6,48.97614929019631,-108.98361026938035,3.629999876022339,32.336666107177734,2.6033332347869873
2023,6,48.97614929019631,-106.97138403295263,3.506666660308838,31.18666648864746,2.196666717529297
2023,6,48.97614929019631,-105.03102301925446,3.446666717529297,28.360000610351562,2.236666679382324
2023,6,48.97614929019631,-103.01879678282673,3.4800000190734863,29.30666732788086,1.2400000095367432
2023,6,48.97614929019631,-101.006570546399,3.4633333683013916,29.3266658782959,2.2833333015441895
2023,6,48.97614929019631,-98.99434430997127,3.5433332920074463,31.763334274291992,3.183333396911621
2023,6,48.97614929019631,-96.98211807354355,3.6033332347869873,35.4900016784668,4.043333530426025
2023,6,48.97614929019631,-94.96989183711581,3.940000057220459,45.3033332824707,3.140000104904175
2023,7,26.985391134950426,-98.99434430997127,5.690322399139404,26.609678268432617,0.0
2023,7,26.985391134950426,-81.02803862758084,2.0290322303771973,50.48064422607422,6.509677410125732
2023,7,28.997617371378155,-98.99434430997127,4.22580623626709,25.958065032958984,0.596774160861969
2023,7,28.997617371378155,-96.98211807354355,4.81290340423584,39.44193649291992,0.800000011920929
2023,7,28.997617371378155,-81.02803862758084,2.458064556121826,51.5387077331543,6.203226089477539
2023,7,31.009843607805884,-105.03102301925446,3.322580575942993,15.5,0.4096774160861969
2023,7,31.009843607805884,-103.01879678282673,3.9193549156188965,17.261289596557617,0.42903226613998413
2023,7,31.009843607805884,-101.006570546399,4.377419471740723,24.01935577392578,0.5354838371276855
2023,7,31.009843607805884,-98.99434430997127,4.209677219390869,22.8935489654541,0.3193548619747162
2023,7,31.009843607805884,-96.98211807354355,4.561290264129639,23.100000381469727,0.0
2023,7,31.009843607805884,-94.96989183711581,3.6419355869293213,36.022579193115234,0.49677416682243347
2023,7,31.009843607805884,-93.02953082341764,3.774193525314331,39.7645149230957,2.254838705062866
2023,7,31.009843607805884,-91.01730458698992,3.277419328689575,44.141937255859375,5.306451797485352
2023,7,31.009843607805884,-89.0050783505622,2.590322494506836,47.53871154785156,6.183870792388916
2023,7,31.009843607805884,-86.99285211413446,2.725806474685669,49.82903289794922,6.064516067504883
2023,7,31.009843607805884,-84.98062587770674,2.6483869552612305,55.0387077331543,4.087096691131592
2023,7,31.009843607805884,-82.968399641279,3.0,45.4387092590332,3.3096773624420166
2023,7,33.02206984423361,-117.03251521509127,2.403225898742676,37.95161437988281,0.0
2023,7,33.02206984423361,-115.02028897866354,3.458064556121826,10.751612663269043,0.04838709905743599
2023,7,33.02206984423361,-113.00806274223581,3.454838752746582,13.135483741760254,0.025806451216340065
2023,7,33.02206984423361,-110.99583650580809,3.364516019821167,14.645161628723145,0.4677419364452362
2023,7,33.02206984423361,-108.98361026938035,3.3483870029449463,10.916129112243652,1.080645203590393
2023,7,33.02206984423361,-106.97138403295263,2.838709592819214,10.796773910522461,0.7548387050628662
2023,7,33.02206984423361,-105.03102301925446,3.4838709831237793,15.62580680847168,0.3935483992099762
2023,7,33.02206984423361,-103.01879678282673,4.4193549156188965,18.200000762939453,1.1161290407180786
2023,7,33.02206984423361,-101.006570546399,4.003225803375244,23.870967864990234,1.8387097120285034
2023,7,33.02206984423361,-98.99434430997127,3.590322494506836,23.525806427001953,1.2774193286895752
2023,7,33.02206984423361,-96.98211807354355,4.064516067504883,27.254838943481445,0.5580645203590393
2023,7,33.02206984423361,-94.96989183711581,3.9870967864990234,46.377418518066406,4.032258033752441
2023,7,33.02206984423361,-93.02953082341764,2.7129032611846924,50.72257995605469,5.46129035949707
2023,7,33.02206984423361,-91.01730458698992,2.745161294937134,50.448387145996094,1.5870968103408813
2023,7,33.02206984423361,-89.0050783505622,2.5774192810058594,54.72257995605469,9.358064651489258
2023,7,33.02206984423361,-86.99285211413446,2.429032325744629,50.04838562011719,3.8709676265716553
2023,7,33.02206984423361,-84.98062587770674,2.8548386096954346,49.445159912109375,3.183871030807495
2023,7,33.02206984423361,-82.968399641279,2.793548345565796,45.66774368286133,2.883871078491211
2023,7,33.02206984423361,-81.02803862758084,3.1193549633026123,48.73870849609375,4.987096786499023
2023,7,35.03429608066134,-118.97287622878943,3.4645161628723145,11.409677505493164,0.0
2023,7,35.03429608066134,-117.03251521509127,3.019354820251465,8.551612854003906,0.0
2023,7,35.03429608066134,-115.02028897866354,3.7580645084381104,9.883871078491211,0.0
2023,7,35.03429608066134,-113.00806274223581,3.116128921508789,10.5,1.3903225660324097
2023,7,35.03429608066134,-110.99583650580809,3.3741936683654785,11.629032135009766,0.12903225421905518
2023,7,35.03429608066134,-108.98361026938035,2.9677419662475586,10.167741775512695,0.1387096792459488
2023,7,35.03429608066134,-106.97138403295263,2.587096691131592,10.006451606750488,0.2387096881866455
2023,7,35.03429608066134,-105.03102301925446,3.4677419662475586,16.02903175354004,1.4290322065353394
2023,7,35.03429608066134,-103.01879678282673,4.545161247253418,22.993547439575195,1.2451612949371338
2023,7,35.03429608066134,-101.006570546399,4.206451416015625,28.5,3.387096881866455
2023,7,35.03429608066134,-98.99434430997127,3.858064651489258,31.235483169555664,3.5806453227996826
2023,7,35.03429608066134,-96.98211807354355,4.232257843017578,40.72903060913086,4.7354841232299805
2023,7,35.03429608066134,-94.96989183711581,3.0129032135009766,46.00967788696289,4.090322494506836
2023,7,35.03429608066134,-93.02953082341764,2.596774101257324,48.31935501098633,5.416129112243652
2023,7,35.03429608066134,-91.01730458698992,3.138709783554077,49.532257080078125,3.725806474685669
2023,7,35.03429608066134,-89.0050783505622,3.180645227432251,54.64193344116211,4.393548488616943
2023,7,35.03429608066134,-86.99285211413446,2.9451613426208496,55.27742004394531,5.183870792388916
2023,7,35.03429608066134,-84.98062587770674,2.632258176803589,52.564517974853516,4.287096977233887
2023,7,35.03429608066134,-82.968399641279,3.4419355392456055,57.2129020690918,5.729032039642334
2023,7,35.03429608066134,-81.02803862758084,2.683871030807495,45.9387092590332,4.293548583984375
2023,7,35.03429608066134,-79.01581239115312,3.161290407180786,45.709678649902344,4.841935634613037
2023,7,35.03429608066134,-77.00358615472538,2.6225805282592773,52.52903366088867,4.777419090270996
2023,7,36.97465709435951,-120.98510246521717,3.503225803375244,17.24838638305664,0.0
2023,7,36.97465709435951,-118.97287622878943,2.0064516067504883,11.503226280212402,0.0
2023,7,36.97465709435951,-117.03251521509127,3.4387097358703613,8.032258033752441,0.04516128823161125
2023,7,36.97465709435951,-115.02028897866354,3.225806474685669,6.59354829788208,0.0
2023,7,36.97465709435951,-113.00806274223581,3.454838752746582,7.561290264129639,0.1322580724954605
2023,7,36.97465709435951,-110.99583650580809,3.609677314758301,9.37419319152832,0.2709677517414093
2023,7,36.97465709435951,-108.98361026938035,2.635483980178833,9.954838752746582,0.14516128599643707
2023,7,36.97465709435951,-106.97138403295263,3.480645179748535,13.27419376373291,0.2290322631597519
2023,7,36.97465709435951,-105.03102301925446,3.116128921508789,19.919355392456055,0.9612902998924255
2023,7,36.97465709435951,-103.01879678282673,4.067741870880127,27.95161247253418,2.774193525314331
2023,7,36.97465709435951,-101.006570546399,3.9225807189941406,37.02580642700195,5.977419376373291
2023,7,36.97465709435951,-98.99434430997127,3.7903225421905518,37.035484313964844,6.3290324211120605
2023,7,36.97465709435951,-96.98211807354355,3.7354838848114014,38.196773529052734,3.5838708877563477
2023,7,36.97465709435951,-94.96989183711581,3.7096774578094482,38.42258071899414,4.022580623626709
2023,7,36.97465709435951,-93.02953082341764,3.6290321350097656,45.04838562011719,5.432258129119873
2023,7,36.97465709435951,-91.01730458698992,3.477419376373291,45.293548583984375,2.977419376373291
2023,7,36.97465709435951,-89.0050783505622,3.1290323734283447,52.283870697021484,9.76451587677002
2023,7,36.97465709435951,-86.99285211413446,3.2903225421905518,54.303226470947266,3.090322494506836
2023,7,36.97465709435951,-84.98062587770674,2.9838709831237793,55.02580642700195,3.2870967388153076
2023,7,36.97465709435951,-82.968399641279,3.229032278060913,51.687095642089844,3.6645162105560303
2023,7,36.97465709435951,-81.02803862758084,2.7419354915618896,48.77096939086914,4.383871078491211
2023,7,36.97465709435951,-79.01581239115312,2.8967742919921875,48.14838790893555,5.138709545135498
2023,7,36.97465709435951,-77.00358615472538,2.9419355392456055,49.312904357910156,5.083870887756348
2023,7,38.986883330787236,-122.99732870164489,7.2645158767700195,22.093547821044922,0.0
2023,7,38.986883330787236,-120.98510246521717,2.3774192333221436,19.725807189941406,0.0
2023,7,38.986883330787236,-118.97287622878943,2.7612903118133545,13.106451988220215,0.10967741906642914
2023,7,38.986883330787236,-117.03251521509127,2.9612903594970703,10.474193572998047,0.10967741906642914
2023,7,38.986883330787236,-115.02028897866354,3.8290321826934814,10.970967292785645,0.20000000298023224
2023,7,38.986883330787236,-113.00806274223581,2.748387098312378,10.316128730773926,0.36129030585289
2023,7,38.986883330787236,-110.99583650580809,3.022580623626709,13.08709716796875,0.3774193525314331
2023,7,38.986883330787236,-108.98361026938035,2.567741870880127,9.467741966247559,0.0
2023,7,38.986883330787236,-106.97138403295263,3.954838752746582,21.974193572998047,0.2129032164812088
2023,7,38.986883330787236,-105.03102301925446,3.177419424057007,28.8258056640625,2.2096774578094482
2023,7,38.986883330787236,-103.01879678282673,3.064516067504883,27.47096824645996,2.180645227432251
2023,7,38.986883330787236,-101.006570546399,3.4483871459960938,33.138710021972656,4.722580432891846
2023,7,38.986883330787236,-98.99434430997127,3.7903225421905518,35.7645149230957,2.8774194717407227
2023,7,38.986883330787236,-96.98211807354355,3.503225803375244,35.216129302978516,4.229032039642334
2023,7,38.986883330787236,-94.96989183711581,3.616129159927368,40.60322570800781,5.106451511383057
2023,7,38.986883330787236,-93.02953082341764,3.545161247253418,36.83548355102539,2.4838709831237793
2023,7,38.986883330787236,-91.01730458698992,3.7387096881866455,38.400001525878906,2.9387097358703613
2023,7,38.986883330787236,-89.0050783505622,3.683871030807495,42.867740631103516,1.6741936206817627
2023,7,38.986883330787236,-86.99285211413446,3.319354772567749,51.17096710205078,4.216129302978516
2023,7,38.986883330787236,-84.98062587770674,2.816128969192505,53.26129150390625,3.3516128063201904
2023,7,38.986883330787236,-82.968399641279,3.135483980178833,49.12580490112305,3.338709592819214
2023,7,38.986883330787236,-81.02803862758084,2.751612901687622,51.81612777709961,4.78064489364624
2023,7,38.986883330787236,-79.01581239115312,2.929032325744629,44.58386993408203,2.451612949371338
2023,7,38.986883330787236,-77.00358615472538,2.7096774578094482,46.30644989013672,4.870967864990234
2023,7,38.986883330787236,-74.99135991829766,2.8709678649902344,51.719356536865234,5.490322589874268
2023,7,40.999109567214965,-122.99732870164489,2.541935443878174,31.864517211914062,0.0
2023,7,40.999109567214965,-120.98510246521717,3.222580671310425,16.48064422607422,0.0
2023,7,40.999109567214965,-118.97287622878943,3.138709783554077,11.04838752746582,0.0
2023,7,40.999109567214965,-117.03251521509127,3.0741934776306152,12.025806427001953,0.04838709533214569
2023,7,40.999109567214965,-115.02028897866354,2.8290321826934814,16.870967864990234,0.21612903475761414
2023,7,40.999109567214965,-113.00806274223581,2.2354838848114014,14.570967674255371,0.16774193942546844
2023,7,40.999109567214965,-110.99583650580809,4.254838943481445,20.793548583984375,0.264516144990921
2023,7,40.999109567214965,-108.98361026938035,3.541935443878174,17.13225746154785,1.045161247253418
2023,7,40.999109567214965,-106.97138403295263,4.177419185638428,19.67096710205078,0.7096773982048035
2023,7,40.999109567214965,-105.03102301925446,3.222580671310425,25.729032516479492,3.587096691131592
2023,7,40.999109567214965,-103.01879678282673,3.229032278060913,28.99032211303711,2.3967742919921875
2023,7,40.999109567214965,-101.006570546399,3.1032257080078125,36.400001525878906,2.2580645084381104
2023,7,40.999109567214965,-98.99434430997127,3.4000000953674316,37.780643463134766,2.6935484409332275
2023,7,40.999109567214965,-96.98211807354355,3.3258063793182373,46.467742919921875,6.341935634613037
2023,7,40.999109567214965,-94.96989183711581,3.548387050628662,44.129032135009766,3.3741934299468994
2023,7,40.999109567214965,-93.02953082341764,3.4677419662475586,39.45161437988281,2.7838709354400635
2023,7,40.999109567214965,-91.01730458698992,3.2806451320648193,43.545162200927734,4.280645370483398
2023,7,40.999109567214965,-89.0050783505622,3.158064603805542,47.20000076293945,6.090322494506836
2023,7,40.999109567214965,-86.99285211413446,2.8096773624420166,48.16128921508789,3.409677505493164
2023,7,40.999109567214965,-84.98062587770674,2.838709592819214,48.706451416015625,4.277419567108154
2023,7,40.999109567214965,-82.968399641279,3.0161290168762207,49.32903289794922,3.1483871936798096
2023,7,40.999109567214965,-81.02803862758084,3.064516067504883,48.709678649902344,3.729032278060913
2023,7,40.999109567214965,-79.01581239115312,3.003225803375244,50.48387145996094,4.567741870880127
2023,7,40.999109567214965,-77.00358615472538,2.887096881866455,51.97419357299805,6.948387145996094
2023,7,40.999109567214965,-74.99135991829766,2.9612903594970703,50.32258224487305,6.629032135009766
2023,7,40.999109567214965,-72.97913368186992,3.3548386096954346,56.716129302978516,4.90645170211792
2023,7,43.011335803642694,-122.99732870164489,4.03870964050293,28.183870315551758,0.0
2023,7,43.011335803642694,-120.98510246521717,2.7870967388153076,16.445161819458008,0.06451612710952759
2023,7,43.011335803642694,-118.97287622878943,2.564516067504883,13.216129302978516,0.03870967775583267
2023,7,43.011335803642694,-117.03251521509127,3.1290321350097656,15.367741584777832,0.0
2023,7,43.011335803642694,-115.02028897866354,2.7870967388153076,13.841935157775879,0.0
2023,7,43.011335803642694,-113.00806274223581,3.096774101257324,16.967741012573242,0.029032256454229355
2023,7,43.011335803642694,-110.99583650580809,4.161290168762207,20.435483932495117,0.39677420258522034
2023,7,43.011335803642694,-108.98361026938035,2.3741934299468994,22.725807189941406,0.8903225660324097
2023,7,43.011335803642694,-106.97138403295263,3.141935348510742,19.88387107849121,0.6806451678276062
2023,7,43.011335803642694,-105.03102301925446,2.9000000953674316,25.274192810058594,1.8193548917770386
2023,7,43.011335803642694,-103.01879678282673,2.6516129970550537,29.267742156982422,3.81290340423584
2023,7,43.011335803642694,-101.006570546399,3.2193548679351807,34.464515686035156,5.545161247253418
2023,7,43.011335803642694,-98.99434430997127,3.341935634613037,35.82258224487305,2.70322585105896
2023,7,43.011335803642694,-96.98211807354355,3.1645162105560303,36.74516296386719,4.748386859893799
2023,7,43.011335803642694,-94.96989183711581,3.474193572998047,40.09677505493164,1.5161290168762207
2023,7,43.011335803642694,-93.02953082341764,3.70322585105896,41.01290512084961,4.019354820251465
2023,7,43.011335803642694,-91.01730458698992,3.1483871936798096,39.467742919921875,4.322580814361572
2023,7,43.011335803642694,-89.0050783505622,3.4161291122436523,40.63548278808594,4.087096691131592
2023,7,43.011335803642694,-84.98062587770674,3.2612903118133545,43.954837799072266,5.467741966247559
2023,7,43.011335803642694,-82.968399641279,2.9935483932495117,51.041934967041016,7.877419471740723
2023,7,43.011335803642694,-79.01581239115312,2.90645170211792,52.42580795288086,5.090322494506836
2023,7,43.011335803642694,-77.00358615472538,2.658064603805542,53.96128845214844,4.806451797485352
2023,7,43.011335803642694,-74.99135991829766,2.745161294937134,52.616127014160156,3.4000000953674316
2023,7,43.011335803642694,-72.97913368186992,2.929032325744629,59.2129020690918,10.919354438781738
2023,7,43.011335803642694,-70.9669074454422,2.958064556121826,57.9387092590332,5.925806522369385
2023,7,45.023562040070416,-122.99732870164489,2.7129032611846924,34.76774215698242,0.0
2023,7,45.023562040070416,-120.98510246521717,3.041935443878174,19.90322494506836,0.0
2023,7,45.023562040070416,-118.97287622878943,2.9451613426208496,16.764516830444336,0.03870967775583267
2023,7,45.023562040070416,-117.03251521509127,2.8516128063201904,13.470967292785645,0.03870967775583267
2023,7,45.023562040070416,-115.02028897866354,3.2903225421905518,20.464515686035156,0.18709677457809448
2023,7,45.023562040070416,-113.00806274223581,3.022580623626709,18.70322608947754,0.17419354617595673
2023,7,45.023562040070416,-110.99583650580809,3.8516130447387695,22.49032211303711,1.077419400215149
2023,7,45.023562040070416,-108.98361026938035,2.119354724884033,25.58709716796875,1.3645161390304565
2023,7,45.023562040070416,-106.97138403295263,2.909677505493164,30.016128540039062,1.3677419424057007
2023,7,45.023562040070416,-105.03102301925446,2.912903308868408,25.70322608947754,1.229032278060913
2023,7,45.023562040070416,-103.01879678282673,3.5612902641296387,27.91290283203125,1.5677419900894165
2023,7,45.023562040070416,-101.006570546399,3.6870968341827393,27.870967864990234,0.6645161509513855
2023,7,45.023562040070416,-98.99434430997127,3.0806450843811035,33.43225860595703,1.8935483694076538
2023,7,45.023562040070416,-96.98211807354355,4.13225793838501,31.822580337524414,1.3451613187789917
2023,7,45.023562040070416,-94.96989183711581,3.799999952316284,35.57741928100586,4.229032516479492
2023,7,45.023562040070416,-93.02953082341764,3.3548386096954346,35.07419204711914,2.9935483932495117
2023,7,45.023562040070416,-91.01730458698992,3.0516128540039062,41.458065032958984,3.590322494506836
2023,7,45.023562040070416,-89.0050783505622,3.635483741760254,43.280643463134766,3.3322579860687256
2023,7,45.023562040070416,-84.98062587770674,3.706451654434204,38.85483932495117,2.6451613903045654
2023,7,45.023562040070416,-74.99135991829766,2.977419376373291,51.88386917114258,5.583870887756348
2023,7,45.023562040070416,-72.97913368186992,2.722580671310425,57.68064498901367,7.574193477630615
2023,7,45.023562040070416,-70.9669074454422,3.958064556121826,61.42903137207031,5.570967674255371
2023,7,47.035788276498145,-122.99732870164489,2.9838709831237793,43.97096633911133,0.13225805759429932
2023,7,47.035788276498145,-120.98510246521717,3.8709678649902344,28.177419662475586,0.18709677457809448
2023,7,47.035788276498145,-118.97287622878943,2.6967742443084717,16.487096786499023,0.05161290243268013
2023,7,47.035788276498145,-117.03251521509127,3.1322579383850098,18.409677505493164,0.04838709533214569
2023,7,47.035788276498145,-115.02028897866354,2.7903225421905518,23.764516830444336,0.08387096226215363
2023,7,47.035788276498145,-113.00806274223581,3.338709592819214,22.838708877563477,0.14516128599643707
2023,7,47.035788276498145,-110.99583650580809,4.412903308868408,24.261289596557617,0.6096774339675903
2023,7,47.035788276498145,-108.98361026938035,3.570967674255371,24.71290397644043,0.8709677457809448
2023,7,47.035788276498145,-106.97138403295263,3.7677419185638428,23.09677505493164,1.2161290645599365
2023,7,47.035788276498145,-105.03102301925446,3.3774192333221436,26.503225326538086,1.477419376373291
2023,7,47.035788276498145,-103.01879678282673,3.932258129119873,29.438709259033203,1.3709677457809448
2023,7,47.035788276498145,-101.006570546399,3.8354837894439697,31.109678268432617,2.0096774101257324
2023,7,47.035788276498145,-98.99434430997127,4.112903118133545,33.041934967041016,1.14838707447052
2023,7,47.035788276498145,-96.98211807354355,3.4258065223693848,32.26774215698242,0.8161290287971497
2023,7,47.035788276498145,-94.96989183711581,3.8483870029449463,39.719356536865234,0.7838709950447083
2023,7,47.035788276498145,-93.02953082341764,3.4387097358703613,39.59677505493164,0.9354838728904724
2023,7,47.035788276498145,-89.0050783505622,3.4709677696228027,47.30967712402344,2.045161247253418
2023,7,48.97614929019631,-122.99732870164489,1.377419352531433,48.48064422607422,0.5903226137161255
2023,7,48.97614929019631,-120.98510246521717,3.1645162105560303,35.00967788696289,0.32258063554763794
2023,7,48.97614929019631,-118.97287622878943,2.0838708877563477,28.28709602355957,0.5580645203590393
2023,7,48.97614929019631,-117.03251521509127,3.3774192333221436,29.58709716796875,0.180645152926445
2023,7,48.97614929019631,-115.02028897866354,3.754838705062866,20.387096405029297,0.39677417278289795
2023,7,48.97614929019631,-113.00806274223581,3.661290407180786,22.183870315551758,0.34838709235191345
2023,7,48.97614929019631,-110.99583650580809,4.019354820251465,21.309677124023438,1.7322580814361572
2023,7,48.97614929019631,-108.98361026938035,4.0,20.79032325744629,0.9870967864990234
2023,7,48.97614929019631,-106.97138403295263,3.819354772567749,24.354839324951172,1.8258064985275269
2023,7,48.97614929019631,-105.03102301925446,3.8064515590667725,26.377418518066406,1.4967741966247559
2023,7,48.97614929019631,-103.01879678282673,3.8709678649902344,26.91290283203125,0.38064515590667725
2023,7,48.97614929019631,-101.006570546399,3.700000047683716,26.464515686035156,0.5258064270019531
2023,7,48.97614929019631,-98.99434430997127,3.9838709831237793,32.50967788696289,0.7451612949371338
2023,7,48.97614929019631,-96.98211807354355,3.7580645084381104,35.6129035949707,1.9870967864990234
2023,7,48.97614929019631,-94.96989183711581,3.4903225898742676,41.02903366088867,2.0774192810058594
2023,8,26.985391134950426,-98.99434430997127,4.883871078491211,25.63225746154785,0.8774193525314331
2023,8,26.985391134950426,-81.02803862758084,2.770967721939087,55.10322570800781,3.858064651489258
2023,8,28.997617371378155,-98.99434430997127,3.8709676265716553,23.661291122436523,1.7548387050628662
2023,8,28.997617371378155,-96.98211807354355,4.283871173858643,31.993549346923828,0.1645161211490631
2023,8,28.997617371378155,-81.02803862758084,2.8548386096954346,52.83548355102539,4.183870792388916
2023,8,31.009843607805884,-105.03102301925446,3.222580671310425,23.07741928100586,1.3645161390304565
2023,8,31.009843607805884,-103.01879678282673,3.4612903594970703,18.17096710205078,0.9645161032676697
2023,8,31.009843607805884,-101.006570546399,4.083870887756348,20.358064651489258,0.7612903118133545
2023,8,31.009843607805884,-98.99434430997127,4.116128921508789,19.041934967041016,0.23548386991024017
2023,8,31.009843607805884,-96.98211807354355,4.13225793838501,20.05806541442871,0.19354838132858276
2023,8,31.009843607805884,-94.96989183711581,3.7903225421905518,24.07741928100586,1.0354838371276855
2023,8,31.009843607805884,-93.02953082341764,4.006451606750488,28.15483856201172,0.774193525314331
2023,8,31.009843607805884,-91.01730458698992,3.5999999046325684,33.83871078491211,0.36451613903045654
2023,8,31.009843607805884,-89.0050783505622,2.596774101257324,37.16774368286133,1.1129032373428345
2023,8,31.009843607805884,-86.99285211413446,2.6290321350097656,44.73870849609375,4.729032039642334
2023,8,31.009843607805884,-84.98062587770674,2.7096774578094482,48.045162200927734,1.9612903594970703
2023,8,31.009843607805884,-82.968399641279,3.090322494506836,45.15806579589844,6.796774387359619
2023,8,33.02206984423361,-117.03251521509127,2.9419355392456055,44.83548355102539,1.0935484170913696
2023,8,33.02206984423361,-115.02028897866354,3.2903225421905518,22.677419662475586,1.748387098312378
2023,8,33.02206984423361,-113.00806274223581,3.2806451320648193,18.351612091064453,0.21935483813285828
2023,8,33.02206984423361,-110.99583650580809,3.070967674255371,22.79677391052246,1.7387096881866455
2023,8,33.02206984423361,-108.98361026938035,3.541935443878174,22.57741928100586,1.451612949371338
2023,8,33.02206984423361,-106.97138403295263,2.9838709831237793,20.022581100463867,1.793548345565796
2023,8,33.02206984423361,-105.03102301925446,3.154838800430298,22.63225746154785,1.6548386812210083
2023,8,33.02206984423361,-103.01879678282673,3.8483870029449463,18.119354248046875,1.4483870267868042
2023,8,33.02206984423361,-101.006570546399,4.077419281005859,17.05806541442871,0.37419354915618896
2023,8,33.02206984423361,-98.99434430997127,3.8129031658172607,16.52903175354004,0.1967741996049881
2023,8,33.02206984423361,-96.98211807354355,3.89032244682312,18.916128158569336,0.0
2023,8,33.02206984423361,-94.96989183711581,4.196774005889893,30.0,0.1483871042728424
2023,8,33.02206984423361,-93.02953082341764,2.9193549156188965,38.42258071899414,1.6354838609695435
2023,8,33.02206984423361,-91.01730458698992,3.2645161151885986,36.890323638916016,0.8645161390304565
2023,8,33.02206984423361,-89.0050783505622,3.0354838371276855,47.23870849609375,2.0741934776306152
2023,8,33.02206984423361,-86.99285211413446,2.6935484409332275,46.4096794128418,3.4903225898742676
2023,8,33.02206984423361,-84.98062587770674,3.0838708877563477,49.59032440185547,7.032258033752441
2023,8,33.02206984423361,-82.968399641279,3.2129032611846924,46.74193572998047,5.680644989013672
2023,8,33.02206984423361,-81.02803862758084,3.6225807666778564,50.59354782104492,9.209677696228027
2023,8,35.03429608066134,-118.97287622878943,2.845161199569702,21.12580680847168,0.9387096762657166
2023,8,35.03429608066134,-117.03251521509127,2.754838705062866,23.074193954467773,2.9645161628723145
2023,8,35.03429608066134,-115.02028897866354,4.029032230377197,20.938709259033203,1.0064516067504883
2023,8,35.03429608066134,-113.00806274223581,3.222580671310425,21.619354248046875,1.4967741966247559
2023,8,35.03429608066134,-110.99583650580809,3.1516129970550537,26.661291122436523,1.5774192810058594
2023,8,35.03429608066134,-108.98361026938035,3.1451613903045654,23.690322875976562,1.451612949371338
2023,8,35.03429608066134,-106.97138403295263,2.954838752746582,20.035484313964844,1.1935484409332275
2023,8,35.03429608066134,-105.03102301925446,3.3548386096954346,19.148387908935547,0.6225806474685669
2023,8,35.03429608066134,-103.01879678282673,4.025806427001953,18.270967483520508,0.551612913608551
2023,8,35.03429608066134,-101.006570546399,4.109677314758301,19.33548355102539,1.8838709592819214
2023,8,35.03429608066134,-98.99434430997127,3.890322685241699,20.59677505493164,0.8935483694076538
2023,8,35.03429608066134,-96.98211807354355,4.154838562011719,25.590322494506836,2.158064603805542
2023,8,35.03429608066134,-94.96989183711581,2.9935483932495117,37.92258071899414,3.858064651489258
2023,8,35.03429608066134,-93.02953082341764,2.567741870880127,42.380645751953125,2.025806427001953
2023,8,35.03429608066134,-91.01730458698992,3.200000047683716,44.43548583984375,1.3419355154037476
2023,8,35.03429608066134,-89.0050783505622,3.1516129970550537,54.09032440185547,5.6709675788879395
2023,8,35.03429608066134,-86.99285211413446,3.0580644607543945,54.97096633911133,4.71935510635376
2023,8,35.03429608066134,-84.98062587770674,3.0548386573791504,52.77096939086914,4.729032039642334
2023,8,35.03429608066134,-82.968399641279,3.9000000953674316,58.551612854003906,6.46129035949707
2023,8,35.03429608066134,-81.02803862758084,3.064516067504883,45.454837799072266,5.590322494506836
2023,8,35.03429608066134,-79.01581239115312,3.5387096405029297,43.861289978027344,5.845160961151123
2023,8,35.03429608066134,-77.00358615472538,2.8967742919921875,50.458065032958984,5.793548107147217
2023,8,36.97465709435951,-120.98510246521717,3.4870967864990234,22.838708877563477,0.0
2023,8,36.97465709435951,-118.97287622878943,2.3677420616149902,21.303226470947266,0.596774160861969
2023,8,36.97465709435951,-117.03251521509127,3.3032257556915283,22.467741012573242,2.3354837894439697
2023,8,36.97465709435951,-115.02028897866354,2.929032325744629,17.516128540039062,1.0064516067504883
2023,8,36.97465709435951,-113.00806274223581,3.338709592819214,20.51935577392578,1.7193548679351807
2023,8,36.97465709435951,-110.99583650580809,3.319354772567749,20.24838638305664,1.2806451320648193
2023,8,36.97465709435951,-108.98361026938035,2.474193572998047,20.299999237060547,0.4354838728904724
2023,8,36.97465709435951,-106.97138403295263,3.6967742443084717,21.58386993408203,1.077419400215149
2023,8,36.97465709435951,-105.03102301925446,3.5161290168762207,28.103225708007812,1.9806451797485352
2023,8,36.97465709435951,-103.01879678282673,4.0580644607543945,22.235483169555664,2.367741823196411
2023,8,36.97465709435951,-101.006570546399,3.700000047683716,27.3258056640625,0.4612903296947479
2023,8,36.97465709435951,-98.99434430997127,3.5580644607543945,30.232257843017578,3.0129032135009766
2023,8,36.97465709435951,-96.98211807354355,3.725806474685669,29.906452178955078,1.7129032611846924
2023,8,36.97465709435951,-94.96989183711581,3.3548386096954346,37.43225860595703,3.4645161628723145
2023,8,36.97465709435951,-93.02953082341764,3.387096881866455,48.38386917114258,3.9419355392456055
2023,8,36.97465709435951,-91.01730458698992,3.0580644607543945,46.25483703613281,3.245161294937134
2023,8,36.97465709435951,-89.0050783505622,2.8322579860687256,58.31612777709961,7.81290340423584
2023,8,36.97465709435951,-86.99285211413446,3.180645227432251,56.61613082885742,4.364516258239746
2023,8,36.97465709435951,-84.98062587770674,2.951612949371338,56.61613082885742,3.816128969192505
2023,8,36.97465709435951,-82.968399641279,3.2838709354400635,57.03871154785156,3.177419424057007
2023,8,36.97465709435951,-81.02803862758084,3.09354829788208,51.57419204711914,2.725806474685669
2023,8,36.97465709435951,-79.01581239115312,3.2645161151885986,45.41290283203125,3.090322494506836
2023,8,36.97465709435951,-77.00358615472538,3.2193548679351807,45.34193420410156,5.006451606750488
2023,8,38.986883330787236,-122.99732870164489,6.209677219390869,22.380645751953125,0.0
2023,8,38.986883330787236,-120.98510246521717,2.59354829788208,21.716129302978516,0.11290322244167328
2023,8,38.986883330787236,-118.97287622878943,2.4870967864990234,25.11612892150879,0.7838709950447083
2023,8,38.986883330787236,-117.03251521509127,3.3290321826934814,21.487096786499023,2.1677420139312744
2023,8,38.986883330787236,-115.02028897866354,3.7645161151885986,23.996774673461914,2.109677314758301
2023,8,38.986883330787236,-113.00806274223581,2.2806451320648193,22.20967674255371,1.100000023841858
2023,8,38.986883330787236,-110.99583650580809,2.841935396194458,23.851612091064453,0.9387096762657166
2023,8,38.986883330787236,-108.98361026938035,2.635483980178833,18.62580680847168,0.6967741847038269
2023,8,38.986883330787236,-106.97138403295263,3.729032278060913,33.022579193115234,0.9870967268943787
2023,8,38.986883330787236,-105.03102301925446,3.4838709831237793,35.467742919921875,2.474193572998047
2023,8,38.986883330787236,-103.01879678282673,3.548387050628662,23.967742919921875,2.3741936683654785
2023,8,38.986883330787236,-101.006570546399,3.777419328689575,26.854839324951172,2.0548386573791504
2023,8,38.986883330787236,-98.99434430997127,4.003225803375244,29.270967483520508,4.606451511383057
2023,8,38.986883330787236,-96.98211807354355,3.616129159927368,30.25806427001953,2.200000047683716
2023,8,38.986883330787236,-94.96989183711581,3.609677314758301,41.14838790893555,2.293548345565796
2023,8,38.986883330787236,-93.02953082341764,2.958064556121826,50.454837799072266,4.59354829788208
2023,8,38.986883330787236,-91.01730458698992,3.59354829788208,51.638710021972656,5.551612854003906
2023,8,38.986883330787236,-89.0050783505622,3.616129159927368,51.377418518066406,6.006451606750488
2023,8,38.986883330787236,-86.99285211413446,3.564516067504883,50.6741943359375,4.158064365386963
2023,8,38.986883330787236,-84.98062587770674,2.8741936683654785,48.012901306152344,2.0161290168762207
2023,8,38.986883330787236,-82.968399641279,3.2193548679351807,46.435482025146484,3.0161290168762207
2023,8,38.986883330787236,-81.02803862758084,2.9612903594970703,52.696773529052734,5.361290454864502
2023,8,38.986883330787236,-79.01581239115312,3.6225807666778564,39.09354782104492,1.7451612949371338
2023,8,38.986883330787236,-77.00358615472538,3.319354772567749,44.56451416015625,2.751612901687622
2023,8,38.986883330787236,-74.99135991829766,3.3806450366973877,54.151611328125,2.116129159927368
2023,8,40.999109567214965,-122.99732870164489,2.838709592819214,37.00645065307617,2.070967674255371
2023,8,40.999109567214965,-120.98510246521717,3.1225807666778564,23.761289596557617,0.6419354677200317
2023,8,40.999109567214965,-118.97287622878943,2.7161290645599365,21.006450653076172,0.4258064329624176
2023,8,40.999109567214965,-117.03251521509127,2.958064556121826,22.7193546295166,0.6645160913467407
2023,8,40.999109567214965,-115.02028897866354,2.819354772567749,32.303226470947266,1.1838709115982056
2023,8,40.999109567214965,-113.00806274223581,2.341935396194458,29.322580337524414,0.8129032254219055
2023,8,40.999109567214965,-110.99583650580809,3.7677419185638428,31.167741775512695,1.7903225421905518
2023,8,40.999109567214965,-108.98361026938035,3.7677419185638428,26.861289978027344,1.6387096643447876
2023,8,40.999109567214965,-106.97138403295263,4.199999809265137,27.854839324951172,1.5032258033752441
2023,8,40.999109567214965,-105.03102301925446,3.1516129970550537,27.477418899536133,2.3032257556915283
2023,8,40.999109567214965,-103.01879678282673,3.612903118133545,24.354839324951172,3.5741937160491943
2023,8,40.999109567214965,-101.006570546399,3.816128969192505,28.974193572998047,1.9225807189941406
2023,8,40.999109567214965,-98.99434430997127,4.016129016876221,32.45161437988281,2.0774192810058594
2023,8,40.999109567214965,-96.98211807354355,3.8290321826934814,38.54838562011719,1.2677419185638428
2023,8,40.999109567214965,-94.96989183711581,3.8516128063201904,46.02903366088867,2.1741936206817627
2023,8,40.999109567214965,-93.02953082341764,3.751612901687622,44.99677276611328,1.8612903356552124
2023,8,40.999109567214965,-91.01730458698992,3.519354820251465,48.45161437988281,2.9225807189941406
2023,8,40.999109567214965,-89.0050783505622,3.7322580814361572,44.18064498901367,3.929032325744629
2023,8,40.999109567214965,-86.99285211413446,3.4451613426208496,47.987098693847656,3.519355058670044
2023,8,40.999109567214965,-84.98062587770674,3.2870967388153076,48.23225784301758,1.9483871459960938
2023,8,40.999109567214965,-82.968399641279,3.403225898742676,48.23225784301758,6.916129112243652
2023,8,40.999109567214965,-81.02803862758084,3.5129032135009766,50.7354850769043,5.7419352531433105
2023,8,40.999109567214965,-79.01581239115312,3.4903225898742676,51.296775817871094,4.064516067504883
2023,8,40.999109567214965,-77.00358615472538,3.503225803375244,52.8870964050293,6.903225898742676
2023,8,40.999109567214965,-74.99135991829766,3.3774194717407227,52.696773529052734,5.045161247253418
2023,8,40.999109567214965,-72.97913368186992,3.903225898742676,54.52903366088867,4.493548393249512
2023,8,43.011335803642694,-122.99732870164489,3.954838752746582,26.706451416015625,0.08709677308797836
2023,8,43.011335803642694,-120.98510246521717,3.0741934776306152,23.816129684448242,0.8838709592819214
2023,8,43.011335803642694,-118.97287622878943,2.5838708877563477,23.648387908935547,1.3129032850265503
2023,8,43.011335803642694,-117.03251521509127,3.480645179748535,28.319355010986328,0.9354838728904724
2023,8,43.011335803642694,-115.02028897866354,3.158064603805542,25.274192810058594,0.6677419543266296
2023,8,43.011335803642694,-113.00806274223581,3.2838709354400635,32.07419204711914,0.9290322661399841
2023,8,43.011335803642694,-110.99583650580809,3.8322579860687256,32.07419204711914,2.864516258239746
2023,8,43.011335803642694,-108.98361026938035,2.503225803375244,29.17096710205078,1.1387096643447876
2023,8,43.011335803642694,-106.97138403295263,3.570967674255371,22.793548583984375,1.3096774816513062
2023,8,43.011335803642694,-105.03102301925446,3.4677419662475586,25.025806427001953,1.9258064031600952
2023,8,43.011335803642694,-103.01879678282673,3.041935443878174,27.7806453704834,2.6032259464263916
2023,8,43.011335803642694,-101.006570546399,3.9612903594970703,30.25806427001953,2.2838709354400635
2023,8,43.011335803642694,-98.99434430997127,4.09354829788208,31.183870315551758,2.541935443878174
2023,8,43.011335803642694,-96.98211807354355,3.480645179748535,35.54838562011719,3.2354838848114014
2023,8,43.011335803642694,-94.96989183711581,3.9193549156188965,42.43225860595703,3.022580623626709
2023,8,43.011335803642694,-93.02953082341764,4.251612663269043,40.638710021972656,2.1290321350097656
2023,8,43.011335803642694,-91.01730458698992,3.6322579383850098,36.890323638916016,1.6870968341827393
2023,8,43.011335803642694,-89.0050783505622,4.05483865737915,42.05806350708008,1.8580645322799683
2023,8,43.011335803642694,-84.98062587770674,3.8709676265716553,45.15806579589844,2.9838709831237793
2023,8,43.011335803642694,-82.968399641279,3.6225805282592773,55.15483856201172,6.0354838371276855
2023,8,43.011335803642694,-79.01581239115312,3.3741934299468994,54.00645065307617,3.045161247253418
2023,8,43.011335803642694,-77.00358615472538,3.225806474685669,56.783870697021484,2.751612901687622
2023,8,43.011335803642694,-74.99135991829766,3.3580644130706787,56.35483932495117,5.135483741760254
2023,8,43.011335803642694,-72.97913368186992,3.564516067504883,61.719356536865234,5.277419567108154
2023,8,43.011335803642694,-70.9669074454422,3.412903308868408,54.35806655883789,5.667741775512695
2023,8,45.023562040070416,-122.99732870164489,2.6483871936798096,35.08709716796875,0.12580645084381104
2023,8,45.023562040070416,-120.98510246521717,3.4677419662475586,25.406452178955078,0.1225806400179863
2023,8,45.023562040070416,-118.97287622878943,3.112903118133545,24.993547439575195,1.077419400215149
2023,8,45.023562040070416,-117.03251521509127,3.0129032135009766,23.03870964050293,2.1967742443084717
2023,8,45.023562040070416,-115.02028897866354,3.587096691131592,30.012903213500977,2.9677419662475586
2023,8,45.023562040070416,-113.00806274223581,3.1419355869293213,28.025806427001953,2.070967674255371
2023,8,45.023562040070416,-110.99583650580809,3.9838709831237793,33.65806579589844,4.154838562011719
2023,8,45.023562040070416,-108.98361026938035,2.7806451320648193,24.725807189941406,0.7741935849189758
2023,8,45.023562040070416,-106.97138403295263,3.3935484886169434,28.858064651489258,1.1935484409332275
2023,8,45.023562040070416,-105.03102301925446,3.270967721939087,26.503225326538086,1.8612903356552124
2023,8,45.023562040070416,-103.01879678282673,3.8290321826934814,27.25806427001953,1.9419355392456055
2023,8,45.023562040070416,-101.006570546399,3.822580575942993,31.612903594970703,2.6709678173065186
2023,8,45.023562040070416,-98.99434430997127,3.1258063316345215,39.0,6.574193477630615
2023,8,45.023562040070416,-96.98211807354355,4.506451606750488,39.138710021972656,3.616128921508789
2023,8,45.023562040070416,-94.96989183711581,4.106451511383057,39.15806579589844,1.8129031658172607
2023,8,45.023562040070416,-93.02953082341764,3.590322494506836,40.62580490112305,2.2903225421905518
2023,8,45.023562040070416,-91.01730458698992,3.4161291122436523,44.76129150390625,2.722580671310425
2023,8,45.023562040070416,-89.0050783505622,3.974193572998047,45.09354782104492,2.229032278060913
2023,8,45.023562040070416,-84.98062587770674,4.254838943481445,42.15483856201172,2.3709678649902344
2023,8,45.023562040070416,-74.99135991829766,3.387096881866455,53.02580642700195,2.9870967864990234
2023,8,45.023562040070416,-72.97913368186992,3.5548386573791504,57.65806579589844,4.848387241363525
2023,8,45.023562040070416,-70.9669074454422,4.745161056518555,62.00967788696289,3.9677419662475586
2023,8,47.035788276498145,-122.99732870164489,2.951612949371338,45.97419357299805,0.5258064270019531
2023,8,47.035788276498145,-120.98510246521717,4.064516067504883,29.270967483520508,0.4419354796409607
2023,8,47.035788276498145,-118.97287622878943,3.019354820251465,25.629032135009766,0.4516128897666931
2023,8,47.035788276498145,-117.03251521509127,3.3935484886169434,28.16451644897461,0.9290322661399841
2023,8,47.035788276498145,-115.02028897866354,3.070967674255371,32.58386993408203,3.2580645084381104
2023,8,47.035788276498145,-113.00806274223581,3.6451613903045654,28.774192810058594,1.4032257795333862
2023,8,47.035788276498145,-110.99583650580809,5.241935729980469,29.058063507080078,1.7548387050628662
2023,8,47.035788276498145,-108.98361026938035,3.6741936206817627,24.580644607543945,0.9870967864990234
2023,8,47.035788276498145,-106.97138403295263,3.958064556121826,25.351612091064453,1.5516128540039062
2023,8,47.035788276498145,-105.03102301925446,3.390322685241699,30.04838752746582,2.503225803375244
2023,8,47.035788276498145,-103.01879678282673,3.932258129119873,36.977420806884766,3.2838709354400635
2023,8,47.035788276498145,-101.006570546399,3.9161291122436523,38.219356536865234,3.6451611518859863
2023,8,47.035788276498145,-98.99434430997127,4.458064556121826,40.880645751953125,2.1516129970550537
2023,8,47.035788276498145,-96.98211807354355,3.79677414894104,37.59677505493164,1.225806474685669
2023,8,47.035788276498145,-94.96989183711581,4.3290324211120605,41.85161209106445,0.6903225779533386
2023,8,47.035788276498145,-93.02953082341764,3.977419376373291,41.861289978027344,1.0612903833389282
2023,8,47.035788276498145,-89.0050783505622,3.522580623626709,52.796775817871094,2.2193548679351807
2023,8,48.97614929019631,-122.99732870164489,1.2419354915618896,55.87419509887695,0.699999988079071
2023,8,48.97614929019631,-120.98510246521717,3.3548386096954346,36.032257080078125,0.5451613068580627
2023,8,48.97614929019631,-118.97287622878943,2.299999952316284,33.35161209106445,1.2419354915618896
2023,8,48.97614929019631,-117.03251521509127,3.409677505493164,38.39354705810547,2.8258063793182373
2023,8,48.97614929019631,-115.02028897866354,3.9387097358703613,24.109678268432617,2.6548385620117188
2023,8,48.97614929019631,-113.00806274223581,3.996774196624756,27.487096786499023,1.793548345565796
2023,8,48.97614929019631,-110.99583650580809,4.429032325744629,26.312902450561523,1.0967742204666138
2023,8,48.97614929019631,-108.98361026938035,4.022580623626709,24.3258056640625,0.3870967626571655
2023,8,48.97614929019631,-106.97138403295263,3.903225898742676,25.854839324951172,0.9064515829086304
2023,8,48.97614929019631,-105.03102301925446,3.8709676265716553,29.00967788696289,0.9225806593894958
2023,8,48.97614929019631,-103.01879678282673,3.8258063793182373,34.15483856201172,1.748387098312378
2023,8,48.97614929019631,-101.006570546399,3.567741870880127,35.01612854003906,1.9741935729980469
2023,8,48.97614929019631,-98.99434430997127,3.912903308868408,37.303226470947266,1.3032257556915283
2023,8,48.97614929019631,-96.98211807354355,3.7806451320648193,38.52903366088867,0.6645161509513855
2023,8,48.97614929019631,-94.96989183711581,3.6258065700531006,47.93225860595703,1.783871054649353
2023,9,26.985391134950426,-98.99434430997127,4.303333282470703,30.73666763305664,1.0333333015441895
2023,9,26.985391134950426,-81.02803862758084,2.383333206176758,57.746665954589844,7.186666488647461
2023,9,28.997617371378155,-98.99434430997127,3.56333327293396,29.65333366394043,0.03666666895151138
2023,9,28.997617371378155,-96.98211807354355,3.8566668033599854,38.25,4.006666660308838
2023,9,28.997617371378155,-81.02803862758084,2.869999885559082,51.33000183105469,7.980000019073486
2023,9,31.009843607805884,-105.03102301925446,3.12666654586792,17.983333587646484,0.2633333206176758
2023,9,31.009843607805884,-103.01879678282673,3.2966666221618652,20.299999237060547,0.7966666221618652
2023,9,31.009843607805884,-101.006570546399,4.023333549499512,30.50666618347168,3.0899999141693115
2023,9,31.009843607805884,-98.99434430997127,3.93666672706604,31.309999465942383,2.0333333015441895
2023,9,31.009843607805884,-96.98211807354355,3.4600000381469727,33.33333206176758,2.0966665744781494
2023,9,31.009843607805884,-94.96989183711581,2.700000047683716,35.016666412353516,3.7166666984558105
2023,9,31.009843607805884,-93.02953082341764,2.886666774749756,32.09000015258789,2.3999998569488525
2023,9,31.009843607805884,-91.01730458698992,2.8399999141693115,36.746665954589844,0.7366666793823242
2023,9,31.009843607805884,-89.0050783505622,2.4100000858306885,41.310001373291016,1.1333333253860474
2023,9,31.009843607805884,-86.99285211413446,2.4700000286102295,43.75,0.9333333373069763
2023,9,31.009843607805884,-84.98062587770674,2.6433334350585938,48.470001220703125,2.2933332920074463
2023,9,31.009843607805884,-82.968399641279,2.809999942779541,46.5533332824707,4.636666774749756
2023,9,33.02206984423361,-117.03251521509127,2.7666666507720947,54.22666549682617,0.10000000149011612
2023,9,33.02206984423361,-115.02028897866354,2.7866666316986084,15.630000114440918,0.36000001430511475
2023,9,33.02206984423361,-113.00806274223581,2.8966667652130127,16.773332595825195,0.1366666704416275
2023,9,33.02206984423361,-110.99583650580809,3.180000066757202,19.69333267211914,1.4766666889190674
2023,9,33.02206984423361,-108.98361026938035,3.693333387374878,18.863332748413086,2.133333206176758
2023,9,33.02206984423361,-106.97138403295263,3.1600000858306885,17.399999618530273,1.4500000476837158
2023,9,33.02206984423361,-105.03102301925446,3.1433334350585938,22.559999465942383,1.1233333349227905
2023,9,33.02206984423361,-103.01879678282673,3.823333263397217,23.219999313354492,3.2699999809265137
2023,9,33.02206984423361,-101.006570546399,3.993333339691162,26.746665954589844,2.2799999713897705
2023,9,33.02206984423361,-98.99434430997127,3.8466665744781494,28.94333267211914,1.5533332824707031
2023,9,33.02206984423361,-96.98211807354355,3.7100000381469727,30.31333351135254,0.5833333134651184
2023,9,33.02206984423361,-94.96989183711581,3.6133334636688232,36.7599983215332,1.3300000429153442
2023,9,33.02206984423361,-93.02953082341764,2.7966666221618652,43.47666549682617,3.37666654586792
2023,9,33.02206984423361,-91.01730458698992,3.0333333015441895,36.38999938964844,1.9500000476837158
2023,9,33.02206984423361,-89.0050783505622,2.8333332538604736,44.32666778564453,1.243333339691162
2023,9,33.02206984423361,-86.99285211413446,2.6566667556762695,43.573333740234375,0.5600000023841858
2023,9,33.02206984423361,-84.98062587770674,3.049999952316284,44.67000198364258,0.5899999737739563
2023,9,33.02206984423361,-82.968399641279,3.0,45.779998779296875,2.4033334255218506
2023,9,33.02206984423361,-81.02803862758084,3.2733333110809326,47.25,1.4600000381469727
2023,9,35.03429608066134,-118.97287622878943,3.246666669845581,26.03333282470703,0.023333333432674408
2023,9,35.03429608066134,-117.03251521509127,2.946666717529297,23.670000076293945,0.05000000074505806
2023,9,35.03429608066134,-115.02028897866354,3.7866666316986084,18.43000030517578,0.5566666722297668
2023,9,35.03429608066134,-113.00806274223581,3.573333263397217,17.873332977294922,0.949999988079071
2023,9,35.03429608066134,-110.99583650580809,3.8566665649414062,23.06333351135254,0.5233333110809326
2023,9,35.03429608066134,-108.98361026938035,3.4200000762939453,19.486665725708008,0.46666666865348816
2023,9,35.03429608066134,-106.97138403295263,2.866666555404663,18.58333396911621,0.4833333194255829
2023,9,35.03429608066134,-105.03102301925446,3.4766666889190674,19.860000610351562,1.1033333539962769
2023,9,35.03429608066134,-103.01879678282673,4.179999828338623,23.656665802001953,1.493333339691162
2023,9,35.03429608066134,-101.006570546399,4.28000020980835,26.136667251586914,0.7266666293144226
2023,9,35.03429608066134,-98.99434430997127,4.016666889190674,28.469999313354492,1.2300000190734863
2023,9,35.03429608066134,-96.98211807354355,4.25333309173584,32.65999984741211,1.5633333921432495
2023,9,35.03429608066134,-94.96989183711581,3.246666669845581,38.02000045776367,4.883333206176758
2023,9,35.03429608066134,-93.02953082341764,2.869999885559082,35.900001525878906,0.9233333468437195
2023,9,35.03429608066134,-91.01730458698992,3.303333282470703,33.310001373291016,0.43666666746139526
2023,9,35.03429608066134,-89.0050783505622,3.2966666221618652,40.753334045410156,2.2733333110809326
2023,9,35.03429608066134,-86.99285211413446,2.9633333683013916,45.65999984741211,1.3266667127609253
2023,9,35.03429608066134,-84.98062587770674,2.6066665649414062,44.80666732788086,0.35333332419395447
2023,9,35.03429608066134,-82.968399641279,3.2666666507720947,52.4900016784668,3.690000057220459
2023,9,35.03429608066134,-81.02803862758084,2.81333327293396,45.03666687011719,0.90666663646698
2023,9,35.03429608066134,-79.01581239115312,3.426666736602783,44.356666564941406,2.1600000858306885
2023,9,35.03429608066134,-77.00358615472538,2.986666679382324,50.82999801635742,5.206666946411133
2023,9,36.97465709435951,-120.98510246521717,3.450000047683716,30.09000015258789,0.0
2023,9,36.97465709435951,-118.97287622878943,2.0999999046325684,24.376667022705078,0.17999999225139618
2023,9,36.97465709435951,-117.03251521509127,3.816666603088379,20.079999923706055,0.5766666531562805
2023,9,36.97465709435951,-115.02028897866354,2.93666672706604,17.77666664123535,1.4133334159851074
2023,9,36.97465709435951,-113.00806274223581,3.2933332920074463,18.926666259765625,2.0933332443237305
2023,9,36.97465709435951,-110.99583650580809,3.323333263397217,18.713333129882812,0.7866666913032532
2023,9,36.97465709435951,-108.98361026938035,2.390000104904175,19.513334274291992,0.3233333230018616
2023,9,36.97465709435951,-106.97138403295263,3.6600000858306885,21.31999969482422,1.1733332872390747
2023,9,36.97465709435951,-105.03102301925446,3.6500000953674316,25.229999542236328,1.8033334016799927
2023,9,36.97465709435951,-103.01879678282673,4.449999809265137,20.97333335876465,0.9200000166893005
2023,9,36.97465709435951,-101.006570546399,3.753333330154419,27.55666732788086,3.069999933242798
2023,9,36.97465709435951,-98.99434430997127,3.640000104904175,31.559999465942383,3.196666717529297
2023,9,36.97465709435951,-96.98211807354355,4.079999923706055,30.366666793823242,0.9366666674613953
2023,9,36.97465709435951,-94.96989183711581,3.6466665267944336,35.663333892822266,4.333333492279053
2023,9,36.97465709435951,-93.02953082341764,3.316666603088379,37.91999816894531,4.110000133514404
2023,9,36.97465709435951,-91.01730458698992,3.0999999046325684,33.529998779296875,1.0600000619888306
2023,9,36.97465709435951,-89.0050783505622,2.6399998664855957,43.01333236694336,1.559999942779541
2023,9,36.97465709435951,-86.99285211413446,2.926666736602783,45.279998779296875,3.5766665935516357
2023,9,36.97465709435951,-84.98062587770674,2.619999885559082,47.52333450317383,2.5466666221618652
2023,9,36.97465709435951,-82.968399641279,2.6666667461395264,46.56666564941406,2.0799999237060547
2023,9,36.97465709435951,-81.02803862758084,2.633333444595337,46.91666793823242,1.4366666078567505
2023,9,36.97465709435951,-79.01581239115312,3.136666774749756,47.74333190917969,2.740000009536743
2023,9,36.97465709435951,-77.00358615472538,3.253333330154419,50.91999816894531,4.300000190734863
2023,9,38.986883330787236,-122.99732870164489,5.849999904632568,32.97666549682617,0.18333333730697632
2023,9,38.986883330787236,-120.98510246521717,2.569999933242798,28.463333129882812,0.3733333349227905
2023,9,38.986883330787236,-118.97287622878943,2.4666666984558105,24.200000762939453,0.5299999713897705
2023,9,38.986883330787236,-117.03251521509127,3.299999952316284,21.719999313354492,1.2066667079925537
2023,9,38.986883330787236,-115.02028897866354,4.073333263397217,22.99333381652832,1.1366666555404663
2023,9,38.986883330787236,-113.00806274223581,2.4733333587646484,19.913333892822266,0.7166666984558105
2023,9,38.986883330787236,-110.99583650580809,3.0766665935516357,21.110000610351562,0.6166666746139526
2023,9,38.986883330787236,-108.98361026938035,2.863333225250244,15.946666717529297,0.19333332777023315
2023,9,38.986883330787236,-106.97138403295263,4.0933332443237305,28.77666664123535,0.8833333253860474
2023,9,38.986883330787236,-105.03102301925446,3.56333327293396,25.920000076293945,1.7633333206176758
2023,9,38.986883330787236,-103.01879678282673,3.5766665935516357,19.02666664123535,0.6200000047683716
2023,9,38.986883330787236,-101.006570546399,4.083333492279053,22.91666603088379,0.4300000071525574
2023,9,38.986883330787236,-98.99434430997127,4.453333377838135,27.343332290649414,0.17666667699813843
2023,9,38.986883330787236,-96.98211807354355,3.8899998664855957,29.913333892822266,1.8600000143051147
2023,9,38.986883330787236,-94.96989183711581,3.6600000858306885,32.779998779296875,2.573333263397217
2023,9,38.986883330787236,-93.02953082341764,3.180000066757202,32.290000915527344,0.45000001788139343
2023,9,38.986883330787236,-91.01730458698992,3.5299999713897705,34.97666549682617,0.6433333158493042
2023,9,38.986883330787236,-89.0050783505622,3.5166666507720947,37.516666412353516,0.7699999809265137
2023,9,38.986883330787236,-86.99285211413446,3.1066665649414062,37.90999984741211,1.3033332824707031
2023,9,38.986883330787236,-84.98062587770674,2.503333330154419,41.473331451416016,1.7899999618530273
2023,9,38.986883330787236,-82.968399641279,2.75,43.503334045410156,1.496666669845581
2023,9,38.986883330787236,-81.02803862758084,2.493333339691162,50.04666519165039,1.903333306312561
2023,9,38.986883330787236,-79.01581239115312,3.31333327293396,47.24333190917969,3.2100000381469727
2023,9,38.986883330787236,-77.00358615472538,3.2733333110809326,48.02000045776367,5.426666736602783
2023,9,38.986883330787236,-74.99135991829766,4.253333568572998,50.34333419799805,5.650000095367432
2023,9,40.999109567214965,-122.99732870164489,3.1600000858306885,42.70000076293945,0.7133333683013916
2023,9,40.999109567214965,-120.98510246521717,3.4133334159851074,27.149999618530273,1.0533332824707031
2023,9,40.999109567214965,-118.97287622878943,2.6566667556762695,23.053333282470703,0.6933333277702332
2023,9,40.999109567214965,-117.03251521509127,2.9200000762939453,25.796667098999023,1.6466666460037231
2023,9,40.999109567214965,-115.02028897866354,2.873333215713501,28.860000610351562,1.0099999904632568
2023,9,40.999109567214965,-113.00806274223581,2.1600000858306885,26.6299991607666,1.7733333110809326
2023,9,40.999109567214965,-110.99583650580809,4.269999980926514,26.260000228881836,1.4500000476837158
2023,9,40.999109567214965,-108.98361026938035,3.8399999141693115,20.593332290649414,0.8600000143051147
2023,9,40.999109567214965,-106.97138403295263,4.2866668701171875,20.83333396911621,0.7666666507720947
2023,9,40.999109567214965,-105.03102301925446,3.1733334064483643,18.209999084472656,0.5566666722297668
2023,9,40.999109567214965,-103.01879678282673,3.62333345413208,20.406667709350586,0.5566666722297668
2023,9,40.999109567214965,-101.006570546399,3.9000000953674316,26.989999771118164,1.2366666793823242
2023,9,40.999109567214965,-98.99434430997127,4.300000190734863,30.68000030517578,1.909999966621399
2023,9,40.999109567214965,-96.98211807354355,4.506666660308838,32.53666687011719,0.7833333611488342
2023,9,40.999109567214965,-94.96989183711581,4.516666412353516,32.5533332824707,1.2166666984558105
2023,9,40.999109567214965,-93.02953082341764,4.059999942779541,34.75,2.4566667079925537
2023,9,40.999109567214965,-91.01730458698992,3.696666717529297,40.48666763305664,1.6533334255218506
2023,9,40.999109567214965,-89.0050783505622,3.559999942779541,41.063331604003906,3.316666603088379
2023,9,40.999109567214965,-86.99285211413446,3.0799999237060547,40.72666549682617,1.2933332920074463
2023,9,40.999109567214965,-84.98062587770674,2.9233334064483643,42.849998474121094,1.3266665935516357
2023,9,40.999109567214965,-82.968399641279,3.1733334064483643,46.80666732788086,0.4266666769981384
2023,9,40.999109567214965,-81.02803862758084,3.246666669845581,49.393333435058594,0.9700000286102295
2023,9,40.999109567214965,-79.01581239115312,3.256666660308838,51.61000061035156,2.6500000953674316
2023,9,40.999109567214965,-77.00358615472538,3.1566665172576904,52.253334045410156,3.4533333778381348
2023,9,40.999109567214965,-74.99135991829766,3.6533331871032715,55.540000915527344,4.993333339691162
2023,9,40.999109567214965,-72.97913368186992,4.659999847412109,55.53666687011719,7.636666774749756
2023,9,43.011335803642694,-122.99732870164489,3.993333339691162,35.54666519165039,1.7933332920074463
2023,9,43.011335803642694,-120.98510246521717,3.5299999713897705,29.746665954589844,0.6066666841506958
2023,9,43.011335803642694,-118.97287622878943,2.870000123977661,26.636667251586914,0.5533333420753479
2023,9,43.011335803642694,-117.03251521509127,3.493333339691162,26.610000610351562,0.4899999797344208
2023,9,43.011335803642694,-115.02028897866354,2.8266665935516357,21.453332901000977,0.3499999940395355
2023,9,43.011335803642694,-113.00806274223581,2.87666654586792,30.163333892822266,1.6866666078567505
2023,9,43.011335803642694,-110.99583650580809,4.0,28.170000076293945,1.68666672706604
2023,9,43.011335803642694,-108.98361026938035,2.316666603088379,24.43000030517578,0.9699999690055847
2023,9,43.011335803642694,-106.97138403295263,3.7233333587646484,18.34666633605957,0.4466666579246521
2023,9,43.011335803642694,-105.03102301925446,3.4833333492279053,21.986665725708008,1.0166666507720947
2023,9,43.011335803642694,-103.01879678282673,2.9766666889190674,27.559999465942383,2.6600000858306885
2023,9,43.011335803642694,-101.006570546399,3.736666679382324,31.696666717529297,1.5099999904632568
2023,9,43.011335803642694,-98.99434430997127,3.9700000286102295,34.599998474121094,2.1633334159851074
2023,9,43.011335803642694,-96.98211807354355,3.9133334159851074,35.279998779296875,2.5966665744781494
2023,9,43.011335803642694,-94.96989183711581,4.353333473205566,37.22666549682617,0.9399999976158142
2023,9,43.011335803642694,-93.02953082341764,4.759999752044678,37.393333435058594,1.8633333444595337
2023,9,43.011335803642694,-91.01730458698992,3.926666736602783,43.25,3.513333320617676
2023,9,43.011335803642694,-89.0050783505622,4.226666450500488,46.93333435058594,2.4700000286102295
2023,9,43.011335803642694,-84.98062587770674,3.43666672706604,47.86666488647461,1.4199999570846558
2023,9,43.011335803642694,-82.968399641279,3.243333339691162,55.176666259765625,2.430000066757202
2023,9,43.011335803642694,-79.01581239115312,3.1666667461395264,52.003334045410156,1.3833333253860474
2023,9,43.011335803642694,-77.00358615472538,2.859999895095825,58.33333206176758,2.136666774749756
2023,9,43.011335803642694,-74.99135991829766,3.256666660308838,56.02333450317383,1.7266666889190674
2023,9,43.011335803642694,-72.97913368186992,3.1033332347869873,59.45333480834961,3.359999895095825
2023,9,43.011335803642694,-70.9669074454422,3.319999933242798,55.72999954223633,4.659999847412109
2023,9,45.023562040070416,-122.99732870164489,2.9133334159851074,43.49333190917969,2.4733333587646484
2023,9,45.023562040070416,-120.98510246521717,3.2266666889190674,39.99333190917969,0.9133333563804626
2023,9,45.023562040070416,-118.97287622878943,3.2333333492279053,30.123332977294922,1.1299999952316284
2023,9,45.023562040070416,-117.03251521509127,3.43666672706604,24.969999313354492,0.3566666841506958
2023,9,45.023562040070416,-115.02028897866354,4.026666641235352,30.68000030517578,1.3366667032241821
2023,9,45.023562040070416,-113.00806274223581,3.2166666984558105,27.100000381469727,1.4266666173934937
2023,9,45.023562040070416,-110.99583650580809,4.266666889190674,31.860000610351562,1.7366666793823242
2023,9,45.023562040070416,-108.98361026938035,2.5399999618530273,25.946666717529297,1.1266666650772095
2023,9,45.023562040070416,-106.97138403295263,3.2100000381469727,29.203332901000977,2.62666654586792
2023,9,45.023562040070416,-105.03102301925446,3.316666603088379,28.60333251953125,2.1433331966400146
2023,9,45.023562040070416,-103.01879678282673,3.926666736602783,31.25666618347168,3.18666672706604
2023,9,45.023562040070416,-101.006570546399,3.743333339691162,33.560001373291016,3.2333333492279053
2023,9,45.023562040070416,-98.99434430997127,2.7666666507720947,40.20333480834961,2.7333333492279053
2023,9,45.023562040070416,-96.98211807354355,4.263333320617676,41.37666702270508,3.0866665840148926
2023,9,45.023562040070416,-94.96989183711581,4.193333148956299,40.5099983215332,1.496666669845581
2023,9,45.023562040070416,-93.02953082341764,3.940000057220459,43.86666488647461,4.056666851043701
2023,9,45.023562040070416,-91.01730458698992,4.076666831970215,49.393333435058594,3.3399999141693115
2023,9,45.023562040070416,-89.0050783505622,4.673333168029785,50.1966667175293,2.4600000381469727
2023,9,45.023562040070416,-84.98062587770674,4.059999942779541,45.26333236694336,3.7800002098083496
2023,9,45.023562040070416,-74.99135991829766,3.113333225250244,50.25666809082031,1.8233332633972168
2023,9,45.023562040070416,-72.97913368186992,2.693333387374878,58.31666564941406,2.506666660308838
2023,9,45.023562040070416,-70.9669074454422,3.7266666889190674,60.10333251953125,3.053333282470703
2023,9,47.035788276498145,-122.99732870164489,3.1433334350585938,49.436668395996094,2.680000066757202
2023,9,47.035788276498145,-120.98510246521717,3.7866666316986084,39.09333419799805,1.840000033378601
2023,9,47.035788276498145,-118.97287622878943,2.753333330154419,31.043333053588867,0.2566666603088379
2023,9,47.035788276498145,-117.03251521509127,3.2133333683013916,36.209999084472656,0.846666693687439
2023,9,47.035788276498145,-115.02028897866354,3.183333396911621,37.50666809082031,1.75
2023,9,47.035788276498145,-113.00806274223581,3.5466666221618652,31.24333381652832,1.5099999904632568
2023,9,47.035788276498145,-110.99583650580809,4.943333148956299,32.676666259765625,2.809999942779541
2023,9,47.035788276498145,-108.98361026938035,3.5433332920074463,29.35333251953125,2.1433334350585938
2023,9,47.035788276498145,-106.97138403295263,3.9133334159851074,28.31999969482422,1.659999966621399
2023,9,47.035788276498145,-105.03102301925446,3.569999933242798,30.59666633605957,1.2999999523162842
2023,9,47.035788276498145,-103.01879678282673,4.023333549499512,35.02333450317383,0.9166666865348816
2023,9,47.035788276498145,-101.006570546399,3.819999933242798,37.78333282470703,2.130000114440918
2023,9,47.035788276498145,-98.99434430997127,4.0966668128967285,40.45333480834961,3.133333444595337
2023,9,47.035788276498145,-96.98211807354355,3.549999952316284,35.09333419799805,1.790000081062317
2023,9,47.035788276498145,-94.96989183711581,4.266666889190674,42.31333541870117,2.5899999141693115
2023,9,47.035788276498145,-93.02953082341764,4.159999847412109,49.516666412353516,4.7866668701171875
2023,9,47.035788276498145,-89.0050783505622,3.6600000858306885,54.06666564941406,3.5399999618530273
2023,9,48.97614929019631,-122.99732870164489,1.4833333492279053,57.36666488647461,1.403333306312561
2023,9,48.97614929019631,-120.98510246521717,4.139999866485596,40.88333511352539,1.496666669845581
2023,9,48.97614929019631,-118.97287622878943,2.6466667652130127,42.88999938964844,0.9900000095367432
2023,9,48.97614929019631,-117.03251521509127,3.7300000190734863,49.17333221435547,2.6666667461395264
2023,9,48.97614929019631,-115.02028897866354,4.159999847412109,32.02000045776367,1.0299999713897705
2023,9,48.97614929019631,-113.00806274223581,3.9033334255218506,31.239999771118164,1.09333336353302
2023,9,48.97614929019631,-110.99583650580809,4.303333282470703,29.336666107177734,0.5866666436195374
2023,9,48.97614929019631,-108.98361026938035,3.87666654586792,28.953332901000977,1.0833333730697632
2023,9,48.97614929019631,-106.97138403295263,3.8933334350585938,29.233333587646484,0.5266666412353516
2023,9,48.97614929019631,-105.03102301925446,3.7899999618530273,28.71666717529297,0.44333332777023315
2023,9,48.97614929019631,-103.01879678282673,3.8966665267944336,34.88999938964844,0.5199999809265137
2023,9,48.97614929019631,-101.006570546399,3.7166666984558105,38.21333312988281,0.8999999761581421
2023,9,48.97614929019631,-98.99434430997127,4.076666831970215,43.7066650390625,1.9133332967758179
2023,9,48.97614929019631,-96.98211807354355,3.9666666984558105,42.366668701171875,1.7133333683013916
2023,9,48.97614929019631,-94.96989183711581,4.166666507720947,47.38666534423828,1.40666663646698
2023,10,26.985391134950426,-98.99434430997127,4.180644989013672,37.17096710205078,3.1903226375579834
2023,10,26.985391134950426,-81.02803862758084,3.729032278060913,53.41613006591797,2.616128921508789
2023,10,28.997617371378155,-98.99434430997127,3.7645161151885986,40.19355010986328,3.638709783554077
2023,10,28.997617371378155,-96.98211807354355,4.36774206161499,46.72903060913086,2.8032257556915283
2023,10,28.997617371378155,-81.02803862758084,4.087096691131592,49.76774215698242,3.451612949371338
2023,10,31.009843607805884,-105.03102301925446,3.6677420139312744,22.222579956054688,0.2548387050628662
2023,10,31.009843607805884,-103.01879678282673,3.5741934776306152,24.15483856201172,1.3193548917770386
2023,10,31.009843607805884,-101.006570546399,4.512903213500977,35.458065032958984,5.483870983123779
2023,10,31.009843607805884,-98.99434430997127,4.741935729980469,37.367740631103516,4.051612854003906
2023,10,31.009843607805884,-96.98211807354355,4.3290324211120605,38.716129302978516,5.022580623626709
2023,10,31.009843607805884,-94.96989183711581,3.89032244682312,40.803226470947266,4.209677219390869
2023,10,31.009843607805884,-93.02953082341764,4.680644989013672,38.25161361694336,1.1354838609695435
2023,10,31.009843607805884,-91.01730458698992,4.4645161628723145,34.62580490112305,0.4516128897666931
2023,10,31.009843607805884,-89.0050783505622,3.4677419662475586,37.49354934692383,1.8096774816513062
2023,10,31.009843607805884,-86.99285211413446,3.4677419662475586,38.535484313964844,1.2161290645599365
2023,10,31.009843607805884,-84.98062587770674,3.4258065223693848,39.75806427001953,1.1612902879714966
2023,10,31.009843607805884,-82.968399641279,3.458064556121826,39.91290283203125,2.138709783554077
2023,10,33.02206984423361,-117.03251521509127,2.254838705062866,37.2129020690918,0.16129031777381897
2023,10,33.02206984423361,-115.02028897866354,2.361290216445923,18.180644989013672,0.0
2023,10,33.02206984423361,-113.00806274223581,2.5322580337524414,15.254838943481445,0.0
2023,10,33.02206984423361,-110.99583650580809,2.867741823196411,19.245161056518555,0.3225806653499603
2023,10,33.02206984423361,-108.98361026938035,3.7612903118133545,17.919355392456055,0.2548387050628662
2023,10,33.02206984423361,-106.97138403295263,3.4161291122436523,16.74193572998047,0.19032257795333862
2023,10,33.02206984423361,-105.03102301925446,3.5806450843811035,24.338708877563477,0.8612903356552124
2023,10,33.02206984423361,-103.01879678282673,4.283871173858643,29.799999237060547,3.9677419662475586
2023,10,33.02206984423361,-101.006570546399,4.158064365386963,34.01935577392578,3.7419354915618896
2023,10,33.02206984423361,-98.99434430997127,4.277419567108154,35.40967559814453,4.064516067504883
2023,10,33.02206984423361,-96.98211807354355,4.458064556121826,39.57419204711914,9.896774291992188
2023,10,33.02206984423361,-94.96989183711581,4.629032135009766,41.98064422607422,6.254838943481445
2023,10,33.02206984423361,-93.02953082341764,3.7193548679351807,40.803226470947266,2.1967742443084717
2023,10,33.02206984423361,-91.01730458698992,4.064516067504883,34.27742004394531,0.6870967745780945
2023,10,33.02206984423361,-89.0050783505622,3.864516019821167,39.18064498901367,0.64838707447052
2023,10,33.02206984423361,-86.99285211413446,3.8322579860687256,38.400001525878906,0.6870967745780945
2023,10,33.02206984423361,-84.98062587770674,4.232257843017578,39.56451416015625,2.5129032135009766
2023,10,33.02206984423361,-82.968399641279,3.7838709354400635,37.877418518066406,3.251612901687622
2023,10,33.02206984423361,-81.02803862758084,3.7161290645599365,40.90322494506836,1.967741847038269
2023,10,35.03429608066134,-118.97287622878943,3.658064603805542,22.761289596557617,0.16129031777381897
2023,10,35.03429608066134,-117.03251521509127,2.4451613426208496,19.90322494506836,0.0
2023,10,35.03429608066134,-115.02028897866354,3.4419355392456055,15.819355010986328,0.0
2023,10,35.03429608066134,-113.00806274223581,3.1483871936798096,14.745161056518555,0.20645160973072052
2023,10,35.03429608066134,-110.99583650580809,3.6258065700531006,21.270967483520508,0.0
2023,10,35.03429608066134,-108.98361026938035,3.2838709354400635,16.777420043945312,0.08387096971273422
2023,10,35.03429608066134,-106.97138403295263,2.9419355392456055,16.809677124023438,0.21612903475761414
2023,10,35.03429608066134,-105.03102301925446,3.6258063316345215,21.07741928100586,0.39677420258522034
2023,10,35.03429608066134,-103.01879678282673,4.409677505493164,22.83871078491211,0.4032258093357086
2023,10,35.03429608066134,-101.006570546399,4.53870964050293,26.677419662475586,0.2548387050628662
2023,10,35.03429608066134,-98.99434430997127,4.219354629516602,31.658063888549805,2.109677314758301
2023,10,35.03429608066134,-96.98211807354355,4.977419376373291,37.69355010986328,4.848387241363525
2023,10,35.03429608066134,-94.96989183711581,4.051612854003906,40.7129020690918,5.238709449768066
2023,10,35.03429608066134,-93.02953082341764,3.6677420139312744,39.464515686035156,4.448387145996094
2023,10,35.03429608066134,-91.01730458698992,4.151612758636475,36.622581481933594,3.206451654434204
2023,10,35.03429608066134,-89.0050783505622,4.135483741760254,38.04838562011719,0.9322580695152283
2023,10,35.03429608066134,-86.99285211413446,4.1483869552612305,41.08064651489258,0.6903225779533386
2023,10,35.03429608066134,-84.98062587770674,4.012903213500977,40.00645065307617,0.33870968222618103
2023,10,35.03429608066134,-82.968399641279,4.938709735870361,41.296775817871094,0.8387096524238586
2023,10,35.03429608066134,-81.02803862758084,3.3096773624420166,35.43548583984375,1.103225827217102
2023,10,35.03429608066134,-79.01581239115312,3.451612949371338,36.82258224487305,2.0741934776306152
2023,10,35.03429608066134,-77.00358615472538,2.777419328689575,45.064517974853516,0.7258064150810242
2023,10,36.97465709435951,-120.98510246521717,2.819354772567749,25.84516143798828,0.1064516082406044
2023,10,36.97465709435951,-118.97287622878943,2.1290321350097656,16.93225860595703,0.30645161867141724
2023,10,36.97465709435951,-117.03251521509127,2.8516128063201904,19.096773147583008,0.23870967328548431
2023,10,36.97465709435951,-115.02028897866354,2.5580644607543945,11.574193954467773,0.10322580486536026
2023,10,36.97465709435951,-113.00806274223581,2.8774192333221436,12.909677505493164,0.20967741310596466
2023,10,36.97465709435951,-110.99583650580809,3.132258176803589,14.761290550231934,0.10967741906642914
2023,10,36.97465709435951,-108.98361026938035,2.048387050628662,16.735483169555664,0.04838709533214569
2023,10,36.97465709435951,-106.97138403295263,3.5129032135009766,17.761289596557617,0.7516129016876221
2023,10,36.97465709435951,-105.03102301925446,3.9161291122436523,23.277420043945312,0.5903226137161255
2023,10,36.97465709435951,-103.01879678282673,4.429032325744629,20.899999618530273,1.2903225421905518
2023,10,36.97465709435951,-101.006570546399,4.122580528259277,25.225807189941406,0.44838711619377136
2023,10,36.97465709435951,-98.99434430997127,4.2354841232299805,28.78709602355957,0.6741935610771179
2023,10,36.97465709435951,-96.98211807354355,4.658064365386963,34.812904357910156,2.9225807189941406
2023,10,36.97465709435951,-94.96989183711581,4.46129035949707,38.812904357910156,2.409677505493164
2023,10,36.97465709435951,-93.02953082341764,4.819355010986328,40.57419204711914,2.564516305923462
2023,10,36.97465709435951,-91.01730458698992,4.261290550231934,35.877418518066406,3.3935484886169434
2023,10,36.97465709435951,-89.0050783505622,3.9193546772003174,39.37419509887695,2.8677420616149902
2023,10,36.97465709435951,-86.99285211413446,3.8064515590667725,42.83871078491211,3.2129032611846924
2023,10,36.97465709435951,-84.98062587770674,3.4612903594970703,45.09032440185547,1.1903226375579834
2023,10,36.97465709435951,-82.968399641279,3.819354772567749,41.84516143798828,1.3290321826934814
2023,10,36.97465709435951,-81.02803862758084,3.6967742443084717,38.13548278808594,0.8354838490486145
2023,10,36.97465709435951,-79.01581239115312,3.403225898742676,37.793548583984375,1.2129032611846924
2023,10,36.97465709435951,-77.00358615472538,3.2354838848114014,40.58386993408203,0.7645161151885986
2023,10,38.986883330787236,-122.99732870164489,4.190322399139404,33.92580795288086,1.1774193048477173
2023,10,38.986883330787236,-120.98510246521717,2.341935396194458,28.1064510345459,1.3709677457809448
2023,10,38.986883330787236,-118.97287622878943,2.841935396194458,26.98064422607422,0.3709677457809448
2023,10,38.986883330787236,-117.03251521509127,3.087096691131592,21.338708877563477,0.42258062958717346
2023,10,38.986883330787236,-115.02028897866354,3.341935396194458,18.245161056518555,0.264516144990921
2023,10,38.986883330787236,-113.00806274223581,1.9612903594970703,20.51935577392578,0.34193548560142517
2023,10,38.986883330787236,-110.99583650580809,2.641935348510742,20.04838752746582,0.41290321946144104
2023,10,38.986883330787236,-108.98361026938035,2.458064556121826,19.377418518066406,0.5225806832313538
2023,10,38.986883330787236,-106.97138403295263,3.7096774578094482,28.525806427001953,3.9451613426208496
2023,10,38.986883330787236,-105.03102301925446,3.8322579860687256,26.62580680847168,0.5064516067504883
2023,10,38.986883330787236,-103.01879678282673,3.6903226375579834,21.090322494506836,0.39032256603240967
2023,10,38.986883330787236,-101.006570546399,4.570967674255371,24.683870315551758,0.5161290168762207
2023,10,38.986883330787236,-98.99434430997127,5.212903022766113,26.8935489654541,1.329032301902771
2023,10,38.986883330787236,-96.98211807354355,4.596774101257324,34.454837799072266,1.6290322542190552
2023,10,38.986883330787236,-94.96989183711581,4.574193477630615,39.283870697021484,3.909677505493164
2023,10,38.986883330787236,-93.02953082341764,4.2645158767700195,33.796775817871094,1.9838709831237793
2023,10,38.986883330787236,-91.01730458698992,4.880645275115967,37.33225631713867,4.522580623626709
2023,10,38.986883330787236,-89.0050783505622,4.935483932495117,40.3870964050293,1.8870967626571655
2023,10,38.986883330787236,-86.99285211413446,4.577419281005859,38.17741775512695,1.6967741250991821
2023,10,38.986883330787236,-84.98062587770674,3.503225803375244,45.84193420410156,2.912903308868408
2023,10,38.986883330787236,-82.968399641279,3.548387050628662,41.79999923706055,2.4903225898742676
2023,10,38.986883330787236,-81.02803862758084,3.319354772567749,44.75483703613281,2.5096774101257324
2023,10,38.986883330787236,-79.01581239115312,3.883871078491211,42.141937255859375,1.1548386812210083
2023,10,38.986883330787236,-77.00358615472538,3.412903308868408,42.225807189941406,0.6870967745780945
2023,10,38.986883330787236,-74.99135991829766,3.822580575942993,43.46128845214844,1.3548387289047241
2023,10,40.999109567214965,-122.99732870164489,3.341935396194458,39.51935577392578,1.2064515352249146
2023,10,40.999109567214965,-120.98510246521717,4.199999809265137,29.74193572998047,0.5064516067504883
2023,10,40.999109567214965,-118.97287622878943,3.019354820251465,27.100000381469727,0.45483872294425964
2023,10,40.999109567214965,-117.03251521509127,3.158064603805542,30.851612091064453,0.7516129016876221
2023,10,40.999109567214965,-115.02028897866354,2.7838709354400635,32.35161209106445,0.6064516305923462
2023,10,40.999109567214965,-113.00806274223581,1.5548386573791504,37.33225631713867,1.5612903833389282
2023,10,40.999109567214965,-110.99583650580809,3.7870967388153076,27.603225708007812,1.2451612949371338
2023,10,40.999109567214965,-108.98361026938035,3.4935483932495117,24.396774291992188,1.3451613187789917
2023,10,40.999109567214965,-106.97138403295263,4.216128826141357,29.9548397064209,2.064516067504883
2023,10,40.999109567214965,-105.03102301925446,3.7161290645599365,24.677419662475586,0.5903226137161255
2023,10,40.999109567214965,-103.01879678282673,3.9193549156188965,27.554838180541992,0.8290322422981262
2023,10,40.999109567214965,-101.006570546399,4.1032257080078125,35.45161056518555,0.448387086391449
2023,10,40.999109567214965,-98.99434430997127,4.680644989013672,34.812904357910156,2.2870969772338867
2023,10,40.999109567214965,-96.98211807354355,4.877419471740723,37.17096710205078,1.070967674255371
2023,10,40.999109567214965,-94.96989183711581,5.025806427001953,38.32903289794922,1.6193548440933228
2023,10,40.999109567214965,-93.02953082341764,4.793548583984375,37.85483932495117,2.2096774578094482
2023,10,40.999109567214965,-91.01730458698992,4.496774196624756,39.380645751953125,2.548387050628662
2023,10,40.999109567214965,-89.0050783505622,4.525806427001953,40.5387077331543,3.1935484409332275
2023,10,40.999109567214965,-86.99285211413446,4.409677505493164,43.477420806884766,3.4709677696228027
2023,10,40.999109567214965,-84.98062587770674,4.006451606750488,44.43225860595703,3.429032325744629
2023,10,40.999109567214965,-82.968399641279,4.31290340423584,43.79999923706055,3.0322580337524414
2023,10,40.999109567214965,-81.02803862758084,4.158064365386963,48.21935272216797,2.5387096405029297
2023,10,40.999109567214965,-79.01581239115312,4.099999904632568,49.65806579589844,3.358064651489258
2023,10,40.999109567214965,-77.00358615472538,3.90645170211792,49.28064727783203,2.587096929550171
2023,10,40.999109567214965,-74.99135991829766,3.5548386573791504,45.82903289794922,1.6387097835540771
2023,10,40.999109567214965,-72.97913368186992,4.193548202514648,48.06774139404297,2.3516128063201904
2023,10,43.011335803642694,-122.99732870164489,3.3129031658172607,46.522579193115234,2.661290407180786
2023,10,43.011335803642694,-120.98510246521717,3.9838709831237793,31.3258056640625,0.39032256603240967
2023,10,43.011335803642694,-118.97287622878943,3.116128921508789,36.0,0.5838709473609924
2023,10,43.011335803642694,-117.03251521509127,3.9677419662475586,37.796775817871094,1.1935484409332275
2023,10,43.011335803642694,-115.02028897866354,2.861290454864502,32.42258071899414,0.977419376373291
2023,10,43.011335803642694,-113.00806274223581,2.9645161628723145,39.109676361083984,0.9096774458885193
2023,10,43.011335803642694,-110.99583650580809,3.754838705062866,33.377418518066406,1.3806451559066772
2023,10,43.011335803642694,-108.98361026938035,1.9354838132858276,35.377418518066406,2.09354829788208
2023,10,43.011335803642694,-106.97138403295263,3.9258065223693848,31.880645751953125,1.5096774101257324
2023,10,43.011335803642694,-105.03102301925446,3.522580623626709,31.79677391052246,2.112903118133545
2023,10,43.011335803642694,-103.01879678282673,3.3322579860687256,36.10322570800781,2.7870967388153076
2023,10,43.011335803642694,-101.006570546399,4.716128826141357,38.38386917114258,3.0064516067504883
2023,10,43.011335803642694,-98.99434430997127,5.029032230377197,42.035484313964844,5.1903228759765625
2023,10,43.011335803642694,-96.98211807354355,4.496774196624756,40.87419509887695,3.3322579860687256
2023,10,43.011335803642694,-94.96989183711581,4.709677219390869,42.08064651489258,4.893548488616943
2023,10,43.011335803642694,-93.02953082341764,5.05483865737915,42.60322570800781,1.600000023841858
2023,10,43.011335803642694,-91.01730458698992,4.145161151885986,43.60645294189453,2.641935348510742
2023,10,43.011335803642694,-89.0050783505622,4.787096977233887,48.01935577392578,2.5064516067504883
2023,10,43.011335803642694,-84.98062587770674,4.55483865737915,52.15806579589844,3.1032257080078125
2023,10,43.011335803642694,-82.968399641279,4.619354724884033,54.77096939086914,2.5774192810058594
2023,10,43.011335803642694,-79.01581239115312,4.245161056518555,54.19355010986328,2.409677505493164
2023,10,43.011335803642694,-77.00358615472538,4.177419185638428,54.74838638305664,2.087096691131592
2023,10,43.011335803642694,-74.99135991829766,3.5838708877563477,55.541934967041016,1.9387097358703613
2023,10,43.011335803642694,-72.97913368186992,3.59354829788208,52.07741928100586,5.487096786499023
2023,10,43.011335803642694,-70.9669074454422,3.6419355869293213,48.87419509887695,2.5774195194244385
2023,10,45.023562040070416,-122.99732870164489,3.1290323734283447,54.76129150390625,2.299999952316284
2023,10,45.023562040070416,-120.98510246521717,3.200000047683716,45.290321350097656,0.8322580456733704
2023,10,45.023562040070416,-118.97287622878943,3.206451654434204,38.632259368896484,1.3129031658172607
2023,10,45.023562040070416,-117.03251521509127,3.474193572998047,37.00322723388672,1.603225827217102
2023,10,45.023562040070416,-115.02028897866354,4.05483865737915,37.877418518066406,1.7322580814361572
2023,10,45.023562040070416,-113.00806274223581,3.064516067504883,38.01612854003906,0.603225827217102
2023,10,45.023562040070416,-110.99583650580809,3.9483871459960938,41.07741928100586,3.0129032135009766
2023,10,45.023562040070416,-108.98361026938035,2.838709592819214,43.86451721191406,1.3709677457809448
2023,10,45.023562040070416,-106.97138403295263,3.8064515590667725,42.312904357910156,2.3967740535736084
2023,10,45.023562040070416,-105.03102301925446,3.79677414894104,41.41613006591797,1.5032258033752441
2023,10,45.023562040070416,-103.01879678282673,4.596774101257324,38.50645065307617,1.0612902641296387
2023,10,45.023562040070416,-101.006570546399,4.706451416015625,40.380645751953125,0.5645161271095276
2023,10,45.023562040070416,-98.99434430997127,4.041935443878174,43.67741775512695,1.9032257795333862
2023,10,45.023562040070416,-96.98211807354355,5.767742156982422,48.77742004394531,3.525806427001953
2023,10,45.023562040070416,-94.96989183711581,5.0806450843811035,47.48387145996094,3.158064603805542
2023,10,45.023562040070416,-93.02953082341764,4.264516353607178,52.209678649902344,3.6064515113830566
2023,10,45.023562040070416,-91.01730458698992,3.9870967864990234,50.7129020690918,3.977419376373291
2023,10,45.023562040070416,-89.0050783505622,5.116128921508789,55.66774368286133,4.4645161628723145
2023,10,45.023562040070416,-84.98062587770674,5.174193382263184,55.35483932495117,5.716128826141357
2023,10,45.023562040070416,-74.99135991829766,4.045161247253418,53.77096939086914,2.451612949371338
2023,10,45.023562040070416,-72.97913368186992,4.164515972137451,57.848388671875,4.154838562011719
2023,10,45.023562040070416,-70.9669074454422,5.18709659576416,60.31935501098633,2.8483872413635254
2023,10,47.035788276498145,-122.99732870164489,3.3354837894439697,58.696773529052734,4.1258063316345215
2023,10,47.035788276498145,-120.98510246521717,3.0516128540039062,42.967742919921875,1.5419354438781738
2023,10,47.035788276498145,-118.97287622878943,2.2838709354400635,37.48387145996094,0.477419376373291
2023,10,47.035788276498145,-117.03251521509127,2.8548386096954346,43.06774139404297,0.9387096762657166
2023,10,47.035788276498145,-115.02028897866354,3.0580644607543945,50.32903289794922,2.3516128063201904
2023,10,47.035788276498145,-113.00806274223581,3.5096774101257324,40.97419357299805,1.0064516067504883
2023,10,47.035788276498145,-110.99583650580809,5.661290168762207,48.89354705810547,1.6935484409332275
2023,10,47.035788276498145,-108.98361026938035,3.883871078491211,44.30967712402344,1.8709677457809448
2023,10,47.035788276498145,-106.97138403295263,4.403225898742676,46.370967864990234,1.2225806713104248
2023,10,47.035788276498145,-105.03102301925446,4.012903213500977,47.14838790893555,1.7225806713104248
2023,10,47.035788276498145,-103.01879678282673,4.619354724884033,49.35161209106445,1.5096774101257324
2023,10,47.035788276498145,-101.006570546399,4.496774196624756,46.52903366088867,1.7387096881866455
2023,10,47.035788276498145,-98.99434430997127,5.296774387359619,47.80967712402344,0.9419354796409607
2023,10,47.035788276498145,-96.98211807354355,4.361290454864502,46.08386993408203,2.067741870880127
2023,10,47.035788276498145,-94.96989183711581,5.338709831237793,48.370967864990234,1.5064516067504883
2023,10,47.035788276498145,-93.02953082341764,4.370967864990234,50.6741943359375,1.4677419662475586
2023,10,47.035788276498145,-89.0050783505622,4.880645275115967,53.129032135009766,2.254838705062866
2023,10,48.97614929019631,-122.99732870164489,1.7096774578094482,62.467742919921875,3.9612903594970703
2023,10,48.97614929019631,-120.98510246521717,3.9709677696228027,46.890323638916016,2.0354838371276855
2023,10,48.97614929019631,-118.97287622878943,2.409677505493164,50.4387092590332,0.7322580814361572
2023,10,48.97614929019631,-117.03251521509127,3.587096691131592,54.48709487915039,2.0161290168762207
2023,10,48.97614929019631,-115.02028897866354,3.845161199569702,41.23870849609375,0.8677419424057007
2023,10,48.97614929019631,-113.00806274223581,3.9225807189941406,45.85483932495117,1.7354838848114014
2023,10,48.97614929019631,-110.99583650580809,4.190322399139404,50.035484313964844,1.3258064985275269
2023,10,48.97614929019631,-108.98361026938035,4.18709659576416,50.14516067504883,1.1838709115982056
2023,10,48.97614929019631,-106.97138403295263,4.525806427001953,47.6741943359375,0.800000011920929
2023,10,48.97614929019631,-105.03102301925446,4.354838848114014,48.19032287597656,1.4290322065353394
2023,10,48.97614929019631,-103.01879678282673,4.235483646392822,55.52903366088867,2.067741870880127
2023,10,48.97614929019631,-101.006570546399,3.79677414894104,50.545162200927734,1.603225827217102
2023,10,48.97614929019631,-98.99434430997127,4.141935348510742,56.858062744140625,1.206451654434204
2023,10,48.97614929019631,-96.98211807354355,4.029032230377197,55.72257995605469,1.4935483932495117
2023,10,48.97614929019631,-94.96989183711581,4.622580528259277,53.954837799072266,2.1645162105560303
2023,11,26.985391134950426,-98.99434430997127,3.009999990463257,47.8466682434082,4.53000020980835
2023,11,26.985391134950426,-81.02803862758084,3.816666603088379,54.53666687011719,1.5
2023,11,28.997617371378155,-98.99434430997127,2.8399999141693115,45.09000015258789,1.2300000190734863
2023,11,28.997617371378155,-96.98211807354355,3.626666784286499,52.7599983215332,2.013333320617676
2023,11,28.997617371378155,-81.02803862758084,4.050000190734863,53.53666687011719,7.476666450500488
2023,11,31.009843607805884,-105.03102301925446,3.0,32.13333511352539,0.1733333319425583
2023,11,31.009843607805884,-103.01879678282673,3.1600000858306885,33.040000915527344,1.2133333683013916
2023,11,31.009843607805884,-101.006570546399,3.799999952316284,41.349998474121094,1.15666663646698
2023,11,31.009843607805884,-98.99434430997127,3.7300000190734863,43.89666748046875,0.7433333396911621
2023,11,31.009843607805884,-96.98211807354355,3.3533332347869873,48.2400016784668,2.556666612625122
2023,11,31.009843607805884,-94.96989183711581,3.0299999713897705,48.96666717529297,1.7166666984558105
2023,11,31.009843607805884,-93.02953082341764,3.7100000381469727,47.49333190917969,1.8366667032241821
2023,11,31.009843607805884,-91.01730458698992,3.5966665744781494,46.900001525878906,3.430000066757202
2023,11,31.009843607805884,-89.0050783505622,3.2033333778381348,45.6533317565918,2.5233333110809326
2023,11,31.009843607805884,-86.99285211413446,3.3933334350585938,46.7933349609375,3.620000123977661
2023,11,31.009843607805884,-84.98062587770674,3.2266666889190674,46.36000061035156,2.553333282470703
2023,11,31.009843607805884,-82.968399641279,3.4766666889190674,43.85333251953125,1.7100000381469727
2023,11,33.02206984423361,-117.03251521509127,2.7166666984558105,25.66666603088379,0.8300000429153442
2023,11,33.02206984423361,-115.02028897866354,2.5866665840148926,19.72333335876465,0.16333332657814026
2023,11,33.02206984423361,-113.00806274223581,2.309999942779541,18.489999771118164,0.4000000059604645
2023,11,33.02206984423361,-110.99583650580809,2.569999933242798,25.690000534057617,0.47333332896232605
2023,11,33.02206984423361,-108.98361026938035,3.3966667652130127,23.926666259765625,0.4266666769981384
2023,11,33.02206984423361,-106.97138403295263,2.9000000953674316,25.48666763305664,0.28333333134651184
2023,11,33.02206984423361,-105.03102301925446,3.0999999046325684,31.003334045410156,0.3266666829586029
2023,11,33.02206984423361,-103.01879678282673,3.9566667079925537,31.56999969482422,0.03666666895151138
2023,11,33.02206984423361,-101.006570546399,3.809999942779541,35.9466667175293,0.15333333611488342
2023,11,33.02206984423361,-98.99434430997127,3.6466667652130127,36.21666717529297,0.17999999225139618
2023,11,33.02206984423361,-96.98211807354355,3.7733333110809326,42.47666549682617,0.3933333456516266
2023,11,33.02206984423361,-94.96989183711581,3.9800000190734863,43.63666534423828,2.503333330154419
2023,11,33.02206984423361,-93.02953082341764,3.240000009536743,44.529998779296875,1.6733332872390747
2023,11,33.02206984423361,-91.01730458698992,3.303333282470703,44.12333297729492,1.6933332681655884
2023,11,33.02206984423361,-89.0050783505622,3.433333396911621,44.68000030517578,2.0166666507720947
2023,11,33.02206984423361,-86.99285211413446,3.3966665267944336,43.073333740234375,1.316666603088379
2023,11,33.02206984423361,-84.98062587770674,3.8966665267944336,42.38999938964844,2.3499999046325684
2023,11,33.02206984423361,-82.968399641279,3.740000009536743,41.06666564941406,1.7366666793823242
2023,11,33.02206984423361,-81.02803862758084,4.183333396911621,39.676666259765625,3.2300000190734863
2023,11,35.03429608066134,-118.97287622878943,3.4100000858306885,16.113332748413086,0.17000000178813934
2023,11,35.03429608066134,-117.03251521509127,2.256666660308838,21.149999618530273,0.19999998807907104
2023,11,35.03429608066134,-115.02028897866354,4.019999980926514,19.643333435058594,0.09666666388511658
2023,11,35.03429608066134,-113.00806274223581,3.319999933242798,18.899999618530273,0.1066666692495346
2023,11,35.03429608066134,-110.99583650580809,3.440000057220459,27.226667404174805,0.7566666603088379
2023,11,35.03429608066134,-108.98361026938035,2.9833333492279053,24.53333282470703,1.3600000143051147
2023,11,35.03429608066134,-106.97138403295263,2.4133334159851074,28.866666793823242,0.7566666603088379
2023,11,35.03429608066134,-105.03102301925446,3.629999876022339,26.139999389648438,0.3633333444595337
2023,11,35.03429608066134,-103.01879678282673,4.186666488647461,24.906667709350586,0.05000000074505806
2023,11,35.03429608066134,-101.006570546399,4.173333168029785,28.873332977294922,0.29666668176651
2023,11,35.03429608066134,-98.99434430997127,3.7733333110809326,37.28333282470703,0.273333340883255
2023,11,35.03429608066134,-96.98211807354355,4.563333511352539,36.35333251953125,0.8899999856948853
2023,11,35.03429608066134,-94.96989183711581,3.569999933242798,38.84000015258789,2.4100000858306885
2023,11,35.03429608066134,-93.02953082341764,3.1633334159851074,40.676666259765625,1.9299999475479126
2023,11,35.03429608066134,-91.01730458698992,3.4800000190734863,38.650001525878906,2.0266666412353516
2023,11,35.03429608066134,-89.0050783505622,3.816666603088379,38.06666564941406,2.236666679382324
2023,11,35.03429608066134,-86.99285211413446,3.9533333778381348,39.186668395996094,1.899999976158142
2023,11,35.03429608066134,-84.98062587770674,3.7766666412353516,37.813331604003906,1.2200000286102295
2023,11,35.03429608066134,-82.968399641279,4.440000057220459,35.09333419799805,1.6733332872390747
2023,11,35.03429608066134,-81.02803862758084,3.0899999141693115,32.400001525878906,2.5799999237060547
2023,11,35.03429608066134,-79.01581239115312,3.5333333015441895,35.28666687011719,2.1466667652130127
2023,11,35.03429608066134,-77.00358615472538,3.31333327293396,45.5099983215332,1.6966667175292969
2023,11,36.97465709435951,-120.98510246521717,2.4600000381469727,26.793333053588867,0.5199999809265137
2023,11,36.97465709435951,-118.97287622878943,2.116666555404663,22.01333236694336,1.2799999713897705
2023,11,36.97465709435951,-117.03251521509127,2.890000104904175,21.5,0.07333333790302277
2023,11,36.97465709435951,-115.02028897866354,2.6033334732055664,14.876667022705078,0.11999999731779099
2023,11,36.97465709435951,-113.00806274223581,3.0833332538604736,20.84000015258789,0.8100000023841858
2023,11,36.97465709435951,-110.99583650580809,2.62333345413208,22.016666412353516,0.39000001549720764
2023,11,36.97465709435951,-108.98361026938035,1.5,27.906665802001953,0.3500000238418579
2023,11,36.97465709435951,-106.97138403295263,2.5266666412353516,25.47333335876465,0.6133333444595337
2023,11,36.97465709435951,-105.03102301925446,3.623333215713501,22.196666717529297,0.41999998688697815
2023,11,36.97465709435951,-103.01879678282673,4.303333282470703,20.383333206176758,0.01666666753590107
2023,11,36.97465709435951,-101.006570546399,3.6533334255218506,26.780000686645508,0.25999999046325684
2023,11,36.97465709435951,-98.99434430997127,3.6700000762939453,33.473331451416016,1.6966665983200073
2023,11,36.97465709435951,-96.98211807354355,3.993333339691162,38.75,1.7100000381469727
2023,11,36.97465709435951,-94.96989183711581,3.9100000858306885,38.439998626708984,0.6899999976158142
2023,11,36.97465709435951,-93.02953082341764,4.090000152587891,36.61000061035156,0.6100000143051147
2023,11,36.97465709435951,-91.01730458698992,3.3266665935516357,34.09333419799805,0.3499999940395355
2023,11,36.97465709435951,-89.0050783505622,3.263333320617676,37.82666778564453,0.7266666293144226
2023,11,36.97465709435951,-86.99285211413446,3.5966665744781494,38.0533332824707,1.5833333730697632
2023,11,36.97465709435951,-84.98062587770674,3.363333225250244,37.98666763305664,1.2599999904632568
2023,11,36.97465709435951,-82.968399641279,3.9000000953674316,33.36333465576172,1.506666660308838
2023,11,36.97465709435951,-81.02803862758084,3.676666736602783,33.9466667175293,1.4266667366027832
2023,11,36.97465709435951,-79.01581239115312,3.3433332443237305,33.0966682434082,1.743333339691162
2023,11,36.97465709435951,-77.00358615472538,3.2933332920074463,36.58333206176758,2.1033332347869873
2023,11,38.986883330787236,-122.99732870164489,4.9666666984558105,49.08000183105469,2.7300000190734863
2023,11,38.986883330787236,-120.98510246521717,2.446666717529297,30.996665954589844,2.246666669845581
2023,11,38.986883330787236,-118.97287622878943,2.680000066757202,28.27666664123535,0.3466666638851166
2023,11,38.986883330787236,-117.03251521509127,3.4166667461395264,25.34666633605957,0.20000000298023224
2023,11,38.986883330787236,-115.02028897866354,3.443333387374878,24.206666946411133,0.39666667580604553
2023,11,38.986883330787236,-113.00806274223581,1.566666603088379,30.296667098999023,0.4233333468437195
2023,11,38.986883330787236,-110.99583650580809,2.113333225250244,28.196666717529297,0.35333332419395447
2023,11,38.986883330787236,-108.98361026938035,2.2766666412353516,29.863332748413086,0.7266666889190674
2023,11,38.986883330787236,-106.97138403295263,3.4166667461395264,34.94333267211914,2.2200000286102295
2023,11,38.986883330787236,-105.03102301925446,4.023333549499512,31.80666732788086,0.7799999713897705
2023,11,38.986883330787236,-103.01879678282673,3.62666654586792,21.0766658782959,0.013333333656191826
2023,11,38.986883330787236,-101.006570546399,4.010000228881836,25.94999885559082,0.15666666626930237
2023,11,38.986883330787236,-98.99434430997127,4.493333339691162,31.106666564941406,0.4633333384990692
2023,11,38.986883330787236,-96.98211807354355,3.990000009536743,37.336666107177734,1.5533332824707031
2023,11,38.986883330787236,-94.96989183711581,4.019999980926514,42.22999954223633,1.193333387374878
2023,11,38.986883330787236,-93.02953082341764,3.62333345413208,38.95000076293945,0.8433333039283752
2023,11,38.986883330787236,-91.01730458698992,4.196666717529297,37.586666107177734,0.43666666746139526
2023,11,38.986883330787236,-89.0050783505622,4.2866668701171875,37.189998626708984,0.3466666638851166
2023,11,38.986883330787236,-86.99285211413446,4.159999847412109,36.776668548583984,1.0399999618530273
2023,11,38.986883330787236,-84.98062587770674,3.3399999141693115,40.04666519165039,0.9300000071525574
2023,11,38.986883330787236,-82.968399641279,3.81333327293396,36.83000183105469,1.7366666793823242
2023,11,38.986883330787236,-81.02803862758084,3.509999990463257,38.483333587646484,1.783333420753479
2023,11,38.986883330787236,-79.01581239115312,4.063333511352539,38.560001373291016,2.433333396911621
2023,11,38.986883330787236,-77.00358615472538,3.7333333492279053,39.14666748046875,2.6399998664855957
2023,11,38.986883330787236,-74.99135991829766,4.769999980926514,43.900001525878906,2.7099997997283936
2023,11,40.999109567214965,-122.99732870164489,3.440000057220459,43.0433349609375,2.7233333587646484
2023,11,40.999109567214965,-120.98510246521717,3.81333327293396,38.76333236694336,1.2833333015441895
2023,11,40.999109567214965,-118.97287622878943,2.75,31.976667404174805,0.33666667342185974
2023,11,40.999109567214965,-117.03251521509127,3.2200000286102295,33.900001525878906,0.7333333492279053
2023,11,40.999109567214965,-115.02028897866354,2.7166666984558105,36.276668548583984,1.0666667222976685
2023,11,40.999109567214965,-113.00806274223581,1.2166666984558105,38.59000015258789,0.5666666626930237
2023,11,40.999109567214965,-110.99583650580809,3.890000104904175,33.24333190917969,1.1666667461395264
2023,11,40.999109567214965,-108.98361026938035,3.633333444595337,34.5533332824707,1.09333336353302
2023,11,40.999109567214965,-106.97138403295263,4.486666679382324,37.06999969482422,1.940000057220459
2023,11,40.999109567214965,-105.03102301925446,4.5933332443237305,25.10333251953125,0.4699999988079071
2023,11,40.999109567214965,-103.01879678282673,4.023333549499512,24.843334197998047,0.2900000214576721
2023,11,40.999109567214965,-101.006570546399,3.5933332443237305,30.729999542236328,0.38333332538604736
2023,11,40.999109567214965,-98.99434430997127,4.150000095367432,31.953332901000977,0.7633333206176758
2023,11,40.999109567214965,-96.98211807354355,4.433333396911621,35.56666564941406,0.44333332777023315
2023,11,40.999109567214965,-94.96989183711581,4.679999828338623,36.32666778564453,0.40666666626930237
2023,11,40.999109567214965,-93.02953082341764,4.320000171661377,38.029998779296875,0.476666659116745
2023,11,40.999109567214965,-91.01730458698992,3.9133334159851074,40.85333251953125,0.5399999618530273
2023,11,40.999109567214965,-89.0050783505622,3.9633333683013916,40.720001220703125,0.7199999690055847
2023,11,40.999109567214965,-86.99285211413446,4.0966668128967285,42.323333740234375,0.38999998569488525
2023,11,40.999109567214965,-84.98062587770674,4.139999866485596,42.54999923706055,0.6266666650772095
2023,11,40.999109567214965,-82.968399641279,4.6533331871032715,41.413333892822266,1.2200000286102295
2023,11,40.999109567214965,-81.02803862758084,4.683333396911621,44.47999954223633,1.6266666650772095
2023,11,40.999109567214965,-79.01581239115312,4.576666831970215,44.49333190917969,2.0299999713897705
2023,11,40.999109567214965,-77.00358615472538,4.353333473205566,43.67333221435547,1.6799999475479126
2023,11,40.999109567214965,-74.99135991829766,4.0333333015441895,40.62666702270508,2.690000057220459
2023,11,40.999109567214965,-72.97913368186992,5.166666507720947,42.25666809082031,2.1500000953674316
2023,11,43.011335803642694,-122.99732870164489,3.3266665935516357,57.336666107177734,4.480000019073486
2023,11,43.011335803642694,-120.98510246521717,4.039999961853027,39.89666748046875,0.8633333444595337
2023,11,43.011335803642694,-118.97287622878943,2.946666717529297,41.93333435058594,1.0199999809265137
2023,11,43.011335803642694,-117.03251521509127,4.039999961853027,38.85333251953125,0.9733332991600037
2023,11,43.011335803642694,-115.02028897866354,2.490000009536743,43.686668395996094,1.0866667032241821
2023,11,43.011335803642694,-113.00806274223581,2.799999952316284,50.05666732788086,0.9366666674613953
2023,11,43.011335803642694,-110.99583650580809,3.7733333110809326,40.93333435058594,0.5699999928474426
2023,11,43.011335803642694,-108.98361026938035,2.359999895095825,37.21333312988281,1.2200000286102295
2023,11,43.011335803642694,-106.97138403295263,5.453333377838135,33.310001373291016,0.4166666567325592
2023,11,43.011335803642694,-105.03102301925446,4.053333282470703,30.110000610351562,0.2866666615009308
2023,11,43.011335803642694,-103.01879678282673,3.303333282470703,29.94333267211914,0.2566666603088379
2023,11,43.011335803642694,-101.006570546399,4.183333396911621,30.719999313354492,0.19333332777023315
2023,11,43.011335803642694,-98.99434430997127,4.206666469573975,35.086666107177734,1.0433332920074463
2023,11,43.011335803642694,-96.98211807354355,3.736666679382324,38.150001525878906,0.1300000101327896
2023,11,43.011335803642694,-94.96989183711581,4.513333320617676,39.97999954223633,0.05666666477918625
2023,11,43.011335803642694,-93.02953082341764,4.860000133514404,38.38999938964844,0.17000000178813934
2023,11,43.011335803642694,-91.01730458698992,3.993333339691162,42.27000045776367,0.2633333206176758
2023,11,43.011335803642694,-89.0050783505622,4.743333339691162,46.33333206176758,1.0166666507720947
2023,11,43.011335803642694,-84.98062587770674,4.896666526794434,49.246665954589844,1.5266666412353516
2023,11,43.011335803642694,-82.968399641279,4.900000095367432,52.5966682434082,1.4600000381469727
2023,11,43.011335803642694,-79.01581239115312,4.75333309173584,52.45000076293945,1.809999942779541
2023,11,43.011335803642694,-77.00358615472538,4.75,52.90999984741211,1.8299999237060547
2023,11,43.011335803642694,-74.99135991829766,4.03000020980835,55.85333251953125,2.056666612625122
2023,11,43.011335803642694,-72.97913368186992,3.9833333492279053,49.21333312988281,2.8366665840148926
2023,11,43.011335803642694,-70.9669074454422,4.429999828338623,42.97999954223633,2.1033332347869873
2023,11,45.023562040070416,-122.99732870164489,3.133333206176758,62.19333267211914,3.753333330154419
2023,11,45.023562040070416,-120.98510246521717,3.5,56.503334045410156,1.0466666221618652
2023,11,45.023562040070416,-118.97287622878943,3.5366666316986084,43.42000198364258,1.6066666841506958
2023,11,45.023562040070416,-117.03251521509127,3.6066668033599854,45.77000045776367,3.7799999713897705
2023,11,45.023562040070416,-115.02028897866354,5.006666660308838,42.52666473388672,2.06333327293396
2023,11,45.023562040070416,-113.00806274223581,3.4800000190734863,37.56999969482422,0.1599999964237213
2023,11,45.023562040070416,-110.99583650580809,4.639999866485596,44.58000183105469,2.0333333015441895
2023,11,45.023562040070416,-108.98361026938035,3.073333263397217,35.73666763305664,0.09000000357627869
2023,11,45.023562040070416,-106.97138403295263,3.8966667652130127,30.286666870117188,0.3799999952316284
2023,11,45.023562040070416,-105.03102301925446,3.993333339691162,32.63666534423828,0.08999999612569809
2023,11,45.023562040070416,-103.01879678282673,4.079999923706055,28.49333381652832,0.2566666603088379
2023,11,45.023562040070416,-101.006570546399,3.8433332443237305,34.24333190917969,0.06666667014360428
2023,11,45.023562040070416,-98.99434430997127,2.940000057220459,41.5,0.05999999865889549
2023,11,45.023562040070416,-96.98211807354355,5.103333473205566,44.74333190917969,0.1133333370089531
2023,11,45.023562040070416,-94.96989183711581,4.556666851043701,45.06999969482422,0.036666665226221085
2023,11,45.023562040070416,-93.02953082341764,4.046666622161865,47.28333282470703,0.03333333507180214
2023,11,45.023562040070416,-91.01730458698992,4.133333206176758,47.62333297729492,0.12333333492279053
2023,11,45.023562040070416,-89.0050783505622,5.7833333015441895,46.63333511352539,0.476666659116745
2023,11,45.023562040070416,-84.98062587770674,6.046666622161865,54.619998931884766,2.0299999713897705
2023,11,45.023562040070416,-74.99135991829766,4.199999809265137,55.65999984741211,1.3300000429153442
2023,11,45.023562040070416,-72.97913368186992,4.119999885559082,53.526668548583984,2.5999999046325684
2023,11,45.023562040070416,-70.9669074454422,6.03000020980835,55.776668548583984,1.7366666793823242
2023,11,47.035788276498145,-122.99732870164489,3.8299999237060547,61.393333435058594,7.933333396911621
2023,11,47.035788276498145,-120.98510246521717,3.0233333110809326,56.59000015258789,5.776666641235352
2023,11,47.035788276498145,-118.97287622878943,2.2166666984558105,55.71333312988281,1.0433332920074463
2023,11,47.035788276498145,-117.03251521509127,3.2933332920074463,52.57666778564453,2.6466667652130127
2023,11,47.035788276498145,-115.02028897866354,3.2799999713897705,58.4466667175293,5.360000133514404
2023,11,47.035788276498145,-113.00806274223581,3.7033333778381348,42.936668395996094,0.5199999809265137
2023,11,47.035788276498145,-110.99583650580809,8.010000228881836,42.310001373291016,0.800000011920929
2023,11,47.035788276498145,-108.98361026938035,4.133333206176758,31.253334045410156,0.2633333206176758
2023,11,47.035788276498145,-106.97138403295263,4.336666584014893,35.776668548583984,0.2199999988079071
2023,11,47.035788276498145,-105.03102301925446,3.676666736602783,38.77333450317383,0.01666666753590107
2023,11,47.035788276498145,-103.01879678282673,4.293333530426025,43.040000915527344,0.020000001415610313
2023,11,47.035788276498145,-101.006570546399,4.106666564941406,49.6533317565918,0.08999999612569809
2023,11,47.035788276498145,-98.99434430997127,5.056666851043701,52.45000076293945,0.07000000029802322
2023,11,47.035788276498145,-96.98211807354355,3.6466667652130127,49.5433349609375,0.1066666692495346
2023,11,47.035788276498145,-94.96989183711581,5.239999771118164,50.0433349609375,0.28333333134651184
2023,11,47.035788276498145,-93.02953082341764,4.550000190734863,50.046669006347656,0.7866666913032532
2023,11,47.035788276498145,-89.0050783505622,6.516666412353516,52.099998474121094,1.7999999523162842
2023,11,48.97614929019631,-122.99732870164489,2.1633334159851074,64.71666717529297,3.93666672706604
2023,11,48.97614929019631,-120.98510246521717,4.583333492279053,60.029998779296875,4.776666641235352
2023,11,48.97614929019631,-118.97287622878943,1.9800000190734863,59.2066650390625,1.0099999904632568
2023,11,48.97614929019631,-117.03251521509127,3.303333282470703,72.49333190917969,4.616666793823242
2023,11,48.97614929019631,-115.02028897866354,3.886666774749756,58.29999923706055,2.003333330154419
2023,11,48.97614929019631,-113.00806274223581,4.3433332443237305,37.66999816894531,0.6100000143051147
2023,11,48.97614929019631,-110.99583650580809,4.809999942779541,38.16999816894531,0.4233333170413971
2023,11,48.97614929019631,-108.98361026938035,4.233333110809326,52.073333740234375,0.5366666913032532
2023,11,48.97614929019631,-106.97138403295263,4.076666831970215,52.75666427612305,0.5199999809265137
2023,11,48.97614929019631,-105.03102301925446,3.9200000762939453,54.51333236694336,0.1966666728258133
2023,11,48.97614929019631,-103.01879678282673,3.946666717529297,58.836666107177734,0.09333333373069763
2023,11,48.97614929019631,-101.006570546399,3.6666667461395264,58.106666564941406,0.2933333218097687
2023,11,48.97614929019631,-98.99434430997127,4.4666666984558105,60.936668395996094,0.19333332777023315
2023,11,48.97614929019631,-96.98211807354355,4.006666660308838,63.03666687011719,0.33666664361953735
2023,11,48.97614929019631,-94.96989183711581,4.769999980926514,59.529998779296875,0.6899999976158142
2023,12,26.985391134950426,-98.99434430997127,2.9193549156188965,35.73225784301758,0.3709677457809448
2023,12,26.985391134950426,-81.02803862758084,4.13225793838501,53.400001525878906,2.4161291122436523
2023,12,28.997617371378155,-98.99434430997127,2.819354772567749,33.48387145996094,0.6580645442008972
2023,12,28.997617371378155,-96.98211807354355,3.3580644130706787,39.99032211303711,1.0838710069656372
2023,12,28.997617371378155,-81.02803862758084,4.474193572998047,47.16451644897461,3.9645161628723145
2023,12,31.009843607805884,-105.03102301925446,2.932258129119873,16.177419662475586,0.0903225764632225
2023,12,31.009843607805884,-103.01879678282673,3.3129031658172607,19.44193458557129,0.05161290243268013
2023,12,31.009843607805884,-101.006570546399,3.9193549156188965,29.20322608947754,1.0741935968399048
2023,12,31.009843607805884,-98.99434430997127,3.8806450366973877,33.15806579589844,1.5483871698379517
2023,12,31.009843607805884,-96.98211807354355,3.3935484886169434,35.48064422607422,3.2387096881866455
2023,12,31.009843607805884,-94.96989183711581,3.3258063793182373,37.26129150390625,2.2129032611846924
2023,12,31.009843607805884,-93.02953082341764,4.045161247253418,40.01290512084961,3.293548345565796
2023,12,31.009843607805884,-91.01730458698992,4.0354838371276855,41.400001525878906,5.796774387359619
2023,12,31.009843607805884,-89.0050783505622,3.7677419185638428,38.703224182128906,5.041935443878174
2023,12,31.009843607805884,-86.99285211413446,3.932258129119873,42.945159912109375,3.3096773624420166
2023,12,31.009843607805884,-84.98062587770674,3.7580645084381104,47.554840087890625,5.032258033752441
2023,12,31.009843607805884,-82.968399641279,4.032258033752441,45.619354248046875,7.1903228759765625
2023,12,33.02206984423361,-117.03251521509127,2.5096774101257324,34.87419509887695,0.6451612710952759
2023,12,33.02206984423361,-115.02028897866354,1.9967741966247559,23.425806045532227,0.4000000059604645
2023,12,33.02206984423361,-113.00806274223581,1.8354839086532593,23.28709602355957,0.3677419126033783
2023,12,33.02206984423361,-110.99583650580809,2.1451613903045654,28.3258056640625,1.548387050628662
2023,12,33.02206984423361,-108.98361026938035,3.003225803375244,21.119354248046875,1.2451612949371338
2023,12,33.02206984423361,-106.97138403295263,3.0290322303771973,22.093547821044922,0.9580645561218262
2023,12,33.02206984423361,-105.03102301925446,3.341935396194458,21.419355392456055,0.3774193525314331
2023,12,33.02206984423361,-103.01879678282673,4.051612854003906,27.032258987426758,0.6677419543266296
2023,12,33.02206984423361,-101.006570546399,3.951612949371338,32.08386993408203,1.7225806713104248
2023,12,33.02206984423361,-98.99434430997127,3.8096773624420166,32.5387077331543,1.5838710069656372
2023,12,33.02206984423361,-96.98211807354355,3.7870967388153076,37.39677429199219,2.322580575942993
2023,12,33.02206984423361,-94.96989183711581,4.229032039642334,39.13548278808594,2.4451613426208496
2023,12,33.02206984423361,-93.02953082341764,3.412903308868408,40.122581481933594,2.090322494506836
2023,12,33.02206984423361,-91.01730458698992,3.5612902641296387,41.7129020690918,2.887096643447876
2023,12,33.02206984423361,-89.0050783505622,3.864516258239746,40.041934967041016,2.9612903594970703
2023,12,33.02206984423361,-86.99285211413446,4.009677410125732,40.099998474121094,2.6709675788879395
2023,12,33.02206984423361,-84.98062587770674,4.416129112243652,40.196773529052734,2.5806450843811035
2023,12,33.02206984423361,-82.968399641279,4.099999904632568,39.44193649291992,2.1064515113830566
2023,12,33.02206984423361,-81.02803862758084,4.551612854003906,38.270965576171875,5.03870964050293
2023,12,35.03429608066134,-118.97287622878943,3.1967742443084717,34.22257995605469,0.6548386812210083
2023,12,35.03429608066134,-117.03251521509127,1.793548345565796,26.0,0.5258064270019531
2023,12,35.03429608066134,-115.02028897866354,3.299999952316284,19.761289596557617,0.04838709533214569
2023,12,35.03429608066134,-113.00806274223581,2.909677505493164,17.954837799072266,0.6741935610771179
2023,12,35.03429608066134,-110.99583650580809,3.067741870880127,30.98064613342285,0.09354838728904724
2023,12,35.03429608066134,-108.98361026938035,2.9483871459960938,26.47096824645996,0.8645161390304565
2023,12,35.03429608066134,-106.97138403295263,2.4419355392456055,32.522579193115234,0.6516128778457642
2023,12,35.03429608066134,-105.03102301925446,3.8064515590667725,28.935483932495117,1.1451612710952759
2023,12,35.03429608066134,-103.01879678282673,4.403225898742676,27.525806427001953,0.7032257914543152
2023,12,35.03429608066134,-101.006570546399,4.229032039642334,33.716129302978516,3.819354772567749
2023,12,35.03429608066134,-98.99434430997127,3.8129031658172607,41.0,2.29677414894104
2023,12,35.03429608066134,-96.98211807354355,4.880645275115967,40.41290283203125,1.7161290645599365
2023,12,35.03429608066134,-94.96989183711581,3.9709677696228027,45.274192810058594,2.2612903118133545
2023,12,35.03429608066134,-93.02953082341764,3.661290407180786,43.83548355102539,2.2838709354400635
2023,12,35.03429608066134,-91.01730458698992,3.59354829788208,42.01290512084961,1.8838709592819214
2023,12,35.03429608066134,-89.0050783505622,4.083870887756348,40.09354782104492,1.693548321723938
2023,12,35.03429608066134,-86.99285211413446,4.116128921508789,42.687095642089844,2.980645179748535
2023,12,35.03429608066134,-84.98062587770674,3.980645179748535,41.477420806884766,5.36774206161499
2023,12,35.03429608066134,-82.968399641279,5.27419376373291,35.01290512084961,8.574193954467773
2023,12,35.03429608066134,-81.02803862758084,3.20322585105896,36.89354705810547,5.051612854003906
2023,12,35.03429608066134,-79.01581239115312,3.6935484409332275,34.26129150390625,5.477419376373291
2023,12,35.03429608066134,-77.00358615472538,2.9645161628723145,40.68064498901367,5.574193477630615
2023,12,36.97465709435951,-120.98510246521717,2.380645275115967,41.32257843017578,1.603225827217102
2023,12,36.97465709435951,-118.97287622878943,2.2129032611846924,27.119354248046875,1.9612902402877808
2023,12,36.97465709435951,-117.03251521509127,2.477419376373291,24.161291122436523,0.12903226912021637
2023,12,36.97465709435951,-115.02028897866354,2.225806474685669,16.20322608947754,0.03870967775583267
2023,12,36.97465709435951,-113.00806274223581,3.177419424057007,21.08386993408203,0.05483870953321457
2023,12,36.97465709435951,-110.99583650580809,2.2419354915618896,27.732257843017578,0.24838709831237793
2023,12,36.97465709435951,-108.98361026938035,1.419354796409607,36.141937255859375,0.4354838728904724
2023,12,36.97465709435951,-106.97138403295263,2.345161199569702,33.27742004394531,1.1806451082229614
2023,12,36.97465709435951,-105.03102301925446,3.661290407180786,32.054840087890625,1.1096774339675903
2023,12,36.97465709435951,-103.01879678282673,4.209677219390869,27.854839324951172,0.5999999642372131
2023,12,36.97465709435951,-101.006570546399,3.729032278060913,36.91935348510742,2.777419328689575
2023,12,36.97465709435951,-98.99434430997127,3.7580645084381104,41.15806579589844,2.2838709354400635
2023,12,36.97465709435951,-96.98211807354355,4.303225994110107,47.49677276611328,3.590322494506836
2023,12,36.97465709435951,-94.96989183711581,4.338709831237793,46.66451644897461,2.319354772567749
2023,12,36.97465709435951,-93.02953082341764,4.909677505493164,43.06774139404297,2.003225803375244
2023,12,36.97465709435951,-91.01730458698992,3.8064515590667725,40.64838790893555,2.274193525314331
2023,12,36.97465709435951,-89.0050783505622,3.564516067504883,45.599998474121094,2.041935443878174
2023,12,36.97465709435951,-86.99285211413446,3.7612903118133545,44.703224182128906,1.7612903118133545
2023,12,36.97465709435951,-84.98062587770674,3.409677505493164,46.91613006591797,2.1032257080078125
2023,12,36.97465709435951,-82.968399641279,3.845161199569702,39.303226470947266,3.5290322303771973
2023,12,36.97465709435951,-81.02803862758084,3.793548345565796,38.109676361083984,3.387096881866455
2023,12,36.97465709435951,-79.01581239115312,3.40645170211792,37.35161209106445,4.138709545135498
2023,12,36.97465709435951,-77.00358615472538,3.322580575942993,39.55806350708008,4.4419355392456055
2023,12,38.986883330787236,-122.99732870164489,5.116128921508789,60.31935501098633,8.08709716796875
2023,12,38.986883330787236,-120.98510246521717,2.2322580814361572,48.541934967041016,3.496774196624756
2023,12,38.986883330787236,-118.97287622878943,2.816128969192505,36.08064651489258,0.14516128599643707
2023,12,38.986883330787236,-117.03251521509127,3.4387097358703613,32.987098693847656,0.05161290243268013
2023,12,38.986883330787236,-115.02028897866354,3.2322580814361572,27.229032516479492,0.05161290243268013
2023,12,38.986883330787236,-113.00806274223581,1.2999999523162842,32.44193649291992,0.05483870953321457
2023,12,38.986883330787236,-110.99583650580809,1.8612903356552124,31.948387145996094,0.09354838728904724
2023,12,38.986883330787236,-108.98361026938035,1.829032301902771,41.2129020690918,0.3935483992099762
2023,12,38.986883330787236,-106.97138403295263,3.435483932495117,39.09677505493164,2.754838705062866
2023,12,38.986883330787236,-105.03102301925446,4.13225793838501,44.74193572998047,0.9129032492637634
2023,12,38.986883330787236,-103.01879678282673,3.90645170211792,31.425806045532227,0.4354838728904724
2023,12,38.986883330787236,-101.006570546399,3.9483871459960938,39.196773529052734,0.8451613187789917
2023,12,38.986883330787236,-98.99434430997127,4.13225793838501,46.38386917114258,1.9387097358703613
2023,12,38.986883330787236,-96.98211807354355,3.8129031658172607,51.70000076293945,2.1645162105560303
2023,12,38.986883330787236,-94.96989183711581,4.141935348510742,52.82903289794922,2.245161294937134
2023,12,38.986883330787236,-93.02953082341764,3.751612901687622,50.02580642700195,3.022580623626709
2023,12,38.986883330787236,-91.01730458698992,4.4645161628723145,46.948387145996094,2.548387050628662
2023,12,38.986883330787236,-89.0050783505622,4.422580718994141,47.02580642700195,2.658064603805542
2023,12,38.986883330787236,-86.99285211413446,4.0,47.458065032958984,1.8322579860687256
2023,12,38.986883330787236,-84.98062587770674,3.138709783554077,47.58386993408203,1.4903225898742676
2023,12,38.986883330787236,-82.968399641279,3.4870967864990234,44.42580795288086,2.40645170211792
2023,12,38.986883330787236,-81.02803862758084,3.20322585105896,41.551612854003906,1.64838707447052
2023,12,38.986883330787236,-79.01581239115312,3.7903225421905518,46.04838562011719,2.1677420139312744
2023,12,38.986883330787236,-77.00358615472538,3.5354838371276855,45.42580795288086,5.251612663269043
2023,12,38.986883330787236,-74.99135991829766,4.46129035949707,44.93548583984375,5.81290340423584
2023,12,40.999109567214965,-122.99732870164489,4.290322780609131,53.24193572998047,9.251612663269043
2023,12,40.999109567214965,-120.98510246521717,4.112903118133545,53.38386917114258,1.2580645084381104
2023,12,40.999109567214965,-118.97287622878943,2.8032257556915283,46.31612777709961,0.2290322631597519
2023,12,40.999109567214965,-117.03251521509127,3.654838800430298,43.790321350097656,0.26774194836616516
2023,12,40.999109567214965,-115.02028897866354,2.816128969192505,45.32903289794922,0.64838707447052
2023,12,40.999109567214965,-113.00806274223581,1.374193549156189,50.370967864990234,1.6096774339675903
2023,12,40.999109567214965,-110.99583650580809,4.3741936683654785,36.380645751953125,1.0548386573791504
2023,12,40.999109567214965,-108.98361026938035,3.3129031658172607,40.900001525878906,0.25161290168762207
2023,12,40.999109567214965,-106.97138403295263,4.483870983123779,44.5903205871582,3.6225805282592773
2023,12,40.999109567214965,-105.03102301925446,5.167741775512695,32.00322723388672,0.1967741847038269
2023,12,40.999109567214965,-103.01879678282673,4.63225793838501,32.14516067504883,0.5806451439857483
2023,12,40.999109567214965,-101.006570546399,3.958064556121826,40.32903289794922,1.3935483694076538
2023,12,40.999109567214965,-98.99434430997127,3.8064515590667725,47.80967712402344,0.7935484051704407
2023,12,40.999109567214965,-96.98211807354355,3.880645275115967,53.599998474121094,1.625806450843811
2023,12,40.999109567214965,-94.96989183711581,4.332258224487305,52.40322494506836,1.3548387289047241
2023,12,40.999109567214965,-93.02953082341764,4.1709675788879395,53.00322723388672,1.7870967388153076
2023,12,40.999109567214965,-91.01730458698992,3.867741823196411,53.361289978027344,2.5354838371276855
2023,12,40.999109567214965,-89.0050783505622,3.845161199569702,52.42903137207031,2.1903226375579834
2023,12,40.999109567214965,-86.99285211413446,3.722580671310425,55.28064727783203,2.5354838371276855
2023,12,40.999109567214965,-84.98062587770674,3.612903118133545,52.16451644897461,1.6645160913467407
2023,12,40.999109567214965,-82.968399641279,4.112903118133545,51.30967712402344,1.951612949371338
2023,12,40.999109567214965,-81.02803862758084,4.064516067504883,52.32903289794922,2.3322579860687256
2023,12,40.999109567214965,-79.01581239115312,4.338709831237793,51.66773986816406,2.619354724884033
2023,12,40.999109567214965,-77.00358615472538,4.180644989013672,56.377418518066406,4.506451606750488
2023,12,40.999109567214965,-74.99135991829766,3.754838705062866,51.122581481933594,6.7870965003967285
2023,12,40.999109567214965,-72.97913368186992,4.977419376373291,46.0,9.080645561218262
2023,12,43.011335803642694,-122.99732870164489,4.31290340423584,68.24193572998047,5.477419376373291
2023,12,43.011335803642694,-120.98510246521717,4.309677600860596,53.15483856201172,1.077419400215149
2023,12,43.011335803642694,-118.97287622878943,3.1903226375579834,56.85161209106445,1.3193548917770386
2023,12,43.011335803642694,-117.03251521509127,4.619354724884033,57.61613082885742,1.7451612949371338
2023,12,43.011335803642694,-115.02028897866354,2.7322580814361572,54.84516143798828,0.7548387050628662
2023,12,43.011335803642694,-113.00806274223581,3.293548345565796,64.34193420410156,0.6967741847038269
2023,12,43.011335803642694,-110.99583650580809,3.793548345565796,54.045162200927734,0.9967741966247559
2023,12,43.011335803642694,-108.98361026938035,2.003225803375244,43.187095642089844,0.27419355511665344
2023,12,43.011335803642694,-106.97138403295263,5.422580718994141,37.42580795288086,0.06451612710952759
2023,12,43.011335803642694,-105.03102301925446,4.422580718994141,36.16773986816406,0.2935483753681183
2023,12,43.011335803642694,-103.01879678282673,3.774193525314331,36.367740631103516,0.625806450843811
2023,12,43.011335803642694,-101.006570546399,4.903225898742676,41.14838790893555,0.7838709354400635
2023,12,43.011335803642694,-98.99434430997127,4.248387336730957,48.709678649902344,1.2161290645599365
2023,12,43.011335803642694,-96.98211807354355,3.590322494506836,55.16774368286133,1.5193548202514648
2023,12,43.011335803642694,-94.96989183711581,3.929032325744629,55.60322570800781,1.706451654434204
2023,12,43.011335803642694,-93.02953082341764,4.345161437988281,56.1741943359375,1.0
2023,12,43.011335803642694,-91.01730458698992,3.5290322303771973,60.296775817871094,1.2387096881866455
2023,12,43.011335803642694,-89.0050783505622,4.129032135009766,62.687095642089844,1.2838709354400635
2023,12,43.011335803642694,-84.98062587770674,4.174193382263184,60.91290283203125,1.8903225660324097
2023,12,43.011335803642694,-82.968399641279,4.099999904632568,58.57096862792969,1.8096773624420166
2023,12,43.011335803642694,-79.01581239115312,3.864516019821167,59.19032287597656,3.274193525314331
2023,12,43.011335803642694,-77.00358615472538,3.9161291122436523,57.23870849609375,3.4483871459960938
2023,12,43.011335803642694,-74.99135991829766,3.6516127586364746,60.75806427001953,4.716129302978516
2023,12,43.011335803642694,-72.97913368186992,3.4419355392456055,49.90322494506836,5.403225898742676
2023,12,43.011335803642694,-70.9669074454422,4.025806427001953,47.225807189941406,5.706451416015625
2023,12,45.023562040070416,-122.99732870164489,3.1225807666778564,71.05484008789062,5.954838752746582
2023,12,45.023562040070416,-120.98510246521717,3.6290321350097656,62.59677505493164,1.5870968103408813
2023,12,45.023562040070416,-118.97287622878943,4.348387241363525,55.877418518066406,2.0129032135009766
2023,12,45.023562040070416,-117.03251521509127,3.838709592819214,54.7354850769043,4.18709659576416
2023,12,45.023562040070416,-115.02028897866354,5.003225803375244,49.41935348510742,2.1709678173065186
2023,12,45.023562040070416,-113.00806274223581,3.225806474685669,44.554840087890625,0.15806451439857483
2023,12,45.023562040070416,-110.99583650580809,4.393548488616943,47.99354934692383,1.8645161390304565
2023,12,45.023562040070416,-108.98361026938035,2.793548345565796,40.619354248046875,0.05806451290845871
2023,12,45.023562040070416,-106.97138403295263,4.161290168762207,30.958065032958984,0.13548387587070465
2023,12,45.023562040070416,-105.03102301925446,4.116128921508789,36.67741775512695,0.29999998211860657
2023,12,45.023562040070416,-103.01879678282673,4.483870983123779,33.57741928100586,0.2612903416156769
2023,12,45.023562040070416,-101.006570546399,4.3741936683654785,45.56451416015625,0.9677419066429138
2023,12,45.023562040070416,-98.99434430997127,3.087096691131592,52.458065032958984,1.4935483932495117
2023,12,45.023562040070416,-96.98211807354355,5.032258033752441,54.09677505493164,2.2677419185638428
2023,12,45.023562040070416,-94.96989183711581,4.2870965003967285,59.032257080078125,2.6967742443084717
2023,12,45.023562040070416,-93.02953082341764,3.4225807189941406,60.59354782104492,1.7548387050628662
2023,12,45.023562040070416,-91.01730458698992,3.4709677696228027,60.83548355102539,1.2838709354400635
2023,12,45.023562040070416,-89.0050783505622,4.6258063316345215,62.30644989013672,0.8064516186714172
2023,12,45.023562040070416,-84.98062587770674,4.751613140106201,58.774192810058594,1.377419352531433
2023,12,45.023562040070416,-74.99135991829766,3.3032257556915283,69.2483901977539,2.8290321826934814
2023,12,45.023562040070416,-72.97913368186992,3.158064603805542,59.35806655883789,4.135483741760254
2023,12,45.023562040070416,-70.9669074454422,5.048387050628662,55.76129150390625,4.674193382263184
2023,12,47.035788276498145,-122.99732870164489,4.061290264129639,66.59032440185547,11.37419319152832
2023,12,47.035788276498145,-120.98510246521717,2.890322685241699,66.32257843017578,7.754838943481445
2023,12,47.035788276498145,-118.97287622878943,1.79677414894104,68.14838409423828,1.8903225660324097
2023,12,47.035788276498145,-117.03251521509127,3.412903308868408,58.367740631103516,2.638709783554077
2023,12,47.035788276498145,-115.02028897866354,3.3290321826934814,67.69355010986328,3.841935396194458
2023,12,47.035788276498145,-113.00806274223581,3.3580644130706787,47.454837799072266,0.5677419304847717
2023,12,47.035788276498145,-110.99583650580809,7.296774387359619,48.25806427001953,0.47096773982048035
2023,12,47.035788276498145,-108.98361026938035,4.222580432891846,29.767742156982422,0.09354838728904724
2023,12,47.035788276498145,-106.97138403295263,4.425806522369385,35.687095642089844,0.12903225421905518
2023,12,47.035788276498145,-105.03102301925446,3.6483869552612305,41.783870697021484,0.04193548113107681
2023,12,47.035788276498145,-103.01879678282673,4.193548202514648,47.303226470947266,0.2451612800359726
2023,12,47.035788276498145,-101.006570546399,4.193548202514648,54.30967712402344,0.30645161867141724
2023,12,47.035788276498145,-98.99434430997127,5.003225803375244,56.09354782104492,0.8483871221542358
2023,12,47.035788276498145,-96.98211807354355,3.7193548679351807,62.34516143798828,2.019354820251465
2023,12,47.035788276498145,-94.96989183711581,4.900000095367432,57.27096939086914,1.9935483932495117
2023,12,47.035788276498145,-93.02953082341764,4.064516067504883,65.70645141601562,2.541935443878174
2023,12,47.035788276498145,-89.0050783505622,4.790322780609131,55.725807189941406,1.5870968103408813
2023,12,48.97614929019631,-122.99732870164489,2.225806474685669,62.01935577392578,6.2870965003967285
2023,12,48.97614929019631,-120.98510246521717,4.8967742919921875,72.86774444580078,5.599999904632568
2023,12,48.97614929019631,-118.97287622878943,1.8645161390304565,65.9774169921875,1.419354796409607
2023,12,48.97614929019631,-117.03251521509127,3.1870968341827393,78.45806121826172,7.209677219390869
2023,12,48.97614929019631,-115.02028897866354,3.7645161151885986,62.97419357299805,2.609677314758301
2023,12,48.97614929019631,-113.00806274223581,4.112903118133545,42.42903137207031,0.7419354915618896
2023,12,48.97614929019631,-110.99583650580809,4.709677219390869,38.1741943359375,0.15806451439857483
2023,12,48.97614929019631,-108.98361026938035,4.0,48.48387145996094,0.1548387110233307
2023,12,48.97614929019631,-106.97138403295263,3.864516019821167,47.94193649291992,0.04516128823161125
2023,12,48.97614929019631,-105.03102301925446,3.799999952316284,47.00645065307617,0.06774193048477173
2023,12,48.97614929019631,-103.01879678282673,3.541935443878174,61.6741943359375,0.3838709592819214
2023,12,48.97614929019631,-101.006570546399,3.341935396194458,55.95161437988281,0.3096774220466614
2023,12,48.97614929019631,-98.99434430997127,4.164515972137451,58.77742004394531,0.22580644488334656
2023,12,48.97614929019631,-96.98211807354355,3.841935396194458,65.92903137207031,0.551612913608551
2023,12,48.97614929019631,-94.96989183711581,3.274193525314331,57.206451416015625,0.8774193525314331
2024,1,26.985391134950426,-98.99434430997127,3.29677414894104,31.261289596557617,1.0451613664627075
2024,1,26.985391134950426,-81.02803862758084,3.9161291122436523,53.196773529052734,2.7419354915618896
2024,1,28.997617371378155,-98.99434430997127,3.135483980178833,35.054840087890625,3.409677505493164
2024,1,28.997617371378155,-96.98211807354355,3.9709677696228027,47.3258056640625,7.006451606750488
2024,1,28.997617371378155,-81.02803862758084,4.05483865737915,45.09677505493164,2.045161247253418
2024,1,31.009843607805884,-105.03102301925446,3.9483871459960938,19.083871841430664,0.24838709831237793
2024,1,31.009843607805884,-103.01879678282673,3.9225807189941406,17.86451530456543,0.3774193525314331
2024,1,31.009843607805884,-101.006570546399,4.364516258239746,29.267742156982422,0.3870967924594879
2024,1,31.009843607805884,-98.99434430997127,4.203225612640381,38.47096633911133,0.8870968222618103
2024,1,31.009843607805884,-96.98211807354355,3.880645275115967,44.812904357910156,4.287096977233887
2024,1,31.009843607805884,-94.96989183711581,3.9258065223693848,43.53871154785156,10.42258071899414
2024,1,31.009843607805884,-93.02953082341764,4.683870792388916,43.948387145996094,8.045161247253418
2024,1,31.009843607805884,-91.01730458698992,4.729032039642334,44.99677276611328,9.27419376373291
2024,1,31.009843607805884,-89.0050783505622,4.480645179748535,40.49354934692383,8.23548412322998
2024,1,31.009843607805884,-86.99285211413446,4.629032135009766,42.09032440185547,4.287096977233887
2024,1,31.009843607805884,-84.98062587770674,4.1032257080078125,43.61613082885742,4.661290168762207
2024,1,31.009843607805884,-82.968399641279,4.190322399139404,41.370967864990234,2.2870967388153076
2024,1,33.02206984423361,-117.03251521509127,3.0322580337524414,43.616127014160156,2.8032257556915283
2024,1,33.02206984423361,-115.02028897866354,2.2870967388153076,33.4387092590332,0.874193549156189
2024,1,33.02206984423361,-113.00806274223581,1.954838752746582,29.141935348510742,0.48709678649902344
2024,1,33.02206984423361,-110.99583650580809,2.2870967388153076,32.68387222290039,1.5322580337524414
2024,1,33.02206984423361,-108.98361026938035,3.5290322303771973,29.03870964050293,2.1032257080078125
2024,1,33.02206984423361,-106.97138403295263,3.322580575942993,22.5,0.2967742085456848
2024,1,33.02206984423361,-105.03102301925446,3.474193572998047,25.816129684448242,0.1483871042728424
2024,1,33.02206984423361,-103.01879678282673,4.1709675788879395,26.65483856201172,0.11290322244167328
2024,1,33.02206984423361,-101.006570546399,4.174193382263184,36.564517974853516,0.4000000059604645
2024,1,33.02206984423361,-98.99434430997127,4.064516067504883,39.26774215698242,2.6870968341827393
2024,1,33.02206984423361,-96.98211807354355,4.1709675788879395,44.90645217895508,2.135483980178833
2024,1,33.02206984423361,-94.96989183711581,4.674193382263184,44.390323638916016,4.454838752746582
2024,1,33.02206984423361,-93.02953082341764,3.9645161628723145,46.3870964050293,7.951612949371338
2024,1,33.02206984423361,-91.01730458698992,4.145161151885986,50.43225860595703,7.496774196624756
2024,1,33.02206984423361,-89.0050783505622,4.6709675788879395,47.293548583984375,7.106451511383057
2024,1,33.02206984423361,-86.99285211413446,4.6032257080078125,44.109676361083984,7.293548107147217
2024,1,33.02206984423361,-84.98062587770674,4.893548488616943,40.796775817871094,6.180644989013672
2024,1,33.02206984423361,-82.968399641279,4.416129112243652,38.08064651489258,3.4419355392456055
2024,1,33.02206984423361,-81.02803862758084,4.751613140106201,37.63548278808594,2.4258065223693848
2024,1,35.03429608066134,-118.97287622878943,3.1741936206817627,36.367740631103516,1.2225806713104248
2024,1,35.03429608066134,-117.03251521509127,2.367741823196411,32.14516067504883,1.0
2024,1,35.03429608066134,-115.02028897866354,3.7322580814361572,27.338708877563477,0.35483869910240173
2024,1,35.03429608066134,-113.00806274223581,3.409677505493164,32.09677505493164,0.6870967745780945
2024,1,35.03429608066134,-110.99583650580809,3.616128921508789,37.774192810058594,0.37419354915618896
2024,1,35.03429608066134,-108.98361026938035,3.4387097358703613,40.045162200927734,1.045161247253418
2024,1,35.03429608066134,-106.97138403295263,2.6709678173065186,34.48709487915039,0.264516144990921
2024,1,35.03429608066134,-105.03102301925446,3.3806450366973877,33.18387222290039,0.2451612949371338
2024,1,35.03429608066134,-103.01879678282673,4.158064365386963,34.8870964050293,0.522580623626709
2024,1,35.03429608066134,-101.006570546399,4.167741775512695,39.703224182128906,0.9548386931419373
2024,1,35.03429608066134,-98.99434430997127,4.029032230377197,46.032257080078125,1.1419354677200317
2024,1,35.03429608066134,-96.98211807354355,4.780645370483398,45.880645751953125,2.9258065223693848
2024,1,35.03429608066134,-94.96989183711581,4.022580623626709,45.283870697021484,2.706451654434204
2024,1,35.03429608066134,-93.02953082341764,3.7322580814361572,48.92903137207031,7.377419471740723
2024,1,35.03429608066134,-91.01730458698992,3.9645161628723145,50.91613006591797,6.09354829788208
2024,1,35.03429608066134,-89.0050783505622,4.690322399139404,47.141937255859375,5.900000095367432
2024,1,35.03429608066134,-86.99285211413446,4.990322589874268,48.95161437988281,6.793548583984375
2024,1,35.03429608066134,-84.98062587770674,5.070967674255371,46.27096939086914,5.196774482727051
2024,1,35.03429608066134,-82.968399641279,6.716129302978516,37.76774215698242,12.503225326538086
2024,1,35.03429608066134,-81.02803862758084,3.680645227432251,38.20000076293945,7.683870792388916
2024,1,35.03429608066134,-79.01581239115312,4.3967742919921875,35.89677429199219,2.7419354915618896
2024,1,35.03429608066134,-77.00358615472538,3.0387096405029297,39.358062744140625,1.6903226375579834
2024,1,36.97465709435951,-120.98510246521717,2.570967674255371,52.4387092590332,2.5806450843811035
2024,1,36.97465709435951,-118.97287622878943,2.4709677696228027,33.7870979309082,4.435483932495117
2024,1,36.97465709435951,-117.03251521509127,2.9387097358703613,33.72257995605469,0.5677419304847717
2024,1,36.97465709435951,-115.02028897866354,2.4709677696228027,28.512903213500977,0.6451613306999207
2024,1,36.97465709435951,-113.00806274223581,3.0612902641296387,35.69355010986328,1.2451612949371338
2024,1,36.97465709435951,-110.99583650580809,2.751612901687622,39.98387145996094,1.0129032135009766
2024,1,36.97465709435951,-108.98361026938035,1.4838709831237793,45.02903366088867,0.8129032254219055
2024,1,36.97465709435951,-106.97138403295263,2.722580671310425,39.3258056640625,1.3935483694076538
2024,1,36.97465709435951,-105.03102301925446,3.5161290168762207,35.72257995605469,1.125806450843811
2024,1,36.97465709435951,-103.01879678282673,3.974193572998047,42.532257080078125,0.7580645084381104
2024,1,36.97465709435951,-101.006570546399,3.725806474685669,45.50645065307617,0.6354838609695435
2024,1,36.97465709435951,-98.99434430997127,3.9451613426208496,42.70000076293945,0.9354838728904724
2024,1,36.97465709435951,-96.98211807354355,4.154838562011719,49.3870964050293,1.248387098312378
2024,1,36.97465709435951,-94.96989183711581,3.912903308868408,49.67096710205078,2.0354838371276855
2024,1,36.97465709435951,-93.02953082341764,4.677419185638428,46.09354782104492,3.4838709831237793
2024,1,36.97465709435951,-91.01730458698992,4.045161247253418,43.99032211303711,5.232257843017578
2024,1,36.97465709435951,-89.0050783505622,3.9387097358703613,49.42580795288086,6.71935510635376
2024,1,36.97465709435951,-86.99285211413446,4.212903022766113,47.84516143798828,5.7419352531433105
2024,1,36.97465709435951,-84.98062587770674,3.980645179748535,48.08709716796875,4.393548488616943
2024,1,36.97465709435951,-82.968399641279,4.6709675788879395,42.780643463134766,4.519354820251465
2024,1,36.97465709435951,-81.02803862758084,4.6483869552612305,42.880645751953125,4.0
2024,1,36.97465709435951,-79.01581239115312,4.045161247253418,39.02903366088867,5.209677219390869
2024,1,36.97465709435951,-77.00358615472538,4.212903022766113,43.14516067504883,3.864516258239746
2024,1,38.986883330787236,-122.99732870164489,5.754838943481445,72.91613006591797,8.019354820251465
2024,1,38.986883330787236,-120.98510246521717,2.683871030807495,57.5,6.53870964050293
2024,1,38.986883330787236,-118.97287622878943,3.70322585105896,39.945159912109375,0.5774194002151489
2024,1,38.986883330787236,-117.03251521509127,4.229032039642334,44.74515914916992,0.6064516305923462
2024,1,38.986883330787236,-115.02028897866354,3.958064556121826,40.458065032958984,0.9677419662475586
2024,1,38.986883330787236,-113.00806274223581,1.8645161390304565,44.00645065307617,0.35483869910240173
2024,1,38.986883330787236,-110.99583650580809,2.677419424057007,39.035484313964844,0.35483869910240173
2024,1,38.986883330787236,-108.98361026938035,2.403225898742676,43.74193572998047,0.5806451439857483
2024,1,38.986883330787236,-106.97138403295263,4.300000190734863,42.63548278808594,3.745161294937134
2024,1,38.986883330787236,-105.03102301925446,4.154838562011719,48.796775817871094,0.6516128778457642
2024,1,38.986883330787236,-103.01879678282673,3.403225898742676,39.783870697021484,0.08709677308797836
2024,1,38.986883330787236,-101.006570546399,3.525806427001953,46.75483703613281,0.7096773982048035
2024,1,38.986883330787236,-98.99434430997127,4.048387050628662,54.464515686035156,1.1774193048477173
2024,1,38.986883330787236,-96.98211807354355,3.770967721939087,56.709678649902344,1.8935483694076538
2024,1,38.986883330787236,-94.96989183711581,4.0580644607543945,58.22257995605469,1.6548386812210083
2024,1,38.986883330787236,-93.02953082341764,3.777419328689575,56.303226470947266,1.9129031896591187
2024,1,38.986883330787236,-91.01730458698992,4.429032325744629,54.43225860595703,3.0161290168762207
2024,1,38.986883330787236,-89.0050783505622,4.6032257080078125,56.40645217895508,4.222580909729004
2024,1,38.986883330787236,-86.99285211413446,4.477419376373291,56.280643463134766,4.583870887756348
2024,1,38.986883330787236,-84.98062587770674,3.7903225421905518,50.40645217895508,4.996774196624756
2024,1,38.986883330787236,-82.968399641279,4.316129207611084,48.870967864990234,4.061290264129639
2024,1,38.986883330787236,-81.02803862758084,4.022580623626709,50.8258056640625,4.09354829788208
2024,1,38.986883330787236,-79.01581239115312,4.567741870880127,50.296775817871094,3.7387096881866455
2024,1,38.986883330787236,-77.00358615472538,4.2129034996032715,45.535484313964844,5.587096691131592
2024,1,38.986883330787236,-74.99135991829766,5.27419376373291,46.2354850769043,5.122580528259277
2024,1,40.999109567214965,-122.99732870164489,4.880645275115967,61.63548278808594,21.803226470947266
2024,1,40.999109567214965,-120.98510246521717,4.651612758636475,57.532257080078125,2.383871078491211
2024,1,40.999109567214965,-118.97287622878943,3.564516067504883,52.780643463134766,0.970967710018158
2024,1,40.999109567214965,-117.03251521509127,4.27419376373291,51.977420806884766,1.693548321723938
2024,1,40.999109567214965,-115.02028897866354,3.545161247253418,56.01290512084961,1.896774172782898
2024,1,40.999109567214965,-113.00806274223581,1.8032257556915283,58.18387222290039,0.7903226017951965
2024,1,40.999109567214965,-110.99583650580809,5.203225612640381,42.24838638305664,1.9612903594970703
2024,1,40.999109567214965,-108.98361026938035,3.60967755317688,46.641937255859375,0.8903225660324097
2024,1,40.999109567214965,-106.97138403295263,5.154838562011719,51.84516143798828,5.087096691131592
2024,1,40.999109567214965,-105.03102301925446,4.412903308868408,35.77096939086914,0.34193548560142517
2024,1,40.999109567214965,-103.01879678282673,3.6709678173065186,40.367740631103516,0.13548387587070465
2024,1,40.999109567214965,-101.006570546399,3.2838709354400635,48.132259368896484,0.15806451439857483
2024,1,40.999109567214965,-98.99434430997127,3.745161294937134,51.25806427001953,0.6451612710952759
2024,1,40.999109567214965,-96.98211807354355,3.9161291122436523,61.15483856201172,1.1870967149734497
2024,1,40.999109567214965,-94.96989183711581,4.316129207611084,61.10645294189453,1.4806451797485352
2024,1,40.999109567214965,-93.02953082341764,4.074193477630615,61.43225860595703,2.4193549156188965
2024,1,40.999109567214965,-91.01730458698992,3.751612901687622,63.27096939086914,2.890322685241699
2024,1,40.999109567214965,-89.0050783505622,4.064516067504883,64.7032241821289,3.222580671310425
2024,1,40.999109567214965,-86.99285211413446,4.174193382263184,68.30000305175781,4.174193382263184
2024,1,40.999109567214965,-84.98062587770674,4.3290324211120605,64.21935272216797,3.6032257080078125
2024,1,40.999109567214965,-82.968399641279,4.703226089477539,62.33548355102539,3.2161290645599365
2024,1,40.999109567214965,-81.02803862758084,4.932258129119873,60.22903060913086,2.9870967864990234
2024,1,40.999109567214965,-79.01581239115312,5.135483741760254,57.099998474121094,4.680644989013672
2024,1,40.999109567214965,-77.00358615472538,4.809677600860596,51.16128921508789,4.774193286895752
2024,1,40.999109567214965,-74.99135991829766,4.6483869552612305,49.25161361694336,5.6258063316345215
2024,1,40.999109567214965,-72.97913368186992,6.135483741760254,44.370967864990234,5.925806522369385
2024,1,43.011335803642694,-122.99732870164489,4.890322685241699,74.44515991210938,8.006451606750488
2024,1,43.011335803642694,-120.98510246521717,5.416129112243652,53.977420806884766,1.7774193286895752
2024,1,43.011335803642694,-118.97287622878943,3.6870968341827393,62.283870697021484,2.6870968341827393
2024,1,43.011335803642694,-117.03251521509127,5.503225803375244,65.89354705810547,2.4258065223693848
2024,1,43.011335803642694,-115.02028897866354,3.1709678173065186,62.18064498901367,1.4580645561218262
2024,1,43.011335803642694,-113.00806274223581,3.570967674255371,68.7741928100586,0.8774193525314331
2024,1,43.011335803642694,-110.99583650580809,4.209677219390869,54.31935501098633,1.79677414894104
2024,1,43.011335803642694,-108.98361026938035,1.8709677457809448,49.706451416015625,0.11290322989225388
2024,1,43.011335803642694,-106.97138403295263,5.138709545135498,42.75483703613281,0.17741934955120087
2024,1,43.011335803642694,-105.03102301925446,3.770967721939087,42.099998474121094,0.28709676861763
2024,1,43.011335803642694,-103.01879678282673,3.229032278060913,45.3870964050293,0.2709677517414093
2024,1,43.011335803642694,-101.006570546399,4.070967674255371,50.49354934692383,0.26774194836616516
2024,1,43.011335803642694,-98.99434430997127,4.116128921508789,56.274192810058594,0.5580645203590393
2024,1,43.011335803642694,-96.98211807354355,3.503225803375244,61.964515686035156,1.2677419185638428
2024,1,43.011335803642694,-94.96989183711581,4.025806427001953,65.30967712402344,0.57419353723526
2024,1,43.011335803642694,-93.02953082341764,4.325806617736816,63.81935501098633,0.9419354796409607
2024,1,43.011335803642694,-91.01730458698992,3.4451613426208496,63.64516067504883,1.6741935014724731
2024,1,43.011335803642694,-89.0050783505622,4.238709926605225,68.68386840820312,2.0612902641296387
2024,1,43.011335803642694,-84.98062587770674,4.387096881866455,70.86774444580078,3.270967721939087
2024,1,43.011335803642694,-82.968399641279,4.667741775512695,69.51612854003906,2.8935484886169434
2024,1,43.011335803642694,-79.01581239115312,4.980645179748535,66.7258071899414,4.206451416015625
2024,1,43.011335803642694,-77.00358615472538,4.732257843017578,62.55806350708008,3.161290407180786
2024,1,43.011335803642694,-74.99135991829766,4.6258063316345215,63.793548583984375,4.119354724884033
2024,1,43.011335803642694,-72.97913368186992,4.245161056518555,55.367740631103516,6.27419376373291
2024,1,43.011335803642694,-70.9669074454422,4.86774206161499,45.73225784301758,5.6258063316345215
2024,1,45.023562040070416,-122.99732870164489,3.887096881866455,67.76773834228516,7.177419185638428
2024,1,45.023562040070416,-120.98510246521717,4.412903308868408,64.77096557617188,2.1419355869293213
2024,1,45.023562040070416,-118.97287622878943,4.532258033752441,61.17096710205078,2.7387096881866455
2024,1,45.023562040070416,-117.03251521509127,4.390322685241699,60.24193572998047,7.0354838371276855
2024,1,45.023562040070416,-115.02028897866354,5.474193572998047,55.09354782104492,2.609677314758301
2024,1,45.023562040070416,-113.00806274223581,3.248387098312378,50.67741775512695,0.22258064150810242
2024,1,45.023562040070416,-110.99583650580809,4.53870964050293,52.8870964050293,1.7451612949371338
2024,1,45.023562040070416,-108.98361026938035,2.9225807189941406,51.49677276611328,0.16129031777381897
2024,1,45.023562040070416,-106.97138403295263,3.590322494506836,38.34193420410156,0.18709677457809448
2024,1,45.023562040070416,-105.03102301925446,3.845161199569702,40.709678649902344,0.264516144990921
2024,1,45.023562040070416,-103.01879678282673,3.9870967864990234,42.90322494506836,0.12580645084381104
2024,1,45.023562040070416,-101.006570546399,3.8129031658172607,51.95161437988281,0.17419354617595673
2024,1,45.023562040070416,-98.99434430997127,2.8064515590667725,57.57419204711914,0.11935483664274216
2024,1,45.023562040070416,-96.98211807354355,4.8967742919921875,61.83871078491211,0.2612903416156769
2024,1,45.023562040070416,-94.96989183711581,4.338709831237793,72.08386993408203,0.1967741996049881
2024,1,45.023562040070416,-93.02953082341764,3.8129031658172607,67.4483871459961,0.09677419066429138
2024,1,45.023562040070416,-91.01730458698992,3.4935483932495117,67.05806732177734,0.3774193525314331
2024,1,45.023562040070416,-89.0050783505622,4.7580647468566895,67.30644989013672,0.8999999761581421
2024,1,45.023562040070416,-84.98062587770674,4.841935634613037,68.27742004394531,1.793548345565796
2024,1,45.023562040070416,-74.99135991829766,4.161290168762207,70.36774444580078,2.361290216445923
2024,1,45.023562040070416,-72.97913368186992,3.619354724884033,59.803226470947266,1.806451678276062
2024,1,45.023562040070416,-70.9669074454422,6.061290264129639,53.870967864990234,2.254838705062866
2024,1,47.035788276498145,-122.99732870164489,5.1032257080078125,64.37419128417969,9.554839134216309
2024,1,47.035788276498145,-120.98510246521717,3.503225803375244,73.03548431396484,7.077419281005859
2024,1,47.035788276498145,-118.97287622878943,2.451612949371338,69.90322875976562,1.2387096881866455
2024,1,47.035788276498145,-117.03251521509127,3.8096773624420166,64.12903594970703,2.116128921508789
2024,1,47.035788276498145,-115.02028897866354,3.206451654434204,69.18386840820312,5.422580718994141
2024,1,47.035788276498145,-113.00806274223581,3.2838709354400635,56.65483856201172,0.72258061170578
2024,1,47.035788276498145,-110.99583650580809,6.36774206161499,63.00967788696289,1.0354838371276855
2024,1,47.035788276498145,-108.98361026938035,3.7580645084381104,44.93548583984375,0.49677419662475586
2024,1,47.035788276498145,-106.97138403295263,4.0580644607543945,51.858062744140625,0.31612902879714966
2024,1,47.035788276498145,-105.03102301925446,3.519354820251465,55.141937255859375,0.1806451678276062
2024,1,47.035788276498145,-103.01879678282673,4.290322780609131,55.54838562011719,0.05161290243268013
2024,1,47.035788276498145,-101.006570546399,4.190322399139404,64.27096557617188,0.16774193942546844
2024,1,47.035788276498145,-98.99434430997127,4.8516130447387695,60.18064498901367,0.04516128823161125
2024,1,47.035788276498145,-96.98211807354355,3.4225807189941406,70.49677276611328,0.14193548262119293
2024,1,47.035788276498145,-94.96989183711581,4.590322494506836,60.29677200317383,0.41290321946144104
2024,1,47.035788276498145,-93.02953082341764,4.0580644607543945,68.1451644897461,0.3709677457809448
2024,1,47.035788276498145,-89.0050783505622,5.645161151885986,67.00645446777344,1.422580599784851
2024,1,48.97614929019631,-122.99732870164489,2.8322579860687256,65.53548431396484,6.832258224487305
2024,1,48.97614929019631,-120.98510246521717,4.822580814361572,72.2258071899414,5.990322589874268
2024,1,48.97614929019631,-118.97287622878943,2.112903118133545,72.08386993408203,1.600000023841858
2024,1,48.97614929019631,-117.03251521509127,3.474193572998047,80.15483856201172,7.122580528259277
2024,1,48.97614929019631,-115.02028897866354,3.9193549156188965,66.09354400634766,2.248387098312378
2024,1,48.97614929019631,-113.00806274223581,3.722580671310425,52.487098693847656,1.3322581052780151
2024,1,48.97614929019631,-110.99583650580809,4.138709545135498,52.2129020690918,0.22580645978450775
2024,1,48.97614929019631,-108.98361026938035,3.6645162105560303,57.22903060913086,0.3935483992099762
2024,1,48.97614929019631,-106.97138403295263,3.722580671310425,65.45484161376953,0.26774194836616516
2024,1,48.97614929019631,-105.03102301925446,3.7838709354400635,63.67096710205078,0.1387096792459488
2024,1,48.97614929019631,-103.01879678282673,4.032258033752441,69.08709716796875,0.08387096971273422
2024,1,48.97614929019631,-101.006570546399,3.6645162105560303,67.35806274414062,0.11935483664274216
2024,1,48.97614929019631,-98.99434430997127,4.280645370483398,65.98387145996094,0.17741934955120087
2024,1,48.97614929019631,-96.98211807354355,3.7096774578094482,68.4774169921875,0.37419354915618896
2024,1,48.97614929019631,-94.96989183711581,3.116128921508789,64.36451721191406,0.5451613068580627
2024,2,26.985391134950426,-98.99434430997127,3.6793103218078613,29.13103485107422,0.6620689630508423
2024,2,26.985391134950426,-81.02803862758084,3.19655179977417,46.648277282714844,3.3206896781921387
2024,2,28.997617371378155,-98.99434430997127,3.313793182373047,33.44827651977539,0.7931034564971924
2024,2,28.997617371378155,-96.98211807354355,4.151724338531494,46.365516662597656,3.5999999046325684
2024,2,28.997617371378155,-81.02803862758084,3.6655173301696777,45.017242431640625,2.968965530395508
2024,2,31.009843607805884,-105.03102301925446,4.341379165649414,17.255172729492188,0.3965517282485962
2024,2,31.009843607805884,-103.01879678282673,4.396551609039307,13.358620643615723,0.5896551609039307
2024,2,31.009843607805884,-101.006570546399,4.651724338531494,19.84482765197754,0.7862069010734558
2024,2,31.009843607805884,-98.99434430997127,4.541379451751709,31.899999618530273,1.403448224067688
2024,2,31.009843607805884,-96.98211807354355,4.3655171394348145,40.94137954711914,0.9586207270622253
2024,2,31.009843607805884,-94.96989183711581,4.020689487457275,40.28620529174805,4.348275661468506
2024,2,31.009843607805884,-93.02953082341764,4.931034564971924,44.71034622192383,2.9862067699432373
2024,2,31.009843607805884,-91.01730458698992,4.91724157333374,42.74137878417969,2.6620688438415527
2024,2,31.009843607805884,-89.0050783505622,4.358620643615723,37.510345458984375,2.7586207389831543
2024,2,31.009843607805884,-86.99285211413446,3.851724147796631,38.90345001220703,1.4344826936721802
2024,2,31.009843607805884,-84.98062587770674,3.5517241954803467,41.26896667480469,3.0172414779663086
2024,2,31.009843607805884,-82.968399641279,3.731034517288208,37.73103332519531,1.8379310369491577
2024,2,33.02206984423361,-117.03251521509127,3.1413793563842773,55.106895446777344,5.189655303955078
2024,2,33.02206984423361,-115.02028897866354,2.7448275089263916,34.444828033447266,0.3655172288417816
2024,2,33.02206984423361,-113.00806274223581,2.6413793563842773,31.29310417175293,0.9758620858192444
2024,2,33.02206984423361,-110.99583650580809,3.0206897258758545,36.23793029785156,2.037930965423584
2024,2,33.02206984423361,-108.98361026938035,4.175861835479736,28.200000762939453,2.048275947570801
2024,2,33.02206984423361,-106.97138403295263,4.110344886779785,20.517242431640625,0.7758620977401733
2024,2,33.02206984423361,-105.03102301925446,4.231034278869629,20.562068939208984,0.48620688915252686
2024,2,33.02206984423361,-103.01879678282673,5.062068939208984,18.893102645874023,0.19310344755649567
2024,2,33.02206984423361,-101.006570546399,4.624137878417969,21.817241668701172,0.6551724076271057
2024,2,33.02206984423361,-98.99434430997127,4.441379070281982,30.237930297851562,1.4137930870056152
2024,2,33.02206984423361,-96.98211807354355,4.665517330169678,37.062068939208984,1.6206896305084229
2024,2,33.02206984423361,-94.96989183711581,5.1344828605651855,39.8068962097168,2.7517242431640625
2024,2,33.02206984423361,-93.02953082341764,4.306896686553955,41.56551742553711,3.89310359954834
2024,2,33.02206984423361,-91.01730458698992,4.472414016723633,46.88275909423828,5.834482669830322
2024,2,33.02206984423361,-89.0050783505622,4.555172443389893,40.10344696044922,4.27931022644043
2024,2,33.02206984423361,-86.99285211413446,4.199999809265137,36.437931060791016,5.317241191864014
2024,2,33.02206984423361,-84.98062587770674,4.627586364746094,35.71379470825195,6.013792991638184
2024,2,33.02206984423361,-82.968399641279,4.241379261016846,35.099998474121094,5.020689487457275
2024,2,33.02206984423361,-81.02803862758084,4.458620548248291,34.08620834350586,3.496551752090454
2024,2,35.03429608066134,-118.97287622878943,3.0551724433898926,43.3344841003418,2.117241382598877
2024,2,35.03429608066134,-117.03251521509127,2.6379311084747314,46.22413635253906,3.113793134689331
2024,2,35.03429608066134,-115.02028897866354,4.224137783050537,37.8206901550293,1.2379310131072998
2024,2,35.03429608066134,-113.00806274223581,3.9827585220336914,32.437931060791016,3.010344982147217
2024,2,35.03429608066134,-110.99583650580809,4.544827461242676,37.53792953491211,0.2896551787853241
2024,2,35.03429608066134,-108.98361026938035,4.017241477966309,29.5827579498291,0.8310344815254211
2024,2,35.03429608066134,-106.97138403295263,3.7068965435028076,23.762069702148438,0.16896551847457886
2024,2,35.03429608066134,-105.03102301925446,4.724137783050537,23.04482650756836,0.18965516984462738
2024,2,35.03429608066134,-103.01879678282673,5.120689868927002,23.010345458984375,0.45517241954803467
2024,2,35.03429608066134,-101.006570546399,4.982758522033691,27.22068977355957,0.682758629322052
2024,2,35.03429608066134,-98.99434430997127,4.517241477966309,35.141380310058594,0.9931034445762634
2024,2,35.03429608066134,-96.98211807354355,5.579310417175293,34.42758560180664,1.8586206436157227
2024,2,35.03429608066134,-94.96989183711581,4.224137783050537,36.56551742553711,1.248275876045227
2024,2,35.03429608066134,-93.02953082341764,3.7965517044067383,38.73793029785156,1.786206841468811
2024,2,35.03429608066134,-91.01730458698992,4.596551895141602,45.39655303955078,2.3655171394348145
2024,2,35.03429608066134,-89.0050783505622,4.855172634124756,39.05172348022461,4.310344696044922
2024,2,35.03429608066134,-86.99285211413446,4.61379337310791,38.60344696044922,4.075861930847168
2024,2,35.03429608066134,-84.98062587770674,4.665517330169678,35.57931137084961,3.0655171871185303
2024,2,35.03429608066134,-82.968399641279,5.7137932777404785,33.034481048583984,3.4034483432769775
2024,2,35.03429608066134,-81.02803862758084,3.7827587127685547,31.899999618530273,1.4896551370620728
2024,2,35.03429608066134,-79.01581239115312,4.306896686553955,31.968965530395508,1.3172413110733032
2024,2,35.03429608066134,-77.00358615472538,3.162069082260132,37.451725006103516,1.4448275566101074
2024,2,36.97465709435951,-120.98510246521717,2.962069034576416,54.05862045288086,2.4137930870056152
2024,2,36.97465709435951,-118.97287622878943,2.700000047683716,45.10344696044922,8.972414016723633
2024,2,36.97465709435951,-117.03251521509127,3.037930965423584,45.417240142822266,1.6931034326553345
2024,2,36.97465709435951,-115.02028897866354,2.686206817626953,31.855173110961914,1.268965482711792
2024,2,36.97465709435951,-113.00806274223581,3.4068965911865234,32.944828033447266,1.9137930870056152
2024,2,36.97465709435951,-110.99583650580809,3.8275861740112305,29.644826889038086,1.0620689392089844
2024,2,36.97465709435951,-108.98361026938035,2.462069034576416,33.72758483886719,0.48965516686439514
2024,2,36.97465709435951,-106.97138403295263,3.2517242431640625,34.606895446777344,2.1448276042938232
2024,2,36.97465709435951,-105.03102301925446,4.096551895141602,31.76551628112793,1.5068964958190918
2024,2,36.97465709435951,-103.01879678282673,4.627586364746094,27.472414016723633,0.634482741355896
2024,2,36.97465709435951,-101.006570546399,4.27931022644043,30.958620071411133,0.3689655065536499
2024,2,36.97465709435951,-98.99434430997127,4.458620548248291,31.22758674621582,0.4137931168079376
2024,2,36.97465709435951,-96.98211807354355,4.855172634124756,35.386207580566406,1.151724100112915
2024,2,36.97465709435951,-94.96989183711581,4.8655171394348145,35.589656829833984,1.4310345649719238
2024,2,36.97465709435951,-93.02953082341764,5.013792991638184,32.78620529174805,1.0655171871185303
2024,2,36.97465709435951,-91.01730458698992,4.413793087005615,34.15517044067383,0.8206896185874939
2024,2,36.97465709435951,-89.0050783505622,4.355172157287598,38.975860595703125,0.6241379380226135
2024,2,36.97465709435951,-86.99285211413446,4.503448486328125,39.13103485107422,2.7965517044067383
2024,2,36.97465709435951,-84.98062587770674,4.075861930847168,37.472412109375,3.69655179977417
2024,2,36.97465709435951,-82.968399641279,4.489655017852783,33.44137954711914,4.089654922485352
2024,2,36.97465709435951,-81.02803862758084,4.099999904632568,33.99310302734375,2.1068966388702393
2024,2,36.97465709435951,-79.01581239115312,3.9068965911865234,34.134483337402344,2.5999999046325684
2024,2,36.97465709435951,-77.00358615472538,3.7931034564971924,37.417240142822266,2.3758621215820312
2024,2,38.986883330787236,-122.99732870164489,5.744827747344971,63.41379165649414,9.141379356384277
2024,2,38.986883330787236,-120.98510246521717,3.0172414779663086,58.034481048583984,7.731034278869629
2024,2,38.986883330787236,-118.97287622878943,3.310344696044922,43.15517044067383,1.348275899887085
2024,2,38.986883330787236,-117.03251521509127,3.7517242431640625,42.527587890625,1.0
2024,2,38.986883330787236,-115.02028897866354,3.9137930870056152,42.048274993896484,1.420689582824707
2024,2,38.986883330787236,-113.00806274223581,2.2379310131073,33.972412109375,0.9241379499435425
2024,2,38.986883330787236,-110.99583650580809,3.0896551609039307,38.34827423095703,1.0586206912994385
2024,2,38.986883330787236,-108.98361026938035,2.886206865310669,37.75862121582031,0.6448276042938232
2024,2,38.986883330787236,-106.97138403295263,4.5241379737854,42.951725006103516,4.1758623123168945
2024,2,38.986883330787236,-105.03102301925446,4.341379165649414,43.010345458984375,1.517241358757019
2024,2,38.986883330787236,-103.01879678282673,3.9103448390960693,27.893102645874023,1.1068966388702393
2024,2,38.986883330787236,-101.006570546399,4.179310321807861,31.64827537536621,0.800000011920929
2024,2,38.986883330787236,-98.99434430997127,4.641379356384277,38.16896438598633,1.1793103218078613
2024,2,38.986883330787236,-96.98211807354355,4.313793182373047,38.59310531616211,0.6931034326553345
2024,2,38.986883330787236,-94.96989183711581,4.479310512542725,36.70344924926758,0.40344828367233276
2024,2,38.986883330787236,-93.02953082341764,3.9482758045196533,34.04482650756836,0.1827586144208908
2024,2,38.986883330787236,-91.01730458698992,4.493103504180908,35.73793029785156,0.13793103396892548
2024,2,38.986883330787236,-89.0050783505622,4.6344828605651855,39.6655158996582,0.4482758641242981
2024,2,38.986883330787236,-86.99285211413446,4.551723957061768,42.36206817626953,0.8206896781921387
2024,2,38.986883330787236,-84.98062587770674,3.69655179977417,39.23103332519531,0.9172413945198059
2024,2,38.986883330787236,-82.968399641279,4.075861930847168,35.155174255371094,1.2172414064407349
2024,2,38.986883330787236,-81.02803862758084,3.8344826698303223,37.24137878417969,3.224137783050537
2024,2,38.986883330787236,-79.01581239115312,4.241379261016846,41.17586135864258,2.1344828605651855
2024,2,38.986883330787236,-77.00358615472538,3.968965530395508,39.458621978759766,1.3965517282485962
2024,2,38.986883330787236,-74.99135991829766,4.503448486328125,43.0137939453125,1.6896551847457886
2024,2,40.999109567214965,-122.99732870164489,4.362069129943848,59.86896514892578,16.27241325378418
2024,2,40.999109567214965,-120.98510246521717,4.413793087005615,53.37586212158203,3.344827651977539
2024,2,40.999109567214965,-118.97287622878943,3.493103504180908,43.872413635253906,0.7275862097740173
2024,2,40.999109567214965,-117.03251521509127,3.80344820022583,47.13103485107422,1.596551775932312
2024,2,40.999109567214965,-115.02028897866354,2.9724137783050537,50.86896514892578,1.8586206436157227
2024,2,40.999109567214965,-113.00806274223581,1.8965517282485962,48.77931213378906,2.575862169265747
2024,2,40.999109567214965,-110.99583650580809,5.203448295593262,40.77241516113281,2.2448275089263916
2024,2,40.999109567214965,-108.98361026938035,3.993103504180908,45.47930908203125,1.4344828128814697
2024,2,40.999109567214965,-106.97138403295263,5.103448390960693,44.141380310058594,5.362069129943848
2024,2,40.999109567214965,-105.03102301925446,4.575861930847168,33.975860595703125,1.017241358757019
2024,2,40.999109567214965,-103.01879678282673,3.7793102264404297,34.71724319458008,1.1448276042938232
2024,2,40.999109567214965,-101.006570546399,3.734482765197754,36.91379165649414,0.9551724195480347
2024,2,40.999109567214965,-98.99434430997127,4.110344886779785,37.18620681762695,0.6758620738983154
2024,2,40.999109567214965,-96.98211807354355,4.300000190734863,39.386207580566406,0.37586209177970886
2024,2,40.999109567214965,-94.96989183711581,4.768965721130371,36.379310607910156,0.0
2024,2,40.999109567214965,-93.02953082341764,4.379310131072998,37.44827651977539,0.0793103501200676
2024,2,40.999109567214965,-91.01730458698992,3.993103504180908,35.965518951416016,0.24137930572032928
2024,2,40.999109567214965,-89.0050783505622,4.062068939208984,41.70344924926758,0.3724137842655182
2024,2,40.999109567214965,-86.99285211413446,4.127586364746094,43.472412109375,0.6655172109603882
2024,2,40.999109567214965,-84.98062587770674,3.9344828128814697,44.6931037902832,0.9241378903388977
2024,2,40.999109567214965,-82.968399641279,4.444827556610107,44.424137115478516,1.0586206912994385
2024,2,40.999109567214965,-81.02803862758084,4.596551895141602,40.97930908203125,1.1758620738983154
2024,2,40.999109567214965,-79.01581239115312,4.389655113220215,39.26551818847656,2.0517241954803467
2024,2,40.999109567214965,-77.00358615472538,4.531034469604492,40.22758483886719,2.2103447914123535
2024,2,40.999109567214965,-74.99135991829766,4.093103408813477,37.92068862915039,1.9103448390960693
2024,2,40.999109567214965,-72.97913368186992,5.117241382598877,42.3068962097168,2.117241382598877
2024,2,43.011335803642694,-122.99732870164489,3.7517242431640625,70.81034088134766,5.1310343742370605
2024,2,43.011335803642694,-120.98510246521717,4.5,49.44137954711914,1.6241378784179688
2024,2,43.011335803642694,-118.97287622878943,3.299999952316284,56.7931022644043,1.3068965673446655
2024,2,43.011335803642694,-117.03251521509127,5.062068939208984,55.041378021240234,2.044827699661255
2024,2,43.011335803642694,-115.02028897866354,3.048275947570801,48.9862060546875,2.0655171871185303
2024,2,43.011335803642694,-113.00806274223581,3.4137930870056152,61.32758712768555,1.8896552324295044
2024,2,43.011335803642694,-110.99583650580809,4.699999809265137,50.482757568359375,1.848275899887085
2024,2,43.011335803642694,-108.98361026938035,2.2448275089263916,40.88275909423828,1.2068965435028076
2024,2,43.011335803642694,-106.97138403295263,5.517241477966309,40.0137939453125,0.6448276042938232
2024,2,43.011335803642694,-105.03102301925446,4.141379356384277,41.46207046508789,0.4172413647174835
2024,2,43.011335803642694,-103.01879678282673,3.4896552562713623,39.89655303955078,0.568965494632721
2024,2,43.011335803642694,-101.006570546399,3.882758617401123,45.120689392089844,1.020689606666565
2024,2,43.011335803642694,-98.99434430997127,3.7586207389831543,46.541378021240234,0.27586206793785095
2024,2,43.011335803642694,-96.98211807354355,3.6310343742370605,49.74137878417969,0.15172414481639862
2024,2,43.011335803642694,-94.96989183711581,4.389655113220215,47.80344772338867,0.20344826579093933
2024,2,43.011335803642694,-93.02953082341764,4.8689656257629395,43.67241287231445,0.1551724076271057
2024,2,43.011335803642694,-91.01730458698992,3.931034564971924,42.76551818847656,0.3689655065536499
2024,2,43.011335803642694,-89.0050783505622,4.468965530395508,46.75517272949219,0.6862068772315979
2024,2,43.011335803642694,-84.98062587770674,4.558620452880859,44.910343170166016,0.6655172109603882
2024,2,43.011335803642694,-82.968399641279,4.61379337310791,48.28276062011719,0.8620690107345581
2024,2,43.011335803642694,-79.01581239115312,4.424138069152832,48.1793098449707,0.6620689630508423
2024,2,43.011335803642694,-77.00358615472538,4.441379547119141,46.996551513671875,0.5206896662712097
2024,2,43.011335803642694,-74.99135991829766,3.9068965911865234,50.56551742553711,1.0068964958190918
2024,2,43.011335803642694,-72.97913368186992,4.296551704406738,42.92758560180664,1.0586206912994385
2024,2,43.011335803642694,-70.9669074454422,4.741379261016846,36.10344696044922,0.6931034326553345
2024,2,45.023562040070416,-122.99732870164489,3.468965530395508,67.62068939208984,3.95862078666687
2024,2,45.023562040070416,-120.98510246521717,3.7965517044067383,57.972412109375,1.5310344696044922
2024,2,45.023562040070416,-118.97287622878943,3.8931033611297607,52.599998474121094,1.5275862216949463
2024,2,45.023562040070416,-117.03251521509127,3.9068965911865234,49.89655303955078,5.806896686553955
2024,2,45.023562040070416,-115.02028897866354,5.317241191864014,47.17241287231445,4.0
2024,2,45.023562040070416,-113.00806274223581,3.2620689868927,52.26206970214844,0.8689655065536499
2024,2,45.023562040070416,-110.99583650580809,4.8655171394348145,49.031036376953125,4.496551513671875
2024,2,45.023562040070416,-108.98361026938035,2.9758620262145996,45.393104553222656,0.3999999761581421
2024,2,45.023562040070416,-106.97138403295263,3.5,38.43448257446289,0.5551723837852478
2024,2,45.023562040070416,-105.03102301925446,4.027585983276367,41.5137939453125,0.5034483075141907
2024,2,45.023562040070416,-103.01879678282673,4.075861930847168,42.20344924926758,0.3137930929660797
2024,2,45.023562040070416,-101.006570546399,3.775861978530884,48.83103561401367,0.22413793206214905
2024,2,45.023562040070416,-98.99434430997127,2.7965517044067383,51.57931137084961,0.3206896483898163
2024,2,45.023562040070416,-96.98211807354355,4.8655171394348145,55.63793182373047,0.2827586233615875
2024,2,45.023562040070416,-94.96989183711581,4.493103504180908,58.76551818847656,0.5586206912994385
2024,2,45.023562040070416,-93.02953082341764,3.9793102741241455,51.024139404296875,0.45862069725990295
2024,2,45.023562040070416,-91.01730458698992,4.10689640045166,47.04482650756836,0.4137931168079376
2024,2,45.023562040070416,-89.0050783505622,5.224137783050537,48.351722717285156,0.3448275923728943
2024,2,45.023562040070416,-84.98062587770674,5.241379261016846,50.66896438598633,1.0137931108474731
2024,2,45.023562040070416,-74.99135991829766,3.7068965435028076,54.886207580566406,0.7827585935592651
2024,2,45.023562040070416,-72.97913368186992,4.389655113220215,51.113792419433594,0.5620689988136292
2024,2,45.023562040070416,-70.9669074454422,5.982758522033691,45.996551513671875,0.6862068772315979
2024,2,47.035788276498145,-122.99732870164489,3.9724137783050537,59.562068939208984,7.355172157287598
2024,2,47.035788276498145,-120.98510246521717,3.2896552085876465,61.25172424316406,3.3241379261016846
2024,2,47.035788276498145,-118.97287622878943,2.7482757568359375,54.2068977355957,0.46206897497177124
2024,2,47.035788276498145,-117.03251521509127,3.658620595932007,57.851722717285156,2.0896551609039307
2024,2,47.035788276498145,-115.02028897866354,3.45862078666687,66.64827728271484,7.900000095367432
2024,2,47.035788276498145,-113.00806274223581,3.9862070083618164,48.23103332519531,1.3517241477966309
2024,2,47.035788276498145,-110.99583650580809,6.951724052429199,56.29655075073242,1.965517282485962
2024,2,47.035788276498145,-108.98361026938035,3.617241382598877,48.372413635253906,0.9689655303955078
2024,2,47.035788276498145,-106.97138403295263,4.151724338531494,51.76551818847656,0.4517241418361664
2024,2,47.035788276498145,-105.03102301925446,3.6034483909606934,51.886207580566406,0.5275862216949463
2024,2,47.035788276498145,-103.01879678282673,4.362069129943848,54.120689392089844,0.5206896662712097
2024,2,47.035788276498145,-101.006570546399,4.072413921356201,59.38965606689453,0.35862070322036743
2024,2,47.035788276498145,-98.99434430997127,4.624137878417969,56.05172348022461,0.3068965673446655
2024,2,47.035788276498145,-96.98211807354355,3.465517282485962,58.965518951416016,0.7137930989265442
2024,2,47.035788276498145,-94.96989183711581,4.886207103729248,50.83103561401367,0.2344827651977539
2024,2,47.035788276498145,-93.02953082341764,4.400000095367432,55.21379470825195,0.30344825983047485
2024,2,47.035788276498145,-89.0050783505622,5.186206817626953,54.68620681762695,0.46206897497177124
2024,2,48.97614929019631,-122.99732870164489,2.2103447914123535,60.86896514892578,3.2172412872314453
2024,2,48.97614929019631,-120.98510246521717,4.472414016723633,66.96206665039062,3.7103447914123535
2024,2,48.97614929019631,-118.97287622878943,2.231034517288208,59.599998474121094,1.096551775932312
2024,2,48.97614929019631,-117.03251521509127,4.086206912994385,77.70689392089844,7.558620929718018
2024,2,48.97614929019631,-115.02028897866354,4.431034564971924,51.61724090576172,2.1034481525421143
2024,2,48.97614929019631,-113.00806274223581,3.9448275566101074,59.71723937988281,2.7862069606781006
2024,2,48.97614929019631,-110.99583650580809,4.231034278869629,60.062068939208984,0.3724137842655182
2024,2,48.97614929019631,-108.98361026938035,3.620689630508423,56.40689468383789,0.8034482598304749
2024,2,48.97614929019631,-106.97138403295263,3.6758620738983154,63.0,0.634482741355896
2024,2,48.97614929019631,-105.03102301925446,3.686206817626953,58.906898498535156,0.7275862097740173
2024,2,48.97614929019631,-103.01879678282673,3.7827587127685547,61.4862060546875,0.35862070322036743
2024,2,48.97614929019631,-101.006570546399,3.379310369491577,57.78965377807617,0.43793103098869324
2024,2,48.97614929019631,-98.99434430997127,4.193103313446045,61.76896667480469,0.22413793206214905
2024,2,48.97614929019631,-96.98211807354355,3.7068965435028076,58.8344841003418,0.43793103098869324
2024,2,48.97614929019631,-94.96989183711581,3.3620688915252686,56.41379165649414,1.13103449344635
2024,3,26.985391134950426,-98.99434430997127,3.909677505493164,34.599998474121094,1.9580645561218262
2024,3,26.985391134950426,-81.02803862758084,3.364516019821167,48.66128921508789,1.8677419424057007
2024,3,28.997617371378155,-98.99434430997127,3.680645227432251,36.977420806884766,1.229032278060913
2024,3,28.997617371378155,-96.98211807354355,4.1709675788879395,51.46128845214844,1.8580645322799683
2024,3,28.997617371378155,-81.02803862758084,3.567741870880127,44.400001525878906,2.2645161151885986
2024,3,31.009843607805884,-105.03102301925446,4.658064365386963,17.545162200927734,0.03548387065529823
2024,3,31.009843607805884,-103.01879678282673,4.448387145996094,15.409677505493164,0.3677419424057007
2024,3,31.009843607805884,-101.006570546399,4.561290264129639,22.945161819458008,0.5419355034828186
2024,3,31.009843607805884,-98.99434430997127,4.416129112243652,36.687095642089844,2.0387096405029297
2024,3,31.009843607805884,-96.98211807354355,4.05483865737915,45.0612907409668,2.729032278060913
2024,3,31.009843607805884,-94.96989183711581,3.7806451320648193,45.290321350097656,2.5161290168762207
2024,3,31.009843607805884,-93.02953082341764,4.5,48.65806579589844,2.616128921508789
2024,3,31.009843607805884,-91.01730458698992,4.251613140106201,47.22257995605469,5.400000095367432
2024,3,31.009843607805884,-89.0050783505622,3.90645170211792,44.75483703613281,7.583870887756348
2024,3,31.009843607805884,-86.99285211413446,3.819354772567749,43.49677276611328,5.803225994110107
2024,3,31.009843607805884,-84.98062587770674,3.5548386573791504,47.15483856201172,4.983870983123779
2024,3,31.009843607805884,-82.968399641279,3.822580575942993,42.52903366088867,6.858064651489258
2024,3,33.02206984423361,-117.03251521509127,3.1870968341827393,53.54838562011719,3.1870968341827393
2024,3,33.02206984423361,-115.02028897866354,2.8967742919921875,24.812902450561523,0.3129032254219055
2024,3,33.02206984423361,-113.00806274223581,2.9419355392456055,24.622581481933594,0.774193525314331
2024,3,33.02206984423361,-110.99583650580809,3.064516067504883,29.15483856201172,2.1258063316345215
2024,3,33.02206984423361,-108.98361026938035,4.751613140106201,26.409677505493164,1.0935484170913696
2024,3,33.02206984423361,-106.97138403295263,4.503225803375244,18.854839324951172,0.07096774131059647
2024,3,33.02206984423361,-105.03102301925446,4.212903022766113,19.858064651489258,0.4161290228366852
2024,3,33.02206984423361,-103.01879678282673,4.951612949371338,17.861289978027344,0.14516128599643707
2024,3,33.02206984423361,-101.006570546399,4.638709545135498,24.580644607543945,0.92580646276474
2024,3,33.02206984423361,-98.99434430997127,4.393548488616943,33.91613006591797,1.3838709592819214
2024,3,33.02206984423361,-96.98211807354355,4.587096691131592,43.99032211303711,3.90645170211792
2024,3,33.02206984423361,-94.96989183711581,4.716128826141357,45.312904357910156,6.300000190734863
2024,3,33.02206984423361,-93.02953082341764,3.8354837894439697,48.02580642700195,6.790322780609131
2024,3,33.02206984423361,-91.01730458698992,3.6741936206817627,52.5612907409668,7.77419376373291
2024,3,33.02206984423361,-89.0050783505622,3.6967742443084717,47.054840087890625,7.012903213500977
2024,3,33.02206984423361,-86.99285211413446,3.9000000953674316,45.23870849609375,5.022580623626709
2024,3,33.02206984423361,-84.98062587770674,4.335484027862549,43.48387145996094,7.21935510635376
2024,3,33.02206984423361,-82.968399641279,4.061290264129639,41.39354705810547,5.061290264129639
2024,3,33.02206984423361,-81.02803862758084,4.483870983123779,38.48064422607422,5.432258129119873
2024,3,35.03429608066134,-118.97287622878943,3.5064516067504883,40.390323638916016,1.2806451320648193
2024,3,35.03429608066134,-117.03251521509127,3.364516019821167,38.20000076293945,1.3032257556915283
2024,3,35.03429608066134,-115.02028897866354,4.212903022766113,31.19354820251465,1.0193548202514648
2024,3,35.03429608066134,-113.00806274223581,4.3741936683654785,27.235483169555664,2.048387050628662
2024,3,35.03429608066134,-110.99583650580809,4.81290340423584,35.45161437988281,1.5935484170913696
2024,3,35.03429608066134,-108.98361026938035,4.503225803375244,27.238710403442383,1.829032301902771
2024,3,35.03429608066134,-106.97138403295263,4.016129016876221,23.20322608947754,1.1870968341827393
2024,3,35.03429608066134,-105.03102301925446,4.503225803375244,23.135482788085938,0.4677419364452362
2024,3,35.03429608066134,-103.01879678282673,4.822580814361572,20.03870964050293,0.1967741996049881
2024,3,35.03429608066134,-101.006570546399,4.654838562011719,24.12580680847168,0.21612903475761414
2024,3,35.03429608066134,-98.99434430997127,4.412903308868408,36.29999923706055,0.46451613306999207
2024,3,35.03429608066134,-96.98211807354355,5.5354838371276855,37.16774368286133,2.8741934299468994
2024,3,35.03429608066134,-94.96989183711581,4.22580623626709,40.219356536865234,3.6709678173065186
2024,3,35.03429608066134,-93.02953082341764,3.7096774578094482,41.91290283203125,4.612903118133545
2024,3,35.03429608066134,-91.01730458698992,4.045161247253418,46.780643463134766,2.932258129119873
2024,3,35.03429608066134,-89.0050783505622,4.387096881866455,42.80644989013672,4.541935443878174
2024,3,35.03429608066134,-86.99285211413446,4.548387050628662,43.774192810058594,5.78064489364624
2024,3,35.03429608066134,-84.98062587770674,4.6483869552612305,41.00322723388672,3.9838709831237793
2024,3,35.03429608066134,-82.968399641279,5.8290324211120605,36.709678649902344,7.041935443878174
2024,3,35.03429608066134,-81.02803862758084,3.729032278060913,39.23225784301758,4.712903022766113
2024,3,35.03429608066134,-79.01581239115312,4.429032325744629,35.890323638916016,3.154838800430298
2024,3,35.03429608066134,-77.00358615472538,3.245161294937134,42.13548278808594,6.59354829788208
2024,3,36.97465709435951,-120.98510246521717,3.154838800430298,47.91613006591797,0.9096774458885193
2024,3,36.97465709435951,-118.97287622878943,2.658064603805542,45.14193344116211,6.854838848114014
2024,3,36.97465709435951,-117.03251521509127,3.861290216445923,30.064516067504883,0.6129032373428345
2024,3,36.97465709435951,-115.02028897866354,3.745161294937134,20.83548355102539,0.6774193644523621
2024,3,36.97465709435951,-113.00806274223581,3.864516258239746,25.25806427001953,1.125806450843811
2024,3,36.97465709435951,-110.99583650580809,4.5806450843811035,21.580644607543945,0.9967741966247559
2024,3,36.97465709435951,-108.98361026938035,3.0,26.661291122436523,0.9548386931419373
2024,3,36.97465709435951,-106.97138403295263,3.5,31.419355392456055,2.025806427001953
2024,3,36.97465709435951,-105.03102301925446,4.106451511383057,33.977420806884766,1.8322581052780151
2024,3,36.97465709435951,-103.01879678282673,4.541935443878174,21.861289978027344,0.20967742800712585
2024,3,36.97465709435951,-101.006570546399,4.319355010986328,24.63548469543457,0.13225805759429932
2024,3,36.97465709435951,-98.99434430997127,4.5354838371276855,28.28709602355957,0.032258063554763794
2024,3,36.97465709435951,-96.98211807354355,4.903225898742676,34.58064651489258,1.4258064031600952
2024,3,36.97465709435951,-94.96989183711581,4.974193572998047,37.109676361083984,0.7161290049552917
2024,3,36.97465709435951,-93.02953082341764,5.251612663269043,35.60645294189453,2.774193525314331
2024,3,36.97465709435951,-91.01730458698992,4.477419376373291,33.48387145996094,1.9903225898742676
2024,3,36.97465709435951,-89.0050783505622,4.238709926605225,40.44193649291992,2.7322580814361572
2024,3,36.97465709435951,-86.99285211413446,4.306451797485352,41.52903366088867,1.3645161390304565
2024,3,36.97465709435951,-84.98062587770674,3.9935483932495117,38.42903137207031,2.299999952316284
2024,3,36.97465709435951,-82.968399641279,4.861290454864502,33.13548278808594,2.729032278060913
2024,3,36.97465709435951,-81.02803862758084,4.680644989013672,35.98064422607422,2.3741936683654785
2024,3,36.97465709435951,-79.01581239115312,4.212903022766113,35.07741928100586,4.803225994110107
2024,3,36.97465709435951,-77.00358615472538,4.235483646392822,39.435482025146484,6.712903022766113
2024,3,38.986883330787236,-122.99732870164489,5.548387050628662,63.49354934692383,5.767742156982422
2024,3,38.986883330787236,-120.98510246521717,3.383871078491211,50.73225784301758,4.806451797485352
2024,3,38.986883330787236,-118.97287622878943,3.748387098312378,38.91935348510742,1.5290322303771973
2024,3,38.986883330787236,-117.03251521509127,4.248386859893799,32.98064422607422,0.7645161151885986
2024,3,38.986883330787236,-115.02028897866354,4.9419355392456055,37.041934967041016,1.4032257795333862
2024,3,38.986883330787236,-113.00806274223581,3.0129032135009766,31.083871841430664,1.8838709592819214
2024,3,38.986883330787236,-110.99583650580809,3.841935396194458,36.40967559814453,0.977419376373291
2024,3,38.986883330787236,-108.98361026938035,3.206451654434204,36.39354705810547,1.3354839086532593
2024,3,38.986883330787236,-106.97138403295263,4.638709545135498,46.70000076293945,4.767742156982422
2024,3,38.986883330787236,-105.03102301925446,4.477419376373291,43.380645751953125,1.9548386335372925
2024,3,38.986883330787236,-103.01879678282673,4.090322494506836,22.74193572998047,0.09677419066429138
2024,3,38.986883330787236,-101.006570546399,4.590322494506836,26.103225708007812,0.5290322303771973
2024,3,38.986883330787236,-98.99434430997127,5.177419185638428,32.01935577392578,0.6451612710952759
2024,3,38.986883330787236,-96.98211807354355,4.803225994110107,33.622581481933594,0.7096773982048035
2024,3,38.986883330787236,-94.96989183711581,5.019354820251465,36.63548278808594,1.7129031419754028
2024,3,38.986883330787236,-93.02953082341764,4.738709449768066,37.53871154785156,1.6967741250991821
2024,3,38.986883330787236,-91.01730458698992,5.238709449768066,37.37419509887695,3.432258129119873
2024,3,38.986883330787236,-89.0050783505622,5.287096977233887,40.290321350097656,1.8709677457809448
2024,3,38.986883330787236,-86.99285211413446,5.006451606750488,42.051612854003906,2.5322580337524414
2024,3,38.986883330787236,-84.98062587770674,4.096774101257324,42.98064422607422,2.1225805282592773
2024,3,38.986883330787236,-82.968399641279,4.509677410125732,39.00322723388672,2.383870840072632
2024,3,38.986883330787236,-81.02803862758084,4.322580814361572,36.58386993408203,2.661290407180786
2024,3,38.986883330787236,-79.01581239115312,5.029032230377197,39.72257995605469,2.2580645084381104
2024,3,38.986883330787236,-77.00358615472538,4.506451606750488,37.467742919921875,4.287096977233887
2024,3,38.986883330787236,-74.99135991829766,5.300000190734863,46.54838562011719,6.912903308868408
2024,3,40.999109567214965,-122.99732870164489,4.4645161628723145,43.99354934692383,9.129032135009766
2024,3,40.999109567214965,-120.98510246521717,4.9193549156188965,49.280643463134766,2.951612949371338
2024,3,40.999109567214965,-118.97287622878943,4.548387050628662,35.56451416015625,0.7709677815437317
2024,3,40.999109567214965,-117.03251521509127,4.13225793838501,39.35161209106445,1.4387097358703613
2024,3,40.999109567214965,-115.02028897866354,3.3064515590667725,45.10322570800781,1.600000023841858
2024,3,40.999109567214965,-113.00806274223581,2.570967674255371,34.52580642700195,2.519354820251465
2024,3,40.999109567214965,-110.99583650580809,5.167741775512695,38.377418518066406,1.9387097358703613
2024,3,40.999109567214965,-108.98361026938035,4.493548393249512,44.858062744140625,2.748387098312378
2024,3,40.999109567214965,-106.97138403295263,4.683870792388916,40.099998474121094,4.783871173858643
2024,3,40.999109567214965,-105.03102301925446,3.958064556121826,29.493547439575195,0.7612903118133545
2024,3,40.999109567214965,-103.01879678282673,4.119354724884033,25.12580680847168,0.9967741966247559
2024,3,40.999109567214965,-101.006570546399,4.090322494506836,31.24193572998047,1.0838710069656372
2024,3,40.999109567214965,-98.99434430997127,4.709677219390869,31.0,2.0129032135009766
2024,3,40.999109567214965,-96.98211807354355,5.006451606750488,34.85161209106445,1.1612902879714966
2024,3,40.999109567214965,-94.96989183711581,5.490322589874268,37.3870964050293,2.4161291122436523
2024,3,40.999109567214965,-93.02953082341764,5.341935634613037,37.52580642700195,2.2806451320648193
2024,3,40.999109567214965,-91.01730458698992,5.1032257080078125,39.225807189941406,3.4677419662475586
2024,3,40.999109567214965,-89.0050783505622,5.145161151885986,40.435482025146484,3.745161294937134
2024,3,40.999109567214965,-86.99285211413446,5.032258033752441,41.50322723388672,2.841935634613037
2024,3,40.999109567214965,-84.98062587770674,4.6483869552612305,43.52580642700195,3.838709592819214
2024,3,40.999109567214965,-82.968399641279,5.025806427001953,47.187095642089844,3.183871030807495
2024,3,40.999109567214965,-81.02803862758084,4.996774196624756,45.68387222290039,3.274193525314331
2024,3,40.999109567214965,-79.01581239115312,5.487096786499023,41.76774215698242,2.974193572998047
2024,3,40.999109567214965,-77.00358615472538,5.277419567108154,40.23870849609375,3.3967742919921875
2024,3,40.999109567214965,-74.99135991829766,4.800000190734863,38.703224182128906,5.1032257080078125
2024,3,40.999109567214965,-72.97913368186992,5.735483646392822,41.283870697021484,8.525806427001953
2024,3,43.011335803642694,-122.99732870164489,3.903225898742676,59.17741775512695,4.641935348510742
2024,3,43.011335803642694,-120.98510246521717,4.780645370483398,43.138710021972656,1.377419352531433
2024,3,43.011335803642694,-118.97287622878943,3.4709677696228027,45.76129150390625,0.948387086391449
2024,3,43.011335803642694,-117.03251521509127,4.770967960357666,49.38386917114258,1.5645160675048828
2024,3,43.011335803642694,-115.02028897866354,2.751612901687622,44.22257995605469,1.14838707447052
2024,3,43.011335803642694,-113.00806274223581,3.019354820251465,54.07741928100586,2.0838708877563477
2024,3,43.011335803642694,-110.99583650580809,4.325806617736816,45.35483932495117,1.94516122341156
2024,3,43.011335803642694,-108.98361026938035,2.609677314758301,38.79999923706055,1.2096774578094482
2024,3,43.011335803642694,-106.97138403295263,4.841935634613037,34.02580642700195,0.7612903118133545
2024,3,43.011335803642694,-105.03102301925446,4.270967960357666,29.522581100463867,0.4580645263195038
2024,3,43.011335803642694,-103.01879678282673,3.658064603805542,30.138710021972656,1.0161290168762207
2024,3,43.011335803642694,-101.006570546399,4.5580644607543945,33.49354934692383,0.9516128897666931
2024,3,43.011335803642694,-98.99434430997127,4.664515972137451,36.47419357299805,1.1677418947219849
2024,3,43.011335803642694,-96.98211807354355,4.4645161628723145,36.48387145996094,1.8193548917770386
2024,3,43.011335803642694,-94.96989183711581,5.161290168762207,39.06774139404297,3.0580644607543945
2024,3,43.011335803642694,-93.02953082341764,5.577419281005859,37.041934967041016,2.1064515113830566
2024,3,43.011335803642694,-91.01730458698992,4.735483646392822,38.458065032958984,1.5935484170913696
2024,3,43.011335803642694,-89.0050783505622,5.3290324211120605,43.23225784301758,4.487096786499023
2024,3,43.011335803642694,-84.98062587770674,5.138709545135498,45.74838638305664,2.522580623626709
2024,3,43.011335803642694,-82.968399641279,5.016129016876221,50.651611328125,1.8193548917770386
2024,3,43.011335803642694,-79.01581239115312,4.416129112243652,46.948387145996094,1.3354839086532593
2024,3,43.011335803642694,-77.00358615472538,4.916129112243652,46.632259368896484,1.94516122341156
2024,3,43.011335803642694,-74.99135991829766,4.783871173858643,44.2870979309082,3.903225898742676
2024,3,43.011335803642694,-72.97913368186992,4.545161247253418,39.454837799072266,7.209677696228027
2024,3,43.011335803642694,-70.9669074454422,5.199999809265137,39.48387145996094,7.467741966247559
2024,3,45.023562040070416,-122.99732870164489,3.5806450843811035,53.57096862792969,2.883871078491211
2024,3,45.023562040070416,-120.98510246521717,3.774193525314331,46.27742004394531,0.5451613068580627
2024,3,45.023562040070416,-118.97287622878943,3.6516129970550537,39.77096939086914,0.9580644965171814
2024,3,45.023562040070416,-117.03251521509127,3.8129031658172607,39.60322570800781,4.790322780609131
2024,3,45.023562040070416,-115.02028897866354,4.677419185638428,36.55806350708008,2.683871030807495
2024,3,45.023562040070416,-113.00806274223581,3.0129032135009766,38.541934967041016,0.40645161271095276
2024,3,45.023562040070416,-110.99583650580809,4.4645161628723145,38.703224182128906,4.358064651489258
2024,3,45.023562040070416,-108.98361026938035,2.935483932495117,40.303226470947266,0.37419354915618896
2024,3,45.023562040070416,-106.97138403295263,3.3322579860687256,37.77096939086914,0.7322580814361572
2024,3,45.023562040070416,-105.03102301925446,3.567741870880127,38.964515686035156,0.7032257914543152
2024,3,45.023562040070416,-103.01879678282673,4.135483741760254,38.48387145996094,0.9000000357627869
2024,3,45.023562040070416,-101.006570546399,4.238709449768066,43.35161209106445,0.4741935431957245
2024,3,45.023562040070416,-98.99434430997127,3.7193548679351807,40.49677276611328,0.4612903296947479
2024,3,45.023562040070416,-96.98211807354355,5.196774005889893,43.47096633911133,0.6838709712028503
2024,3,45.023562040070416,-94.96989183711581,4.787096977233887,46.13548278808594,1.2806451320648193
2024,3,45.023562040070416,-93.02953082341764,4.303225994110107,39.92258071899414,1.9580644369125366
2024,3,45.023562040070416,-91.01730458698992,4.400000095367432,36.72903060913086,2.412903308868408
2024,3,45.023562040070416,-89.0050783505622,5.735483646392822,39.66774368286133,2.7193548679351807
2024,3,45.023562040070416,-84.98062587770674,5.709677219390869,43.05806350708008,2.4612903594970703
2024,3,45.023562040070416,-74.99135991829766,4.206451416015625,43.20000076293945,1.9645161628723145
2024,3,45.023562040070416,-72.97913368186992,4.729032516479492,42.49677276611328,2.754838705062866
2024,3,45.023562040070416,-70.9669074454422,6.616128921508789,46.49354934692383,4.9645161628723145
2024,3,47.035788276498145,-122.99732870164489,3.70322585105896,53.6129035949707,4.300000190734863
2024,3,47.035788276498145,-120.98510246521717,3.3032257556915283,46.04838562011719,2.480645179748535
2024,3,47.035788276498145,-118.97287622878943,2.8064515590667725,34.8258056640625,0.39032256603240967
2024,3,47.035788276498145,-117.03251521509127,3.587096691131592,43.9387092590332,1.7354838848114014
2024,3,47.035788276498145,-115.02028897866354,3.0322580337524414,48.67741775512695,5.164515972137451
2024,3,47.035788276498145,-113.00806274223581,3.1225807666778564,34.19032287597656,0.4000000059604645
2024,3,47.035788276498145,-110.99583650580809,5.006451606750488,45.1129035949707,1.1387096643447876
2024,3,47.035788276498145,-108.98361026938035,3.316128969192505,48.74838638305664,0.6225806474685669
2024,3,47.035788276498145,-106.97138403295263,3.8354837894439697,51.88386917114258,0.6354838609695435
2024,3,47.035788276498145,-105.03102301925446,3.541935443878174,48.73870849609375,0.2612903118133545
2024,3,47.035788276498145,-103.01879678282673,4.116128921508789,48.22257995605469,0.8064516186714172
2024,3,47.035788276498145,-101.006570546399,4.099999904632568,54.138710021972656,0.9870967864990234
2024,3,47.035788276498145,-98.99434430997127,4.990322589874268,48.293548583984375,0.3516128957271576
2024,3,47.035788276498145,-96.98211807354355,4.364516258239746,44.458065032958984,0.3548387289047241
2024,3,47.035788276498145,-94.96989183711581,5.335484027862549,44.1129035949707,0.7645161151885986
2024,3,47.035788276498145,-93.02953082341764,4.932258129119873,43.24838638305664,1.077419400215149
2024,3,47.035788276498145,-89.0050783505622,5.532258033752441,48.30644989013672,1.5677419900894165
2024,3,48.97614929019631,-122.99732870164489,1.9870967864990234,56.08709716796875,1.9161289930343628
2024,3,48.97614929019631,-120.98510246521717,4.0,50.861289978027344,1.725806474685669
2024,3,48.97614929019631,-118.97287622878943,2.3741936683654785,42.24193572998047,1.1322580575942993
2024,3,48.97614929019631,-117.03251521509127,3.5774192810058594,52.02903366088867,4.751612663269043
2024,3,48.97614929019631,-115.02028897866354,3.89032244682312,37.196773529052734,1.70322585105896
2024,3,48.97614929019631,-113.00806274223581,3.338709592819214,58.43225860595703,0.6161290407180786
2024,3,48.97614929019631,-110.99583650580809,3.722580671310425,59.00645065307617,0.7193548679351807
2024,3,48.97614929019631,-108.98361026938035,3.567741870880127,61.535484313964844,0.9419354796409607
2024,3,48.97614929019631,-106.97138403295263,3.7612903118133545,57.00645065307617,0.8806451559066772
2024,3,48.97614929019631,-105.03102301925446,3.880645275115967,55.138710021972656,0.6322580575942993
2024,3,48.97614929019631,-103.01879678282673,3.841935396194458,57.790321350097656,0.7419354915618896
2024,3,48.97614929019631,-101.006570546399,3.7806451320648193,53.60322570800781,0.7903225421905518
2024,3,48.97614929019631,-98.99434430997127,4.6709675788879395,49.47096633911133,0.5419355034828186
2024,3,48.97614929019631,-96.98211807354355,4.506451606750488,50.04838562011719,0.3935483694076538
2024,3,48.97614929019631,-94.96989183711581,4.232257843017578,50.99677276611328,0.8290322422981262
2024,4,26.985391134950426,-98.99434430997127,5.003333568572998,29.983333587646484,0.23666666448116302
2024,4,26.985391134950426,-81.02803862758084,3.799999952316284,40.6966667175293,0.5633333325386047
2024,4,28.997617371378155,-98.99434430997127,4.483333110809326,34.05666732788086,2.926666736602783
2024,4,28.997617371378155,-96.98211807354355,5.246666431427002,49.529998779296875,1.0333333015441895
2024,4,28.997617371378155,-81.02803862758084,3.926666736602783,40.05666732788086,1.5199999809265137
2024,4,31.009843607805884,-105.03102301925446,4.443333148956299,12.970000267028809,0.06666667014360428
2024,4,31.009843607805884,-103.01879678282673,4.389999866485596,11.809999465942383,0.09000000357627869
2024,4,31.009843607805884,-101.006570546399,5.166666507720947,17.91666603088379,1.1166666746139526
2024,4,31.009843607805884,-98.99434430997127,5.289999961853027,35.060001373291016,1.9133332967758179
2024,4,31.009843607805884,-96.98211807354355,4.840000152587891,46.733333587646484,7.086666584014893
2024,4,31.009843607805884,-94.96989183711581,4.610000133514404,47.03666687011719,11.916666984558105
2024,4,31.009843607805884,-93.02953082341764,5.389999866485596,46.2400016784668,9.74666690826416
2024,4,31.009843607805884,-91.01730458698992,5.199999809265137,44.790000915527344,3.2333333492279053
2024,4,31.009843607805884,-89.0050783505622,4.516666412353516,41.900001525878906,4.4766669273376465
2024,4,31.009843607805884,-86.99285211413446,4.0933332443237305,41.913333892822266,3.6433331966400146
2024,4,31.009843607805884,-84.98062587770674,3.7300000190734863,42.356666564941406,6.1533331871032715
2024,4,31.009843607805884,-82.968399641279,3.9166667461395264,36.9033317565918,6.146667003631592
2024,4,33.02206984423361,-117.03251521509127,2.8533332347869873,46.540000915527344,0.79666668176651
2024,4,33.02206984423361,-115.02028897866354,3.0466666221618652,22.74333381652832,0.0533333346247673
2024,4,33.02206984423361,-113.00806274223581,2.8399999141693115,16.3266658782959,0.023333333432674408
2024,4,33.02206984423361,-110.99583650580809,3.073333263397217,16.206666946411133,0.20666666328907013
2024,4,33.02206984423361,-108.98361026938035,4.263333320617676,13.703332901000977,0.18000000715255737
2024,4,33.02206984423361,-106.97138403295263,4.360000133514404,11.063333511352539,0.10000000149011612
2024,4,33.02206984423361,-105.03102301925446,4.37666654586792,16.00666618347168,0.15000000596046448
2024,4,33.02206984423361,-103.01879678282673,5.24666690826416,15.556666374206543,0.24333332479000092
2024,4,33.02206984423361,-101.006570546399,5.320000171661377,21.59000015258789,1.2033333778381348
2024,4,33.02206984423361,-98.99434430997127,4.980000019073486,35.6533317565918,2.8333332538604736
2024,4,33.02206984423361,-96.98211807354355,5.173333168029785,47.41666793823242,5.476666450500488
2024,4,33.02206984423361,-94.96989183711581,5.429999828338623,53.983333587646484,8.786666870117188
2024,4,33.02206984423361,-93.02953082341764,4.62333345413208,50.290000915527344,8.960000038146973
2024,4,33.02206984423361,-91.01730458698992,4.686666488647461,50.69333267211914,12.65333366394043
2024,4,33.02206984423361,-89.0050783505622,4.659999847412109,47.926666259765625,4.196666717529297
2024,4,33.02206984423361,-86.99285211413446,4.349999904632568,46.86000061035156,2.640000104904175
2024,4,33.02206984423361,-84.98062587770674,4.573333263397217,42.61333465576172,3.5333333015441895
2024,4,33.02206984423361,-82.968399641279,4.246666431427002,38.97999954223633,3.0199999809265137
2024,4,33.02206984423361,-81.02803862758084,4.389999866485596,37.90999984741211,2.890000104904175
2024,4,35.03429608066134,-118.97287622878943,3.7833333015441895,33.63333511352539,0.5299999713897705
2024,4,35.03429608066134,-117.03251521509127,3.190000057220459,25.280000686645508,0.22333332896232605
2024,4,35.03429608066134,-115.02028897866354,4.103333473205566,19.986665725708008,0.2566666603088379
2024,4,35.03429608066134,-113.00806274223581,4.003333568572998,15.486666679382324,0.476666659116745
2024,4,35.03429608066134,-110.99583650580809,4.320000171661377,19.116666793823242,0.3866666555404663
2024,4,35.03429608066134,-108.98361026938035,4.076666831970215,15.466666221618652,0.4833333194255829
2024,4,35.03429608066134,-106.97138403295263,4.086666584014893,14.40666675567627,0.1366666704416275
2024,4,35.03429608066134,-105.03102301925446,4.836666584014893,15.733333587646484,0.020000001415610313
2024,4,35.03429608066134,-103.01879678282673,5.566666603088379,16.656665802001953,0.8866666555404663
2024,4,35.03429608066134,-101.006570546399,5.486666679382324,20.456666946411133,2.2666666507720947
2024,4,35.03429608066134,-98.99434430997127,5.186666488647461,31.536666870117188,2.9800000190734863
2024,4,35.03429608066134,-96.98211807354355,6.366666793823242,39.380001068115234,5.113333225250244
2024,4,35.03429608066134,-94.96989183711581,5.083333492279053,45.11000061035156,5.409999847412109
2024,4,35.03429608066134,-93.02953082341764,4.570000171661377,46.3466682434082,3.4600000381469727
2024,4,35.03429608066134,-91.01730458698992,4.953333377838135,47.15999984741211,4.186666488647461
2024,4,35.03429608066134,-89.0050783505622,5.246666431427002,45.356666564941406,3.5399999618530273
2024,4,35.03429608066134,-86.99285211413446,5.210000038146973,46.62666702270508,4.119999885559082
2024,4,35.03429608066134,-84.98062587770674,5.263333320617676,44.82666778564453,2.370000123977661
2024,4,35.03429608066134,-82.968399641279,6.03000020980835,41.39666748046875,3.806666612625122
2024,4,35.03429608066134,-81.02803862758084,4.003333568572998,39.18333435058594,1.8566666841506958
2024,4,35.03429608066134,-79.01581239115312,4.803333282470703,35.04666519165039,1.4166666269302368
2024,4,35.03429608066134,-77.00358615472538,3.2799999713897705,39.220001220703125,1.9066667556762695
2024,4,36.97465709435951,-120.98510246521717,3.1466667652130127,37.95000076293945,0.8899999856948853
2024,4,36.97465709435951,-118.97287622878943,2.553333282470703,36.41666793823242,2.866666793823242
2024,4,36.97465709435951,-117.03251521509127,3.4233334064483643,21.296667098999023,0.12333333492279053
2024,4,36.97465709435951,-115.02028897866354,3.359999895095825,13.029999732971191,0.2266666740179062
2024,4,36.97465709435951,-113.00806274223581,3.68666672706604,15.90666675567627,0.21666666865348816
2024,4,36.97465709435951,-110.99583650580809,4.193333148956299,11.9399995803833,0.3033333420753479
2024,4,36.97465709435951,-108.98361026938035,2.883333206176758,14.730000495910645,0.07000000029802322
2024,4,36.97465709435951,-106.97138403295263,3.736666679382324,21.356666564941406,0.7233333587646484
2024,4,36.97465709435951,-105.03102301925446,4.506666660308838,22.81333351135254,1.0366666316986084
2024,4,36.97465709435951,-103.01879678282673,5.039999961853027,15.176666259765625,0.3733333349227905
2024,4,36.97465709435951,-101.006570546399,4.853333473205566,15.6899995803833,0.15333333611488342
2024,4,36.97465709435951,-98.99434430997127,5.293333530426025,22.626667022705078,0.5
2024,4,36.97465709435951,-96.98211807354355,5.639999866485596,33.790000915527344,5.923333168029785
2024,4,36.97465709435951,-94.96989183711581,5.6566667556762695,39.68000030517578,6.5333333015441895
2024,4,36.97465709435951,-93.02953082341764,5.893333435058594,37.496665954589844,5.836666584014893
2024,4,36.97465709435951,-91.01730458698992,5.130000114440918,36.42333221435547,3.996666669845581
2024,4,36.97465709435951,-89.0050783505622,4.686666488647461,41.349998474121094,2.7166666984558105
2024,4,36.97465709435951,-86.99285211413446,4.796666622161865,45.22666549682617,3.6399998664855957
2024,4,36.97465709435951,-84.98062587770674,4.453333377838135,44.900001525878906,3.7333333492279053
2024,4,36.97465709435951,-82.968399641279,5.176666736602783,38.8466682434082,2.8899998664855957
2024,4,36.97465709435951,-81.02803862758084,4.576666831970215,39.14666748046875,2.263333320617676
2024,4,36.97465709435951,-79.01581239115312,4.610000133514404,38.47999954223633,1.3766666650772095
2024,4,36.97465709435951,-77.00358615472538,4.556666851043701,39.91999816894531,1.1800000667572021
2024,4,38.986883330787236,-122.99732870164489,5.946666717529297,43.849998474121094,1.0533332824707031
2024,4,38.986883330787236,-120.98510246521717,2.549999952316284,46.973331451416016,1.5399999618530273
2024,4,38.986883330787236,-118.97287622878943,3.4000000953674316,24.236665725708008,0.24666665494441986
2024,4,38.986883330787236,-117.03251521509127,4.099999904632568,23.829999923706055,0.3033333420753479
2024,4,38.986883330787236,-115.02028897866354,4.5233330726623535,24.626667022705078,0.46000000834465027
2024,4,38.986883330787236,-113.00806274223581,2.6566667556762695,21.226667404174805,0.5133333206176758
2024,4,38.986883330787236,-110.99583650580809,3.693333387374878,23.02666664123535,0.4633333384990692
2024,4,38.986883330787236,-108.98361026938035,3.1066665649414062,20.85333251953125,0.47999998927116394
2024,4,38.986883330787236,-106.97138403295263,4.536666393280029,30.586666107177734,1.9266667366027832
2024,4,38.986883330787236,-105.03102301925446,4.586666584014893,30.450000762939453,1.0800000429153442
2024,4,38.986883330787236,-103.01879678282673,4.393333435058594,19.25,0.8300000429153442
2024,4,38.986883330787236,-101.006570546399,4.933333396911621,20.566665649414062,0.949999988079071
2024,4,38.986883330787236,-98.99434430997127,5.453333377838135,26.889999389648438,0.5066666603088379
2024,4,38.986883330787236,-96.98211807354355,5.0,29.94333267211914,2.253333330154419
2024,4,38.986883330787236,-94.96989183711581,5.256666660308838,37.18000030517578,5.0
2024,4,38.986883330787236,-93.02953082341764,5.066666603088379,37.599998474121094,7.043333530426025
2024,4,38.986883330787236,-91.01730458698992,5.586666584014893,39.87666702270508,4.603333473205566
2024,4,38.986883330787236,-89.0050783505622,5.630000114440918,45.35333251953125,5.37666654586792
2024,4,38.986883330787236,-86.99285211413446,5.119999885559082,45.17333221435547,5.736666679382324
2024,4,38.986883330787236,-84.98062587770674,4.239999771118164,44.45333480834961,5.139999866485596
2024,4,38.986883330787236,-82.968399641279,4.630000114440918,39.89666748046875,4.440000057220459
2024,4,38.986883330787236,-81.02803862758084,4.293333530426025,39.44333267211914,4.360000133514404
2024,4,38.986883330787236,-79.01581239115312,4.690000057220459,42.38666534423828,2.950000047683716
2024,4,38.986883330787236,-77.00358615472538,4.246666431427002,43.599998474121094,2.0366666316986084
2024,4,38.986883330787236,-74.99135991829766,4.460000038146973,50.02333450317383,2.5399999618530273
2024,4,40.999109567214965,-122.99732870164489,2.9733333587646484,40.709999084472656,0.7799999713897705
2024,4,40.999109567214965,-120.98510246521717,3.6500000953674316,37.61000061035156,1.840000033378601
2024,4,40.999109567214965,-118.97287622878943,3.636666774749756,28.213333129882812,0.7566666603088379
2024,4,40.999109567214965,-117.03251521509127,3.7899999618530273,30.96666717529297,0.7333333492279053
2024,4,40.999109567214965,-115.02028897866354,3.7033333778381348,31.413333892822266,0.7099999785423279
2024,4,40.999109567214965,-113.00806274223581,2.553333282470703,32.95000076293945,1.75
2024,4,40.999109567214965,-110.99583650580809,4.610000133514404,31.656665802001953,0.9233333468437195
2024,4,40.999109567214965,-108.98361026938035,4.420000076293945,27.31999969482422,0.7666666507720947
2024,4,40.999109567214965,-106.97138403295263,5.023333549499512,30.68000030517578,2.879999876022339
2024,4,40.999109567214965,-105.03102301925446,4.836666584014893,27.263334274291992,0.9466666579246521
2024,4,40.999109567214965,-103.01879678282673,4.759999752044678,26.913333892822266,3.0766665935516357
2024,4,40.999109567214965,-101.006570546399,4.840000152587891,29.426666259765625,2.3299999237060547
2024,4,40.999109567214965,-98.99434430997127,5.393333435058594,30.030000686645508,4.643333435058594
2024,4,40.999109567214965,-96.98211807354355,5.710000038146973,29.94333267211914,1.9399999380111694
2024,4,40.999109567214965,-94.96989183711581,6.103333473205566,33.07666778564453,2.6600000858306885
2024,4,40.999109567214965,-93.02953082341764,5.816666603088379,36.83000183105469,4.116666793823242
2024,4,40.999109567214965,-91.01730458698992,5.396666526794434,42.62333297729492,6.46999979019165
2024,4,40.999109567214965,-89.0050783505622,5.389999866485596,42.560001373291016,5.659999847412109
2024,4,40.999109567214965,-86.99285211413446,5.043333530426025,46.040000915527344,5.62333345413208
2024,4,40.999109567214965,-84.98062587770674,4.733333587646484,45.59666442871094,5.880000114440918
2024,4,40.999109567214965,-82.968399641279,4.946666717529297,44.14666748046875,4.953333377838135
2024,4,40.999109567214965,-81.02803862758084,4.7166666984558105,44.119998931884766,5.179999828338623
2024,4,40.999109567214965,-79.01581239115312,4.730000019073486,43.71666717529297,8.233333587646484
2024,4,40.999109567214965,-77.00358615472538,4.733333587646484,43.99333190917969,4.9666666984558105
2024,4,40.999109567214965,-74.99135991829766,4.503333568572998,41.13333511352539,3.81333327293396
2024,4,40.999109567214965,-72.97913368186992,5.0366668701171875,44.1966667175293,3.37666654586792
2024,4,43.011335803642694,-122.99732870164489,3.4733333587646484,47.823333740234375,2.503333330154419
2024,4,43.011335803642694,-120.98510246521717,3.866666555404663,33.5433349609375,1.1633332967758179
2024,4,43.011335803642694,-118.97287622878943,3.306666612625122,36.39666748046875,0.8333333134651184
2024,4,43.011335803642694,-117.03251521509127,4.413333415985107,37.93333435058594,1.3733333349227905
2024,4,43.011335803642694,-115.02028897866354,3.700000047683716,29.766666412353516,0.6733333468437195
2024,4,43.011335803642694,-113.00806274223581,3.9000000953674316,31.376667022705078,0.503333330154419
2024,4,43.011335803642694,-110.99583650580809,4.166666507720947,34.15999984741211,0.7099999785423279
2024,4,43.011335803642694,-108.98361026938035,2.9666666984558105,28.376667022705078,1.5133333206176758
2024,4,43.011335803642694,-106.97138403295263,4.449999809265137,27.81333351135254,0.7633333206176758
2024,4,43.011335803642694,-105.03102301925446,4.333333492279053,29.016666412353516,0.949999988079071
2024,4,43.011335803642694,-103.01879678282673,3.6433334350585938,32.6533317565918,2.0433332920074463
2024,4,43.011335803642694,-101.006570546399,5.37666654586792,36.38666534423828,2.763333320617676
2024,4,43.011335803642694,-98.99434430997127,5.683333396911621,37.313331604003906,4.266666412353516
2024,4,43.011335803642694,-96.98211807354355,5.550000190734863,36.11000061035156,4.579999923706055
2024,4,43.011335803642694,-94.96989183711581,6.139999866485596,36.72999954223633,4.7833333015441895
2024,4,43.011335803642694,-93.02953082341764,6.506666660308838,40.22666549682617,4.013333320617676
2024,4,43.011335803642694,-91.01730458698992,5.2133331298828125,42.53333282470703,3.2200000286102295
2024,4,43.011335803642694,-89.0050783505622,5.506666660308838,44.913333892822266,4.3433332443237305
2024,4,43.011335803642694,-84.98062587770674,5.446666717529297,41.13666534423828,2.690000057220459
2024,4,43.011335803642694,-82.968399641279,5.176666736602783,44.84333419799805,3.1066668033599854
2024,4,43.011335803642694,-79.01581239115312,4.336666584014893,50.27000045776367,4.090000152587891
2024,4,43.011335803642694,-77.00358615472538,4.5,49.53333282470703,3.4833333492279053
2024,4,43.011335803642694,-74.99135991829766,4.426666736602783,44.813331604003906,3.7899999618530273
2024,4,43.011335803642694,-72.97913368186992,4.4033331871032715,43.380001068115234,5.243333339691162
2024,4,43.011335803642694,-70.9669074454422,4.526666641235352,40.30666732788086,3.62666654586792
2024,4,45.023562040070416,-122.99732870164489,3.3499999046325684,52.09000015258789,1.756666660308838
2024,4,45.023562040070416,-120.98510246521717,3.890000104904175,42.2400016784668,0.699999988079071
2024,4,45.023562040070416,-118.97287622878943,3.7300000190734863,38.5,1.1433333158493042
2024,4,45.023562040070416,-117.03251521509127,3.3366665840148926,34.883331298828125,2.369999885559082
2024,4,45.023562040070416,-115.02028897866354,3.753333330154419,32.34000015258789,2.680000066757202
2024,4,45.023562040070416,-113.00806274223581,3.366666555404663,31.696666717529297,0.7566666603088379
2024,4,45.023562040070416,-110.99583650580809,4.176666736602783,34.31999969482422,3.136666774749756
2024,4,45.023562040070416,-108.98361026938035,3.246666669845581,30.393333435058594,0.7199999690055847
2024,4,45.023562040070416,-106.97138403295263,4.973333358764648,29.950000762939453,1.2300000190734863
2024,4,45.023562040070416,-105.03102301925446,4.426666736602783,30.510000228881836,1.7999999523162842
2024,4,45.023562040070416,-103.01879678282673,5.306666851043701,34.0533332824707,1.7633333206176758
2024,4,45.023562040070416,-101.006570546399,5.473333358764648,38.176666259765625,2.2666666507720947
2024,4,45.023562040070416,-98.99434430997127,4.553333282470703,37.62666702270508,2.936666488647461
2024,4,45.023562040070416,-96.98211807354355,6.409999847412109,45.41666793823242,4.8433332443237305
2024,4,45.023562040070416,-94.96989183711581,5.893333435058594,45.02333450317383,4.813333511352539
2024,4,45.023562040070416,-93.02953082341764,5.4066667556762695,40.936668395996094,3.3566665649414062
2024,4,45.023562040070416,-91.01730458698992,5.316666603088379,40.0533332824707,2.7966666221618652
2024,4,45.023562040070416,-89.0050783505622,6.416666507720947,43.36666488647461,4.083333492279053
2024,4,45.023562040070416,-84.98062587770674,6.25,40.29999923706055,3.5333333015441895
2024,4,45.023562040070416,-74.99135991829766,4.316666603088379,44.35333251953125,3.503333330154419
2024,4,45.023562040070416,-72.97913368186992,4.676666736602783,42.18333435058594,3.490000009536743
2024,4,45.023562040070416,-70.9669074454422,6.12333345413208,41.470001220703125,2.736666679382324
2024,4,47.035788276498145,-122.99732870164489,3.696666717529297,50.33333206176758,2.7266666889190674
2024,4,47.035788276498145,-120.98510246521717,3.9166667461395264,45.65999984741211,1.809999942779541
2024,4,47.035788276498145,-118.97287622878943,3.1600000858306885,31.52666664123535,0.27000001072883606
2024,4,47.035788276498145,-117.03251521509127,3.926666736602783,42.893333435058594,1.34333336353302
2024,4,47.035788276498145,-115.02028897866354,3.573333263397217,44.61666488647461,4.239999771118164
2024,4,47.035788276498145,-113.00806274223581,4.269999980926514,33.63999938964844,1.0633333921432495
2024,4,47.035788276498145,-110.99583650580809,6.5366668701171875,37.17333221435547,1.816666603088379
2024,4,47.035788276498145,-108.98361026938035,4.87333345413208,32.14666748046875,0.9666666984558105
2024,4,47.035788276498145,-106.97138403295263,5.28000020980835,28.56999969482422,1.1333333253860474
2024,4,47.035788276498145,-105.03102301925446,4.573333263397217,28.49333381652832,0.1599999964237213
2024,4,47.035788276498145,-103.01879678282673,5.49666690826416,35.15999984741211,1.3366667032241821
2024,4,47.035788276498145,-101.006570546399,5.369999885559082,41.540000915527344,2.8566665649414062
2024,4,47.035788276498145,-98.99434430997127,5.929999828338623,43.5533332824707,2.4833333492279053
2024,4,47.035788276498145,-96.98211807354355,4.696666717529297,39.2599983215332,2.879999876022339
2024,4,47.035788276498145,-94.96989183711581,5.893333435058594,40.12333297729492,2.623333215713501
2024,4,47.035788276498145,-93.02953082341764,5.443333148956299,40.03666687011719,2.8333332538604736
2024,4,47.035788276498145,-89.0050783505622,5.706666469573975,40.36000061035156,2.6500000953674316
2024,4,48.97614929019631,-122.99732870164489,1.8333333730697632,52.47999954223633,2.37666654586792
2024,4,48.97614929019631,-120.98510246521717,4.4033331871032715,45.709999084472656,1.2366666793823242
2024,4,48.97614929019631,-118.97287622878943,2.7333333492279053,42.18000030517578,0.7433333396911621
2024,4,48.97614929019631,-117.03251521509127,4.039999961853027,41.64666748046875,2.640000104904175
2024,4,48.97614929019631,-115.02028897866354,4.539999961853027,30.51333236694336,1.316666603088379
2024,4,48.97614929019631,-113.00806274223581,4.710000038146973,35.67000198364258,1.850000023841858
2024,4,48.97614929019631,-110.99583650580809,5.476666450500488,37.983333587646484,0.8400000333786011
2024,4,48.97614929019631,-108.98361026938035,4.9066667556762695,33.209999084472656,0.9399999976158142
2024,4,48.97614929019631,-106.97138403295263,4.940000057220459,33.380001068115234,0.7899999618530273
2024,4,48.97614929019631,-105.03102301925446,5.063333511352539,31.030000686645508,0.3933333456516266
2024,4,48.97614929019631,-103.01879678282673,5.28000020980835,35.95333480834961,1.0500000715255737
2024,4,48.97614929019631,-101.006570546399,4.706666469573975,39.733333587646484,1.5233333110809326
2024,4,48.97614929019631,-98.99434430997127,4.849999904632568,40.529998779296875,2.7766666412353516
2024,4,48.97614929019631,-96.98211807354355,4.320000171661377,40.5966682434082,1.7200000286102295
2024,4,48.97614929019631,-94.96989183711581,3.4666666984558105,43.31666564941406,1.403333306312561
2024,5,26.985391134950426,-98.99434430997127,4.9645161628723145,32.348388671875,1.3870967626571655
2024,5,26.985391134950426,-81.02803862758084,3.1258063316345215,42.17741775512695,1.6516128778457642
2024,5,28.997617371378155,-98.99434430997127,4.570967674255371,37.56774139404297,2.0806450843811035
2024,5,28.997617371378155,-96.98211807354355,5.261290550231934,52.74516296386719,1.9838709831237793
2024,5,28.997617371378155,-81.02803862758084,3.1709678173065186,44.79999923706055,1.9967741966247559
2024,5,31.009843607805884,-105.03102301925446,4.325806617736816,5.674193382263184,0.0
2024,5,31.009843607805884,-103.01879678282673,4.1709675788879395,9.690322875976562,1.0870968103408813
2024,5,31.009843607805884,-101.006570546399,4.916129112243652,23.29677391052246,1.8451613187789917
2024,5,31.009843607805884,-98.99434430997127,4.809677600860596,46.64838790893555,9.209677696228027
2024,5,31.009843607805884,-96.98211807354355,4.164515972137451,54.42258071899414,8.290322303771973
2024,5,31.009843607805884,-94.96989183711581,3.7322580814361572,59.129032135009766,14.693548202514648
2024,5,31.009843607805884,-93.02953082341764,4.348387241363525,56.16774368286133,9.81290340423584
2024,5,31.009843607805884,-91.01730458698992,4.151612758636475,51.5,4.687097072601318
2024,5,31.009843607805884,-89.0050783505622,3.587096691131592,48.23225784301758,4.848387241363525
2024,5,31.009843607805884,-86.99285211413446,3.361290216445923,49.16773986816406,7.451612949371338
2024,5,31.009843607805884,-84.98062587770674,3.0838708877563477,50.641937255859375,6.474193572998047
2024,5,31.009843607805884,-82.968399641279,3.1903226375579834,46.01290512084961,8.748387336730957
2024,5,33.02206984423361,-117.03251521509127,2.5838708877563477,49.56774139404297,0.10000000149011612
2024,5,33.02206984423361,-115.02028897866354,2.890322685241699,10.5,0.0
2024,5,33.02206984423361,-113.00806274223581,3.1967742443084717,11.87419319152832,0.0
2024,5,33.02206984423361,-110.99583650580809,3.200000047683716,10.83548355102539,0.0
2024,5,33.02206984423361,-108.98361026938035,4.606451511383057,9.07741928100586,0.0
2024,5,33.02206984423361,-106.97138403295263,4.206451416015625,6.774193286895752,0.019354838877916336
2024,5,33.02206984423361,-105.03102301925446,3.935483932495117,7.716128826141357,0.17096774280071259
2024,5,33.02206984423361,-103.01879678282673,4.72580623626709,13.16451644897461,2.2903225421905518
2024,5,33.02206984423361,-101.006570546399,4.948387145996094,27.006450653076172,3.722580671310425
2024,5,33.02206984423361,-98.99434430997127,4.309677600860596,43.59677505493164,5.13225793838501
2024,5,33.02206984423361,-96.98211807354355,4.135483741760254,52.377418518066406,8.87419319152832
2024,5,33.02206984423361,-94.96989183711581,4.074193477630615,61.467742919921875,5.022580623626709
2024,5,33.02206984423361,-93.02953082341764,3.364516019821167,59.24838638305664,4.577419281005859
2024,5,33.02206984423361,-91.01730458698992,3.564516067504883,53.51290512084961,5.841935634613037
2024,5,33.02206984423361,-89.0050783505622,3.3774194717407227,51.19355010986328,2.816128969192505
2024,5,33.02206984423361,-86.99285211413446,3.1870968341827393,50.54838562011719,2.454838752746582
2024,5,33.02206984423361,-84.98062587770674,3.3935482501983643,52.719356536865234,4.0354838371276855
2024,5,33.02206984423361,-82.968399641279,3.3516128063201904,51.29999923706055,3.4419355392456055
2024,5,33.02206984423361,-81.02803862758084,3.638709783554077,47.35161209106445,3.0999999046325684
2024,5,35.03429608066134,-118.97287622878943,4.151612758636475,20.79677391052246,0.04516128823161125
2024,5,35.03429608066134,-117.03251521509127,3.454838752746582,14.654838562011719,0.0
2024,5,35.03429608066134,-115.02028897866354,3.706451654434204,12.535484313964844,0.0
2024,5,35.03429608066134,-113.00806274223581,3.635483980178833,10.393548011779785,0.029032258316874504
2024,5,35.03429608066134,-110.99583650580809,4.358064651489258,13.406451225280762,0.025806451216340065
2024,5,35.03429608066134,-108.98361026938035,4.261290550231934,12.58709716796875,0.0903225764632225
2024,5,35.03429608066134,-106.97138403295263,3.8548388481140137,10.870967864990234,0.2709677517414093
2024,5,35.03429608066134,-105.03102301925446,4.377419471740723,13.693548202514648,2.1967742443084717
2024,5,35.03429608066134,-103.01879678282673,4.96129035949707,14.54838752746582,2.3935484886169434
2024,5,35.03429608066134,-101.006570546399,5.016129016876221,27.919355392456055,2.5612902641296387
2024,5,35.03429608066134,-98.99434430997127,4.477419376373291,40.045162200927734,3.3967742919921875
2024,5,35.03429608066134,-96.98211807354355,4.645161151885986,50.306453704833984,2.951612949371338
2024,5,35.03429608066134,-94.96989183711581,3.429032325744629,53.532257080078125,2.7612903118133545
2024,5,35.03429608066134,-93.02953082341764,3.248387098312378,53.73225784301758,4.651612758636475
2024,5,35.03429608066134,-91.01730458698992,3.545161247253418,52.945159912109375,6.729032039642334
2024,5,35.03429608066134,-89.0050783505622,3.745161294937134,55.08386993408203,7.074193477630615
2024,5,35.03429608066134,-86.99285211413446,3.683871030807495,53.57419204711914,4.958064556121826
2024,5,35.03429608066134,-84.98062587770674,3.6677420139312744,51.848388671875,5.151612758636475
2024,5,35.03429608066134,-82.968399641279,4.345161437988281,53.209678649902344,6.790322780609131
2024,5,35.03429608066134,-81.02803862758084,2.9387097358703613,47.83548355102539,4.654838562011719
2024,5,35.03429608066134,-79.01581239115312,3.4612903594970703,44.20000076293945,3.154838800430298
2024,5,35.03429608066134,-77.00358615472538,2.5354838371276855,48.458065032958984,3.3064515590667725
2024,5,36.97465709435951,-120.98510246521717,3.6677420139312744,28.641935348510742,0.2129032164812088
2024,5,36.97465709435951,-118.97287622878943,2.5322580337524414,32.26774215698242,1.1354838609695435
2024,5,36.97465709435951,-117.03251521509127,3.135483980178833,14.83548355102539,0.016129031777381897
2024,5,36.97465709435951,-115.02028897866354,3.2903225421905518,9.032258033752441,0.0
2024,5,36.97465709435951,-113.00806274223581,3.6516127586364746,10.954838752746582,0.07741935551166534
2024,5,36.97465709435951,-110.99583650580809,4.277419567108154,10.18709659576416,0.06129032373428345
2024,5,36.97465709435951,-108.98361026938035,3.096774101257324,12.483871459960938,0.0903225764632225
2024,5,36.97465709435951,-106.97138403295263,4.245161056518555,19.390323638916016,0.6516128778457642
2024,5,36.97465709435951,-105.03102301925446,4.645161151885986,25.641935348510742,1.8322579860687256
2024,5,36.97465709435951,-103.01879678282673,4.893548488616943,17.690322875976562,0.9161290526390076
2024,5,36.97465709435951,-101.006570546399,4.645161151885986,21.43225860595703,1.4032257795333862
2024,5,36.97465709435951,-98.99434430997127,4.5354838371276855,33.4387092590332,4.332258224487305
2024,5,36.97465709435951,-96.98211807354355,4.174193382263184,46.2354850769043,4.290322780609131
2024,5,36.97465709435951,-94.96989183711581,3.725806474685669,51.31935501098633,5.470967769622803
2024,5,36.97465709435951,-93.02953082341764,3.954838752746582,50.554840087890625,5.696774482727051
2024,5,36.97465709435951,-91.01730458698992,3.387096881866455,51.054840087890625,7.1258063316345215
2024,5,36.97465709435951,-89.0050783505622,3.2096774578094482,52.57096862792969,7.900000095367432
2024,5,36.97465709435951,-86.99285211413446,3.3741936683654785,55.90322494506836,10.322580337524414
2024,5,36.97465709435951,-84.98062587770674,3.1645162105560303,56.09677505493164,7.96129035949707
2024,5,36.97465709435951,-82.968399641279,3.6064515113830566,50.76129150390625,5.44516134262085
2024,5,36.97465709435951,-81.02803862758084,3.1709678173065186,47.987098693847656,5.654838562011719
2024,5,36.97465709435951,-79.01581239115312,3.1225805282592773,48.59354782104492,3.6290321350097656
2024,5,36.97465709435951,-77.00358615472538,3.1935484409332275,48.85161209106445,4.196774005889893
2024,5,38.986883330787236,-122.99732870164489,6.674193382263184,38.97419357299805,1.0741934776306152
2024,5,38.986883330787236,-120.98510246521717,3.3483870029449463,37.780643463134766,1.4451613426208496
2024,5,38.986883330787236,-118.97287622878943,3.677419424057007,20.235483169555664,0.12580645084381104
2024,5,38.986883330787236,-117.03251521509127,3.951612949371338,18.177419662475586,0.09999999403953552
2024,5,38.986883330787236,-115.02028897866354,4.358064651489258,19.13548469543457,0.1645161211490631
2024,5,38.986883330787236,-113.00806274223581,3.0290322303771973,16.122581481933594,0.3870967626571655
2024,5,38.986883330787236,-110.99583650580809,3.9483871459960938,21.496774673461914,0.2387096881866455
2024,5,38.986883330787236,-108.98361026938035,3.229032278060913,16.95161247253418,0.9677419662475586
2024,5,38.986883330787236,-106.97138403295263,4.900000095367432,35.75806427001953,3.40645170211792
2024,5,38.986883330787236,-105.03102301925446,4.838709831237793,29.006450653076172,1.419354796409607
2024,5,38.986883330787236,-103.01879678282673,4.387096881866455,19.700000762939453,2.3580644130706787
2024,5,38.986883330787236,-101.006570546399,4.751613140106201,24.380645751953125,2.1709678173065186
2024,5,38.986883330787236,-98.99434430997127,4.777419567108154,34.51612854003906,2.5064516067504883
2024,5,38.986883330787236,-96.98211807354355,4.212903022766113,43.370967864990234,4.564516067504883
2024,5,38.986883330787236,-94.96989183711581,4.061290264129639,48.52580642700195,2.661290407180786
2024,5,38.986883330787236,-93.02953082341764,3.6451611518859863,48.29999923706055,3.3709676265716553
2024,5,38.986883330787236,-91.01730458698992,3.9645161628723145,48.622581481933594,4.099999904632568
2024,5,38.986883330787236,-89.0050783505622,4.13225793838501,48.2354850769043,3.683871030807495
2024,5,38.986883330787236,-86.99285211413446,3.6741936206817627,47.83225631713867,4.696774005889893
2024,5,38.986883330787236,-84.98062587770674,2.890322685241699,51.099998474121094,4.699999809265137
2024,5,38.986883330787236,-82.968399641279,3.138709545135498,48.90322494506836,5.438709735870361
2024,5,38.986883330787236,-81.02803862758084,2.90645170211792,48.43548583984375,3.361290216445923
2024,5,38.986883330787236,-79.01581239115312,3.3516128063201904,51.00967788696289,3.9838709831237793
2024,5,38.986883330787236,-77.00358615472538,3.2193548679351807,52.703224182128906,3.3935482501983643
2024,5,38.986883330787236,-74.99135991829766,3.770967721939087,60.14838790893555,1.6451612710952759
2024,5,40.999109567214965,-122.99732870164489,3.387096881866455,38.14516067504883,0.7193548083305359
2024,5,40.999109567214965,-120.98510246521717,4.003225803375244,35.72903060913086,0.7870967984199524
2024,5,40.999109567214965,-118.97287622878943,3.9258065223693848,19.91290283203125,0.16774193942546844
2024,5,40.999109567214965,-117.03251521509127,3.9935483932495117,24.0451602935791,0.34193548560142517
2024,5,40.999109567214965,-115.02028897866354,3.880645275115967,28.51935577392578,0.36451613903045654
2024,5,40.999109567214965,-113.00806274223581,2.774193525314331,27.79032325744629,0.18387097120285034
2024,5,40.999109567214965,-110.99583650580809,5.3516130447387695,35.63548278808594,1.6354838609695435
2024,5,40.999109567214965,-108.98361026938035,4.806451797485352,29.051612854003906,1.5419354438781738
2024,5,40.999109567214965,-106.97138403295263,5.667741775512695,30.777420043945312,2.8322579860687256
2024,5,40.999109567214965,-105.03102301925446,4.664515972137451,21.016128540039062,0.36451613903045654
2024,5,40.999109567214965,-103.01879678282673,4.770967960357666,24.958065032958984,1.329032301902771
2024,5,40.999109567214965,-101.006570546399,4.667741775512695,31.69354820251465,3.503225803375244
2024,5,40.999109567214965,-98.99434430997127,4.53870964050293,35.00645065307617,5.590322494506836
2024,5,40.999109567214965,-96.98211807354355,4.59354829788208,38.50322723388672,4.803225994110107
2024,5,40.999109567214965,-94.96989183711581,4.745161056518555,43.12580871582031,6.31290340423584
2024,5,40.999109567214965,-93.02953082341764,4.251612663269043,44.948387145996094,6.190322399139404
2024,5,40.999109567214965,-91.01730458698992,4.0806450843811035,43.92580795288086,3.706451654434204
2024,5,40.999109567214965,-89.0050783505622,4.270967960357666,40.435482025146484,2.6677420139312744
2024,5,40.999109567214965,-86.99285211413446,4.0806450843811035,45.59032440185547,2.8354837894439697
2024,5,40.999109567214965,-84.98062587770674,3.609677314758301,44.138710021972656,3.883870840072632
2024,5,40.999109567214965,-82.968399641279,3.6903226375579834,44.45161437988281,3.5129032135009766
2024,5,40.999109567214965,-81.02803862758084,3.632258176803589,46.02903366088867,4.254838943481445
2024,5,40.999109567214965,-79.01581239115312,3.525806427001953,44.49032211303711,3.8451614379882812
2024,5,40.999109567214965,-77.00358615472538,3.619354724884033,50.2129020690918,4.96129035949707
2024,5,40.999109567214965,-74.99135991829766,3.480645179748535,48.24193572998047,3.251612901687622
2024,5,40.999109567214965,-72.97913368186992,3.6903226375579834,53.10322570800781,4.203225612640381
2024,5,43.011335803642694,-122.99732870164489,3.912903308868408,48.370967864990234,2.7354838848114014
2024,5,43.011335803642694,-120.98510246521717,3.9645161628723145,29.603225708007812,0.5870968103408813
2024,5,43.011335803642694,-118.97287622878943,3.5580644607543945,35.803226470947266,0.9322580695152283
2024,5,43.011335803642694,-117.03251521509127,4.716128826141357,35.32258224487305,0.8645161390304565
2024,5,43.011335803642694,-115.02028897866354,3.935483932495117,29.474193572998047,0.2935484051704407
2024,5,43.011335803642694,-113.00806274223581,4.393548488616943,34.132259368896484,0.7870967984199524
2024,5,43.011335803642694,-110.99583650580809,5.119354724884033,34.67741775512695,0.9709677696228027
2024,5,43.011335803642694,-108.98361026938035,3.1709678173065186,29.58386993408203,1.522580623626709
2024,5,43.011335803642694,-106.97138403295263,4.712903022766113,25.79032325744629,2.048387050628662
2024,5,43.011335803642694,-105.03102301925446,4.283871173858643,29.629032135009766,2.2677419185638428
2024,5,43.011335803642694,-103.01879678282673,3.8290321826934814,31.38387107849121,1.4741935729980469
2024,5,43.011335803642694,-101.006570546399,5.077419281005859,32.66451644897461,1.829032301902771
2024,5,43.011335803642694,-98.99434430997127,4.848387241363525,36.66451644897461,1.770967721939087
2024,5,43.011335803642694,-96.98211807354355,4.3516130447387695,37.274192810058594,4.967741966247559
2024,5,43.011335803642694,-94.96989183711581,4.654838562011719,39.099998474121094,7.96129035949707
2024,5,43.011335803642694,-93.02953082341764,4.77419376373291,42.82258224487305,7.190322399139404
2024,5,43.011335803642694,-91.01730458698992,3.845161199569702,45.69032287597656,6.59354829788208
2024,5,43.011335803642694,-89.0050783505622,4.3967742919921875,45.27096939086914,4.564516067504883
2024,5,43.011335803642694,-84.98062587770674,4.119354724884033,44.63548278808594,1.8903225660324097
2024,5,43.011335803642694,-82.968399641279,4.009677410125732,47.16128921508789,3.200000047683716
2024,5,43.011335803642694,-79.01581239115312,3.2903225421905518,51.81935501098633,2.112903356552124
2024,5,43.011335803642694,-77.00358615472538,3.338709592819214,49.703224182128906,1.7129032611846924
2024,5,43.011335803642694,-74.99135991829766,3.3483870029449463,47.97096633911133,2.225806474685669
2024,5,43.011335803642694,-72.97913368186992,3.3516128063201904,48.63548278808594,3.2322580814361572
2024,5,43.011335803642694,-70.9669074454422,3.1677420139312744,48.85161209106445,2.1645162105560303
2024,5,45.023562040070416,-122.99732870164489,3.0387096405029297,50.78064727783203,2.2870967388153076
2024,5,45.023562040070416,-120.98510246521717,3.793548345565796,39.790321350097656,1.1580644845962524
2024,5,45.023562040070416,-118.97287622878943,4.032258033752441,38.91935348510742,2.1516129970550537
2024,5,45.023562040070416,-117.03251521509127,3.8483870029449463,34.7645149230957,1.5322580337524414
2024,5,45.023562040070416,-115.02028897866354,4.283871173858643,31.86774253845215,2.2645161151885986
2024,5,45.023562040070416,-113.00806274223581,4.0354838371276855,31.299999237060547,0.9064516425132751
2024,5,45.023562040070416,-110.99583650580809,4.790322780609131,36.66451644897461,3.4387097358703613
2024,5,45.023562040070416,-108.98361026938035,3.138709783554077,32.13548278808594,2.700000047683716
2024,5,45.023562040070416,-106.97138403295263,4.7419352531433105,35.80644989013672,2.8322579860687256
2024,5,45.023562040070416,-105.03102301925446,4.154838562011719,34.09677505493164,3.2580645084381104
2024,5,45.023562040070416,-103.01879678282673,4.777419567108154,29.70322608947754,2.161290407180786
2024,5,45.023562040070416,-101.006570546399,4.854838848114014,35.051612854003906,1.0838710069656372
2024,5,45.023562040070416,-98.99434430997127,3.951612949371338,37.49677276611328,1.4032257795333862
2024,5,45.023562040070416,-96.98211807354355,5.280645370483398,44.541934967041016,4.012903213500977
2024,5,45.023562040070416,-94.96989183711581,4.86774206161499,40.022579193115234,3.293548345565796
2024,5,45.023562040070416,-93.02953082341764,4.264516353607178,42.42258071899414,4.3516130447387695
2024,5,45.023562040070416,-91.01730458698992,4.09354829788208,43.1129035949707,3.4645161628723145
2024,5,45.023562040070416,-89.0050783505622,4.861290454864502,47.33871078491211,4.2645158767700195
2024,5,45.023562040070416,-84.98062587770674,4.448387145996094,41.32903289794922,4.264516353607178
2024,5,45.023562040070416,-74.99135991829766,3.251612901687622,51.64838790893555,2.1870968341827393
2024,5,45.023562040070416,-72.97913368186992,3.5161290168762207,48.477420806884766,2.4935483932495117
2024,5,45.023562040070416,-70.9669074454422,4.122580528259277,51.861289978027344,3.496774196624756
2024,5,47.035788276498145,-122.99732870164489,3.9193549156188965,50.867740631103516,1.8451613187789917
2024,5,47.035788276498145,-120.98510246521717,4.996774196624756,47.60322570800781,1.4870967864990234
2024,5,47.035788276498145,-118.97287622878943,3.341935396194458,28.36774253845215,0.41612905263900757
2024,5,47.035788276498145,-117.03251521509127,4.364516258239746,41.34516143798828,1.4709677696228027
2024,5,47.035788276498145,-115.02028897866354,4.296774387359619,42.68387222290039,3.9838709831237793
2024,5,47.035788276498145,-113.00806274223581,5.216128826141357,35.92258071899414,1.6161290407180786
2024,5,47.035788276498145,-110.99583650580809,7.303225994110107,40.36451721191406,3.8709678649902344
2024,5,47.035788276498145,-108.98361026938035,4.9645161628723145,35.958065032958984,2.793548345565796
2024,5,47.035788276498145,-106.97138403295263,5.041935443878174,36.13548278808594,2.7129032611846924
2024,5,47.035788276498145,-105.03102301925446,4.4193549156188965,33.883872985839844,1.6419354677200317
2024,5,47.035788276498145,-103.01879678282673,4.78064489364624,34.05806350708008,2.090322494506836
2024,5,47.035788276498145,-101.006570546399,4.7354841232299805,36.59677505493164,2.183871030807495
2024,5,47.035788276498145,-98.99434430997127,5.270967960357666,39.24516296386719,3.0387096405029297
2024,5,47.035788276498145,-96.98211807354355,4.3741936683654785,37.74193572998047,5.6483869552612305
2024,5,47.035788276498145,-94.96989183711581,5.354838848114014,42.56451416015625,4.319355010986328
2024,5,47.035788276498145,-93.02953082341764,4.6032257080078125,42.33225631713867,3.0999999046325684
2024,5,47.035788276498145,-89.0050783505622,4.619354724884033,41.39354705810547,2.4451613426208496
2024,5,48.97614929019631,-122.99732870164489,1.896774172782898,56.541934967041016,2.2129032611846924
2024,5,48.97614929019631,-120.98510246521717,4.777419567108154,43.774192810058594,0.5064516067504883
2024,5,48.97614929019631,-118.97287622878943,2.8806450366973877,41.132259368896484,1.1419354677200317
2024,5,48.97614929019631,-117.03251521509127,4.44516134262085,41.445159912109375,2.6258063316345215
2024,5,48.97614929019631,-115.02028897866354,5.019354820251465,31.819355010986328,2.4419355392456055
2024,5,48.97614929019631,-113.00806274223581,5.032258033752441,38.129032135009766,2.503225803375244
2024,5,48.97614929019631,-110.99583650580809,5.5806450843811035,41.132259368896484,3.2645161151885986
2024,5,48.97614929019631,-108.98361026938035,4.777419567108154,40.25483703613281,2.6225805282592773
2024,5,48.97614929019631,-106.97138403295263,4.422580718994141,41.40322494506836,2.7161290645599365
2024,5,48.97614929019631,-105.03102301925446,4.306451797485352,39.62580490112305,1.548387050628662
2024,5,48.97614929019631,-103.01879678282673,4.3516130447387695,41.99677276611328,2.048387050628662
2024,5,48.97614929019631,-101.006570546399,4.122580528259277,41.274192810058594,3.206451654434204
2024,5,48.97614929019631,-98.99434430997127,4.548387050628662,43.52580642700195,4.954838752746582
2024,5,48.97614929019631,-96.98211807354355,4.316129207611084,44.051612854003906,3.8774192333221436
2024,5,48.97614929019631,-94.96989183711581,4.0354838371276855,42.848388671875,3.40645170211792
2024,6,26.985391134950426,-98.99434430997127,5.12333345413208,35.483333587646484,3.443333387374878
2024,6,26.985391134950426,-81.02803862758084,3.2166666984558105,53.25,11.386666297912598
2024,6,28.997617371378155,-98.99434430997127,4.766666412353516,38.5433349609375,2.759999990463257
2024,6,28.997617371378155,-96.98211807354355,5.139999866485596,48.9466667175293,5.400000095367432
2024,6,28.997617371378155,-81.02803862758084,3.3533332347869873,48.9566650390625,7.176666736602783
2024,6,31.009843607805884,-105.03102301925446,3.9666666984558105,15.083333015441895,0.746666669845581
2024,6,31.009843607805884,-103.01879678282673,4.706666469573975,21.110000610351562,0.4566666781902313
2024,6,31.009843607805884,-101.006570546399,5.316666603088379,31.010000228881836,0.8366666436195374
2024,6,31.009843607805884,-98.99434430997127,5.24666690826416,42.503334045410156,0.7433333396911621
2024,6,31.009843607805884,-96.98211807354355,4.203333377838135,47.91666793823242,3.5500001907348633
2024,6,31.009843607805884,-94.96989183711581,3.3566665649414062,52.46333312988281,1.9199999570846558
2024,6,31.009843607805884,-93.02953082341764,3.7100000381469727,49.970001220703125,2.3566665649414062
2024,6,31.009843607805884,-91.01730458698992,3.5233333110809326,48.63999938964844,3.609999895095825
2024,6,31.009843607805884,-89.0050783505622,3.236666679382324,46.41999816894531,6.25333309173584
2024,6,31.009843607805884,-86.99285211413446,3.4766666889190674,48.383331298828125,6.990000247955322
2024,6,31.009843607805884,-84.98062587770674,3.323333263397217,48.22999954223633,4.990000247955322
2024,6,31.009843607805884,-82.968399641279,3.5833332538604736,41.37666702270508,3.2333333492279053
2024,6,33.02206984423361,-117.03251521509127,2.7166666984558105,43.64666748046875,0.0
2024,6,33.02206984423361,-115.02028897866354,3.4033334255218506,15.333333015441895,0.0
2024,6,33.02206984423361,-113.00806274223581,3.316666603088379,14.196666717529297,0.0
2024,6,33.02206984423361,-110.99583650580809,3.263333320617676,15.460000038146973,0.6633333563804626
2024,6,33.02206984423361,-108.98361026938035,3.9833333492279053,13.510000228881836,1.0299999713897705
2024,6,33.02206984423361,-106.97138403295263,3.369999885559082,13.606666564941406,0.48000001907348633
2024,6,33.02206984423361,-105.03102301925446,3.7966666221618652,17.880001068115234,0.9633333086967468
2024,6,33.02206984423361,-103.01879678282673,5.00333309173584,22.293333053588867,0.30666667222976685
2024,6,33.02206984423361,-101.006570546399,4.880000114440918,31.49333381652832,1.306666612625122
2024,6,33.02206984423361,-98.99434430997127,4.586666584014893,38.086666107177734,1.5366666316986084
2024,6,33.02206984423361,-96.98211807354355,4.260000228881836,46.37333297729492,4.566666603088379
2024,6,33.02206984423361,-94.96989183711581,3.933333396911621,54.11666488647461,4.4033331871032715
2024,6,33.02206984423361,-93.02953082341764,2.93666672706604,54.356666564941406,3.993333339691162
2024,6,33.02206984423361,-91.01730458698992,3.113333225250244,52.073333740234375,2.2966666221618652
2024,6,33.02206984423361,-89.0050783505622,3.133333206176758,50.22666549682617,4.0966668128967285
2024,6,33.02206984423361,-86.99285211413446,3.25,47.310001373291016,3.363333225250244
2024,6,33.02206984423361,-84.98062587770674,3.5799999237060547,45.41666793823242,1.3033334016799927
2024,6,33.02206984423361,-82.968399641279,3.640000104904175,39.58333206176758,1.3033332824707031
2024,6,33.02206984423361,-81.02803862758084,4.079999923706055,41.7400016784668,4.883333206176758
2024,6,35.03429608066134,-118.97287622878943,4.12666654586792,15.119999885559082,0.0
2024,6,35.03429608066134,-117.03251521509127,3.4800000190734863,11.146666526794434,0.0
2024,6,35.03429608066134,-115.02028897866354,4.263333320617676,11.686666488647461,0.0
2024,6,35.03429608066134,-113.00806274223581,3.62333345413208,11.426666259765625,0.5799999833106995
2024,6,35.03429608066134,-110.99583650580809,3.75,15.199999809265137,1.1800000667572021
2024,6,35.03429608066134,-108.98361026938035,3.3333332538604736,16.233333587646484,1.1066666841506958
2024,6,35.03429608066134,-106.97138403295263,3.130000114440918,16.773332595825195,1.4733333587646484
2024,6,35.03429608066134,-105.03102301925446,3.7100000381469727,21.73666763305664,4.900000095367432
2024,6,35.03429608066134,-103.01879678282673,5.050000190734863,25.1733341217041,2.9566667079925537
2024,6,35.03429608066134,-101.006570546399,5.103333473205566,32.20000076293945,1.7933334112167358
2024,6,35.03429608066134,-98.99434430997127,4.883333206176758,35.18000030517578,0.6166666746139526
2024,6,35.03429608066134,-96.98211807354355,4.956666469573975,45.09333419799805,3.190000057220459
2024,6,35.03429608066134,-94.96989183711581,3.3899998664855957,49.686668395996094,3.359999895095825
2024,6,35.03429608066134,-93.02953082341764,2.886666774749756,50.45000076293945,3.3266665935516357
2024,6,35.03429608066134,-91.01730458698992,3.116666555404663,48.2066650390625,1.4900000095367432
2024,6,35.03429608066134,-89.0050783505622,3.2766666412353516,51.45000076293945,1.8766666650772095
2024,6,35.03429608066134,-86.99285211413446,3.443333387374878,49.0533332824707,1.8666666746139526
2024,6,35.03429608066134,-84.98062587770674,3.440000057220459,48.063331604003906,1.3033332824707031
2024,6,35.03429608066134,-82.968399641279,3.990000009536743,53.63999938964844,2.7666666507720947
2024,6,35.03429608066134,-81.02803862758084,2.9733333587646484,42.880001068115234,2.0233333110809326
2024,6,35.03429608066134,-79.01581239115312,3.6433331966400146,37.45333480834961,1.5133333206176758
2024,6,35.03429608066134,-77.00358615472538,3.126666784286499,45.003334045410156,1.0699999332427979
2024,6,36.97465709435951,-120.98510246521717,4.070000171661377,20.796667098999023,0.0
2024,6,36.97465709435951,-118.97287622878943,2.306666612625122,27.883333206176758,0.03666666895151138
2024,6,36.97465709435951,-117.03251521509127,3.31333327293396,10.976666450500488,0.0
2024,6,36.97465709435951,-115.02028897866354,3.2766666412353516,7.503333568572998,0.0
2024,6,36.97465709435951,-113.00806274223581,3.680000066757202,8.606666564941406,0.14666666090488434
2024,6,36.97465709435951,-110.99583650580809,3.880000114440918,11.09333324432373,0.7699999809265137
2024,6,36.97465709435951,-108.98361026938035,2.8933334350585938,16.116666793823242,1.2066667079925537
2024,6,36.97465709435951,-106.97138403295263,3.4833333492279053,20.389999389648438,3.5900001525878906
2024,6,36.97465709435951,-105.03102301925446,3.990000009536743,26.329999923706055,1.6733332872390747
2024,6,36.97465709435951,-103.01879678282673,5.326666831970215,22.513334274291992,1.8799999952316284
2024,6,36.97465709435951,-101.006570546399,5.083333492279053,29.69333267211914,6.2166666984558105
2024,6,36.97465709435951,-98.99434430997127,5.019999980926514,34.290000915527344,5.826666831970215
2024,6,36.97465709435951,-96.98211807354355,4.769999980926514,41.143333435058594,2.430000066757202
2024,6,36.97465709435951,-94.96989183711581,3.9766666889190674,49.84000015258789,2.886666774749756
2024,6,36.97465709435951,-93.02953082341764,3.8333332538604736,51.63999938964844,5.460000038146973
2024,6,36.97465709435951,-91.01730458698992,3.263333320617676,50.4566650390625,3.256666660308838
2024,6,36.97465709435951,-89.0050783505622,3.1533334255218506,52.18333435058594,5.490000247955322
2024,6,36.97465709435951,-86.99285211413446,3.31333327293396,53.54666519165039,4.763333320617676
2024,6,36.97465709435951,-84.98062587770674,3.116666555404663,53.10333251953125,2.7233333587646484
2024,6,36.97465709435951,-82.968399641279,3.4666666984558105,48.90999984741211,1.34333336353302
2024,6,36.97465709435951,-81.02803862758084,3.323333263397217,45.67333221435547,0.8833333253860474
2024,6,36.97465709435951,-79.01581239115312,3.3966667652130127,41.79999923706055,1.090000033378601
2024,6,36.97465709435951,-77.00358615472538,3.359999895095825,42.21666717529297,1.690000057220459
2024,6,38.986883330787236,-122.99732870164489,8.363333702087402,28.139999389648438,0.010000000707805157
2024,6,38.986883330787236,-120.98510246521717,2.746666669845581,26.696666717529297,0.0
2024,6,38.986883330787236,-118.97287622878943,3.0966668128967285,15.976666450500488,0.12666666507720947
2024,6,38.986883330787236,-117.03251521509127,3.073333263397217,12.686666488647461,0.1066666692495346
2024,6,38.986883330787236,-115.02028897866354,3.883333444595337,11.59333324432373,0.24000000953674316
2024,6,38.986883330787236,-113.00806274223581,2.9033334255218506,9.50666618347168,0.4033333361148834
2024,6,38.986883330787236,-110.99583650580809,3.5366666316986084,17.26333236694336,0.7099999785423279
2024,6,38.986883330787236,-108.98361026938035,3.0,13.75,0.7699999809265137
2024,6,38.986883330787236,-106.97138403295263,3.9800000190734863,34.62666702270508,2.059999942779541
2024,6,38.986883330787236,-105.03102301925446,3.940000057220459,23.91666603088379,0.8366666436195374
2024,6,38.986883330787236,-103.01879678282673,4.320000171661377,19.983333587646484,2.9033334255218506
2024,6,38.986883330787236,-101.006570546399,5.296666622161865,26.03999900817871,2.0166666507720947
2024,6,38.986883330787236,-98.99434430997127,5.860000133514404,33.53333282470703,3.2200000286102295
2024,6,38.986883330787236,-96.98211807354355,4.616666793823242,43.54999923706055,10.539999961853027
2024,6,38.986883330787236,-94.96989183711581,4.313333511352539,48.4033317565918,3.2799999713897705
2024,6,38.986883330787236,-93.02953082341764,3.7300000190734863,49.37666702270508,4.456666469573975
2024,6,38.986883330787236,-91.01730458698992,4.099999904632568,47.029998779296875,2.5433332920074463
2024,6,38.986883330787236,-89.0050783505622,4.233333110809326,46.983333587646484,1.0266666412353516
2024,6,38.986883330787236,-86.99285211413446,3.9600000381469727,47.5533332824707,1.8233333826065063
2024,6,38.986883330787236,-84.98062587770674,3.1733334064483643,48.84333419799805,1.2333333492279053
2024,6,38.986883330787236,-82.968399641279,3.4833333492279053,47.2066650390625,2.12666654586792
2024,6,38.986883330787236,-81.02803862758084,3.2666666507720947,48.633331298828125,1.7200000286102295
2024,6,38.986883330787236,-79.01581239115312,3.7266666889190674,46.380001068115234,2.390000104904175
2024,6,38.986883330787236,-77.00358615472538,3.56333327293396,42.663333892822266,0.9600000381469727
2024,6,38.986883330787236,-74.99135991829766,3.7166666984558105,53.369998931884766,2.066666603088379
2024,6,40.999109567214965,-122.99732870164489,3.1700000762939453,37.913333892822266,0.03999999910593033
2024,6,40.999109567214965,-120.98510246521717,3.4833333492279053,25.616666793823242,0.1899999976158142
2024,6,40.999109567214965,-118.97287622878943,3.6666667461395264,13.760000228881836,0.03666666895151138
2024,6,40.999109567214965,-117.03251521509127,3.626666784286499,16.50666618347168,0.14999999105930328
2024,6,40.999109567214965,-115.02028897866354,3.2666666507720947,23.059999465942383,0.3266666531562805
2024,6,40.999109567214965,-113.00806274223581,2.5833332538604736,16.363332748413086,0.04000000283122063
2024,6,40.999109567214965,-110.99583650580809,4.643333435058594,27.21666717529297,0.14000000059604645
2024,6,40.999109567214965,-108.98361026938035,4.336666584014893,19.809999465942383,1.0
2024,6,40.999109567214965,-106.97138403295263,5.12666654586792,24.786666870117188,1.0700000524520874
2024,6,40.999109567214965,-105.03102301925446,4.1566667556762695,17.456666946411133,1.2833333015441895
2024,6,40.999109567214965,-103.01879678282673,4.463333606719971,21.860000610351562,1.7100000381469727
2024,6,40.999109567214965,-101.006570546399,4.670000076293945,33.91666793823242,2.4600000381469727
2024,6,40.999109567214965,-98.99434430997127,4.866666793823242,40.709999084472656,3.7033333778381348
2024,6,40.999109567214965,-96.98211807354355,4.9066667556762695,43.65999984741211,4.3466668128967285
2024,6,40.999109567214965,-94.96989183711581,4.863333225250244,45.25,4.196666717529297
2024,6,40.999109567214965,-93.02953082341764,4.523333549499512,46.459999084472656,1.899999976158142
2024,6,40.999109567214965,-91.01730458698992,4.146666526794434,49.37333297729492,4.803333282470703
2024,6,40.999109567214965,-89.0050783505622,4.206666469573975,44.8033332824707,2.7666666507720947
2024,6,40.999109567214965,-86.99285211413446,4.130000114440918,47.5966682434082,3.0933332443237305
2024,6,40.999109567214965,-84.98062587770674,3.8466665744781494,44.393333435058594,3.109999895095825
2024,6,40.999109567214965,-82.968399641279,4.010000228881836,45.856666564941406,2.2899999618530273
2024,6,40.999109567214965,-81.02803862758084,3.9800000190734863,49.81999969482422,0.9166666865348816
2024,6,40.999109567214965,-79.01581239115312,3.8933334350585938,46.90666580200195,1.9866666793823242
2024,6,40.999109567214965,-77.00358615472538,3.746666669845581,47.41999816894531,2.8399999141693115
2024,6,40.999109567214965,-74.99135991829766,3.566666603088379,46.16666793823242,1.8866666555404663
2024,6,40.999109567214965,-72.97913368186992,3.7733333110809326,51.72999954223633,3.4166667461395264
2024,6,43.011335803642694,-122.99732870164489,3.9133334159851074,44.856666564941406,1.06333327293396
2024,6,43.011335803642694,-120.98510246521717,3.4700000286102295,22.516666412353516,0.20999999344348907
2024,6,43.011335803642694,-118.97287622878943,3.066666603088379,20.976667404174805,0.6700000166893005
2024,6,43.011335803642694,-117.03251521509127,3.8499999046325684,23.586666107177734,0.2666666805744171
2024,6,43.011335803642694,-115.02028897866354,3.2300000190734863,22.260000228881836,0.10333333164453506
2024,6,43.011335803642694,-113.00806274223581,3.8333332538604736,26.06333351135254,0.1966666579246521
2024,6,43.011335803642694,-110.99583650580809,4.736666679382324,27.66666603088379,0.7066666483879089
2024,6,43.011335803642694,-108.98361026938035,3.1100001335144043,20.126667022705078,0.23999999463558197
2024,6,43.011335803642694,-106.97138403295263,4.349999904632568,15.883333206176758,0.8133333325386047
2024,6,43.011335803642694,-105.03102301925446,4.183333396911621,21.376667022705078,0.38333332538604736
2024,6,43.011335803642694,-103.01879678282673,3.62666654586792,27.44333267211914,1.1466666460037231
2024,6,43.011335803642694,-101.006570546399,4.723333358764648,37.516666412353516,3.116666793823242
2024,6,43.011335803642694,-98.99434430997127,4.639999866485596,44.279998779296875,6.920000076293945
2024,6,43.011335803642694,-96.98211807354355,4.163333415985107,45.68333435058594,5.386666774749756
2024,6,43.011335803642694,-94.96989183711581,4.586666584014893,44.96666717529297,8.520000457763672
2024,6,43.011335803642694,-93.02953082341764,4.809999942779541,48.04999923706055,6.1566667556762695
2024,6,43.011335803642694,-91.01730458698992,4.116666793823242,53.163333892822266,4.9033331871032715
2024,6,43.011335803642694,-89.0050783505622,4.590000152587891,54.54999923706055,7.190000057220459
2024,6,43.011335803642694,-84.98062587770674,4.426666736602783,46.43333435058594,2.7866666316986084
2024,6,43.011335803642694,-82.968399641279,4.25333309173584,53.88666534423828,3.2300000190734863
2024,6,43.011335803642694,-79.01581239115312,3.4200000762939453,57.900001525878906,4.5333333015441895
2024,6,43.011335803642694,-77.00358615472538,3.433333396911621,54.310001373291016,3.1666667461395264
2024,6,43.011335803642694,-74.99135991829766,3.430000066757202,50.16666793823242,4.570000171661377
2024,6,43.011335803642694,-72.97913368186992,3.513333320617676,52.55666732788086,3.6533334255218506
2024,6,43.011335803642694,-70.9669074454422,3.4666666984558105,49.086666107177734,2.8533332347869873
2024,6,45.023562040070416,-122.99732870164489,3.069999933242798,46.52000045776367,1.0166666507720947
2024,6,45.023562040070416,-120.98510246521717,3.636666774749756,31.06999969482422,0.1366666704416275
2024,6,45.023562040070416,-118.97287622878943,3.2699999809265137,28.649999618530273,0.4233333468437195
2024,6,45.023562040070416,-117.03251521509127,3.2266666889190674,27.18666648864746,1.0266666412353516
2024,6,45.023562040070416,-115.02028897866354,4.163333415985107,28.49333381652832,1.756666660308838
2024,6,45.023562040070416,-113.00806274223581,3.9700000286102295,23.639999389648438,0.6766666769981384
2024,6,45.023562040070416,-110.99583650580809,5.176666736602783,30.809999465942383,2.059999942779541
2024,6,45.023562040070416,-108.98361026938035,2.7333333492279053,25.183332443237305,0.44333332777023315
2024,6,45.023562040070416,-106.97138403295263,3.8266665935516357,29.883333206176758,1.1033333539962769
2024,6,45.023562040070416,-105.03102301925446,3.880000114440918,26.566667556762695,0.7766666412353516
2024,6,45.023562040070416,-103.01879678282673,4.699999809265137,30.293333053588867,1.9300000667572021
2024,6,45.023562040070416,-101.006570546399,4.6533331871032715,35.483333587646484,2.6033332347869873
2024,6,45.023562040070416,-98.99434430997127,3.693333387374878,40.37666702270508,2.700000047683716
2024,6,45.023562040070416,-96.98211807354355,4.9666666984558105,47.7599983215332,5.116666793823242
2024,6,45.023562040070416,-94.96989183711581,4.519999980926514,48.71666717529297,5.046666622161865
2024,6,45.023562040070416,-93.02953082341764,4.039999961853027,54.33000183105469,6.0933332443237305
2024,6,45.023562040070416,-91.01730458698992,4.199999809265137,54.209999084472656,6.493333339691162
2024,6,45.023562040070416,-89.0050783505622,5.37333345413208,59.119998931884766,5.823333263397217
2024,6,45.023562040070416,-84.98062587770674,5.199999809265137,51.959999084472656,4.303333282470703
2024,6,45.023562040070416,-74.99135991829766,3.7033333778381348,56.573333740234375,4.1533331871032715
2024,6,45.023562040070416,-72.97913368186992,3.486666679382324,54.10333251953125,6.009999752044678
2024,6,45.023562040070416,-70.9669074454422,4.503333568572998,55.30666732788086,3.7033333778381348
2024,6,47.035788276498145,-122.99732870164489,3.5399999618530273,52.220001220703125,2.4000000953674316
2024,6,47.035788276498145,-120.98510246521717,3.940000057220459,41.33333206176758,2.7699999809265137
2024,6,47.035788276498145,-118.97287622878943,3.299999952316284,24.969999313354492,0.18000000715255737
2024,6,47.035788276498145,-117.03251521509127,3.8333332538604736,38.76333236694336,1.350000023841858
2024,6,47.035788276498145,-115.02028897866354,3.7066667079925537,38.59000015258789,3.93666672706604
2024,6,47.035788276498145,-113.00806274223581,4.6566667556762695,32.84333419799805,0.9933333396911621
2024,6,47.035788276498145,-110.99583650580809,6.230000019073486,36.7933349609375,3.013333320617676
2024,6,47.035788276498145,-108.98361026938035,4.510000228881836,32.51333236694336,2.68666672706604
2024,6,47.035788276498145,-106.97138403295263,4.949999809265137,28.59666633605957,2.859999895095825
2024,6,47.035788276498145,-105.03102301925446,4.326666831970215,28.81333351135254,3.12333345413208
2024,6,47.035788276498145,-103.01879678282673,4.809999942779541,35.62333297729492,3.376666784286499
2024,6,47.035788276498145,-101.006570546399,4.619999885559082,38.70333480834961,4.119999885559082
2024,6,47.035788276498145,-98.99434430997127,5.090000152587891,42.880001068115234,5.519999980926514
2024,6,47.035788276498145,-96.98211807354355,3.946666717529297,43.61000061035156,3.9733333587646484
2024,6,47.035788276498145,-94.96989183711581,4.869999885559082,46.9466667175293,4.826666831970215
2024,6,47.035788276498145,-93.02953082341764,4.440000057220459,47.31999969482422,6.396666526794434
2024,6,47.035788276498145,-89.0050783505622,4.573333263397217,48.41999816894531,5.8433332443237305
2024,6,48.97614929019631,-122.99732870164489,1.5666667222976685,56.9566650390625,1.493333339691162
2024,6,48.97614929019631,-120.98510246521717,4.363333225250244,43.633331298828125,1.6200000047683716
2024,6,48.97614929019631,-118.97287622878943,2.443333387374878,40.63333511352539,1.43666672706604
2024,6,48.97614929019631,-117.03251521509127,3.9833333492279053,37.106666564941406,2.1566667556762695
2024,6,48.97614929019631,-115.02028897866354,4.743333339691162,29.91666603088379,2.5166666507720947
2024,6,48.97614929019631,-113.00806274223581,4.349999904632568,36.31999969482422,2.0
2024,6,48.97614929019631,-110.99583650580809,5.03000020980835,34.88666534423828,2.6633334159851074
2024,6,48.97614929019631,-108.98361026938035,4.829999923706055,30.46666717529297,1.8333333730697632
2024,6,48.97614929019631,-106.97138403295263,4.803333282470703,33.31999969482422,2.25
2024,6,48.97614929019631,-105.03102301925446,4.646666526794434,33.063331604003906,1.493333339691162
2024,6,48.97614929019631,-103.01879678282673,4.690000057220459,39.6533317565918,2.240000009536743
2024,6,48.97614929019631,-101.006570546399,4.296666622161865,42.05666732788086,3.9533333778381348
2024,6,48.97614929019631,-98.99434430997127,4.666666507720947,45.52333450317383,3.6566667556762695
2024,6,48.97614929019631,-96.98211807354355,4.296666622161865,48.83333206176758,3.133333444595337
2024,6,48.97614929019631,-94.96989183711581,4.309999942779541,46.79999923706055,4.420000076293945
2024,7,26.985391134950426,-98.99434430997127,4.619354724884033,39.07419204711914,2.903225898742676
2024,7,26.985391134950426,-81.02803862758084,2.29677414894104,54.945159912109375,4.696774005889893
2024,7,28.997617371378155,-98.99434430997127,3.977419376373291,38.6741943359375,2.048387050628662
2024,7,28.997617371378155,-96.98211807354355,3.951612949371338,51.42903137207031,5.732258319854736
2024,7,28.997617371378155,-81.02803862758084,2.5516128540039062,50.54838562011719,5.529032230377197
2024,7,31.009843607805884,-105.03102301925446,3.251612901687622,23.987096786499023,0.31612902879714966
2024,7,31.009843607805884,-103.01879678282673,3.9935483932495117,24.503225326538086,1.0967742204666138
2024,7,31.009843607805884,-101.006570546399,4.2580647468566895,33.954837799072266,2.9419355392456055
2024,7,31.009843607805884,-98.99434430997127,4.251613140106201,37.42903137207031,3.7129032611846924
2024,7,31.009843607805884,-96.98211807354355,3.9451613426208496,44.706451416015625,3.977419376373291
2024,7,31.009843607805884,-94.96989183711581,2.816128969192505,55.75806427001953,12.067742347717285
2024,7,31.009843607805884,-93.02953082341764,3.1709678173065186,52.16451644897461,7.616128921508789
2024,7,31.009843607805884,-91.01730458698992,3.180645227432251,50.26129150390625,5.770967960357666
2024,7,31.009843607805884,-89.0050783505622,2.7806451320648193,49.09354782104492,10.083870887756348
2024,7,31.009843607805884,-86.99285211413446,2.890322685241699,52.225807189941406,7.78064489364624
2024,7,31.009843607805884,-84.98062587770674,2.5,53.18387222290039,6.654838562011719
2024,7,31.009843607805884,-82.968399641279,2.435483932495117,45.92903137207031,7.051612854003906
2024,7,33.02206984423361,-117.03251521509127,2.4870967864990234,38.4387092590332,0.0
2024,7,33.02206984423361,-115.02028897866354,3.5516128540039062,14.719354629516602,0.016129031777381897
2024,7,33.02206984423361,-113.00806274223581,3.519354820251465,16.07741928100586,0.17419354617595673
2024,7,33.02206984423361,-110.99583650580809,3.432258129119873,19.487096786499023,1.2387096881866455
2024,7,33.02206984423361,-108.98361026938035,2.9645161628723145,17.21290397644043,2.299999952316284
2024,7,33.02206984423361,-106.97138403295263,2.596774101257324,18.75161361694336,2.4645161628723145
2024,7,33.02206984423361,-105.03102301925446,3.132258176803589,24.97096824645996,1.94516122341156
2024,7,33.02206984423361,-103.01879678282673,3.9709677696228027,24.816129684448242,2.638709783554077
2024,7,33.02206984423361,-101.006570546399,3.9870967864990234,26.86451530456543,0.26451611518859863
2024,7,33.02206984423361,-98.99434430997127,4.074193477630615,30.93225860595703,1.9806451797485352
2024,7,33.02206984423361,-96.98211807354355,4.248387336730957,38.37419509887695,2.003225803375244
2024,7,33.02206984423361,-94.96989183711581,3.770967721939087,53.867740631103516,6.506451606750488
2024,7,33.02206984423361,-93.02953082341764,2.70322585105896,55.2129020690918,3.864516258239746
2024,7,33.02206984423361,-91.01730458698992,2.748387098312378,55.812904357910156,1.9354839324951172
2024,7,33.02206984423361,-89.0050783505622,2.70322585105896,54.18064498901367,5.854838848114014
2024,7,33.02206984423361,-86.99285211413446,2.658064603805542,52.65483856201172,6.141935348510742
2024,7,33.02206984423361,-84.98062587770674,3.1258063316345215,51.67741775512695,9.383871078491211
2024,7,33.02206984423361,-82.968399641279,3.045161247253418,48.377418518066406,6.048387050628662
2024,7,33.02206984423361,-81.02803862758084,3.5096774101257324,47.97096633911133,1.59354829788208
2024,7,35.03429608066134,-118.97287622878943,3.1870968341827393,9.867741584777832,0.0
2024,7,35.03429608066134,-117.03251521509127,2.7838709354400635,8.554839134216309,0.12903225421905518
2024,7,35.03429608066134,-115.02028897866354,3.3580644130706787,10.193548202514648,0.0
2024,7,35.03429608066134,-113.00806274223581,2.909677505493164,10.62580680847168,3.1419355869293213
2024,7,35.03429608066134,-110.99583650580809,3.1677420139312744,13.041935920715332,0.35483869910240173
2024,7,35.03429608066134,-108.98361026938035,2.754838705062866,14.822580337524414,0.8096774220466614
2024,7,35.03429608066134,-106.97138403295263,2.4645161628723145,17.687097549438477,0.9516128897666931
2024,7,35.03429608066134,-105.03102301925446,3.3064515590667725,22.03870964050293,2.064516067504883
2024,7,35.03429608066134,-103.01879678282673,4.380645275115967,22.832258224487305,1.1774194240570068
2024,7,35.03429608066134,-101.006570546399,4.27419376373291,25.777420043945312,2.048387050628662
2024,7,35.03429608066134,-98.99434430997127,4.177419185638428,30.67096710205078,3.480645179748535
2024,7,35.03429608066134,-96.98211807354355,4.741935729980469,37.65483856201172,2.229032278060913
2024,7,35.03429608066134,-94.96989183711581,3.338709592819214,44.138710021972656,2.616129159927368
2024,7,35.03429608066134,-93.02953082341764,2.8129031658172607,50.464515686035156,5.074193477630615
2024,7,35.03429608066134,-91.01730458698992,2.7903225421905518,53.24838638305664,4.096774101257324
2024,7,35.03429608066134,-89.0050783505622,2.9419355392456055,52.064517974853516,3.39032244682312
2024,7,35.03429608066134,-86.99285211413446,3.0999999046325684,53.41613006591797,3.474193572998047
2024,7,35.03429608066134,-84.98062587770674,2.977419376373291,50.07419204711914,6.422580718994141
2024,7,35.03429608066134,-82.968399641279,3.480645179748535,58.01612854003906,8.46129035949707
2024,7,35.03429608066134,-81.02803862758084,3.0064516067504883,46.790321350097656,8.57741928100586
2024,7,35.03429608066134,-79.01581239115312,3.7354838848114014,47.3870964050293,6.838709831237793
2024,7,35.03429608066134,-77.00358615472538,3.2806451320648193,54.283870697021484,7.55483865737915
2024,7,36.97465709435951,-120.98510246521717,3.5838708877563477,14.674193382263184,0.0
2024,7,36.97465709435951,-118.97287622878943,2.019354820251465,15.403225898742676,0.0
2024,7,36.97465709435951,-117.03251521509127,2.932258129119873,9.806451797485352,0.19354839622974396
2024,7,36.97465709435951,-115.02028897866354,2.7096774578094482,6.290322780609131,0.21935483813285828
2024,7,36.97465709435951,-113.00806274223581,2.8709678649902344,7.63225793838501,0.2935484051704407
2024,7,36.97465709435951,-110.99583650580809,3.003225803375244,8.787096977233887,0.11290322244167328
2024,7,36.97465709435951,-108.98361026938035,2.3322579860687256,12.845161437988281,0.30000001192092896
2024,7,36.97465709435951,-106.97138403295263,2.661290407180786,22.738710403442383,1.3483871221542358
2024,7,36.97465709435951,-105.03102301925446,2.909677505493164,27.906452178955078,2.409677505493164
2024,7,36.97465709435951,-103.01879678282673,4.238709449768066,24.25161361694336,1.3580645322799683
2024,7,36.97465709435951,-101.006570546399,4.206451416015625,27.53870964050293,1.5419354438781738
2024,7,36.97465709435951,-98.99434430997127,4.061290264129639,30.861289978027344,3.4258065223693848
2024,7,36.97465709435951,-96.98211807354355,4.31290340423584,34.0612907409668,1.9935483932495117
2024,7,36.97465709435951,-94.96989183711581,3.912903308868408,40.16128921508789,3.161290407180786
2024,7,36.97465709435951,-93.02953082341764,3.5290322303771973,49.632259368896484,5.303225994110107
2024,7,36.97465709435951,-91.01730458698992,2.8741934299468994,53.25806427001953,3.7677419185638428
2024,7,36.97465709435951,-89.0050783505622,2.6677420139312744,55.012901306152344,3.683871030807495
2024,7,36.97465709435951,-86.99285211413446,2.6967742443084717,55.74516296386719,4.770967483520508
2024,7,36.97465709435951,-84.98062587770674,2.503225803375244,54.1741943359375,5.358064651489258
2024,7,36.97465709435951,-82.968399641279,2.9612903594970703,53.296775817871094,3.390322685241699
2024,7,36.97465709435951,-81.02803862758084,2.7838709354400635,48.34516143798828,3.7806451320648193
2024,7,36.97465709435951,-79.01581239115312,3.0129032135009766,47.867740631103516,6.435483932495117
2024,7,36.97465709435951,-77.00358615472538,3.1741936206817627,52.032257080078125,7.958064556121826
2024,7,38.986883330787236,-122.99732870164489,6.432258129119873,20.348386764526367,0.0
2024,7,38.986883330787236,-120.98510246521717,2.7193548679351807,17.229032516479492,0.0
2024,7,38.986883330787236,-118.97287622878943,2.5806450843811035,14.96129035949707,0.4935483932495117
2024,7,38.986883330787236,-117.03251521509127,2.6419355869293213,11.887096405029297,0.23225806653499603
2024,7,38.986883330787236,-115.02028897866354,3.0806450843811035,11.019354820251465,0.42258062958717346
2024,7,38.986883330787236,-113.00806274223581,2.3709678649902344,9.254838943481445,0.42903226613998413
2024,7,38.986883330787236,-110.99583650580809,2.822580575942993,12.229032516479492,0.20322580635547638
2024,7,38.986883330787236,-108.98361026938035,2.2193548679351807,9.95161247253418,0.18709677457809448
2024,7,38.986883330787236,-106.97138403295263,3.2580645084381104,34.64838790893555,1.2838709354400635
2024,7,38.986883330787236,-105.03102301925446,3.096774101257324,25.638710021972656,1.8161290884017944
2024,7,38.986883330787236,-103.01879678282673,3.1483871936798096,20.387096405029297,1.1322580575942993
2024,7,38.986883330787236,-101.006570546399,3.974193572998047,23.816129684448242,1.7322580814361572
2024,7,38.986883330787236,-98.99434430997127,4.4193549156188965,27.880645751953125,2.096774101257324
2024,7,38.986883330787236,-96.98211807354355,3.7903225421905518,37.50322723388672,2.6225807666778564
2024,7,38.986883330787236,-94.96989183711581,3.680645227432251,47.348384857177734,7.751613140106201
2024,7,38.986883330787236,-93.02953082341764,3.1935484409332275,53.89354705810547,8.783870697021484
2024,7,38.986883330787236,-91.01730458698992,3.638709783554077,54.367740631103516,9.92258071899414
2024,7,38.986883330787236,-89.0050783505622,3.545161247253418,57.49354934692383,8.254838943481445
2024,7,38.986883330787236,-86.99285211413446,3.222580671310425,54.24838638305664,4.206451416015625
2024,7,38.986883330787236,-84.98062587770674,2.70322585105896,51.1129035949707,3.9935483932495117
2024,7,38.986883330787236,-82.968399641279,3.180645227432251,45.703224182128906,3.1258063316345215
2024,7,38.986883330787236,-81.02803862758084,2.8096773624420166,45.129032135009766,2.322580575942993
2024,7,38.986883330787236,-79.01581239115312,3.112903118133545,42.19355010986328,1.5967742204666138
2024,7,38.986883330787236,-77.00358615472538,2.8290321826934814,42.541934967041016,2.2129032611846924
2024,7,38.986883330787236,-74.99135991829766,3.177419424057007,53.109676361083984,7.325806140899658
2024,7,40.999109567214965,-122.99732870164489,2.4677419662475586,29.277420043945312,0.18387095630168915
2024,7,40.999109567214965,-120.98510246521717,3.1290323734283447,17.512903213500977,0.1225806400179863
2024,7,40.999109567214965,-118.97287622878943,2.903225898742676,11.18709659576416,0.08709677308797836
2024,7,40.999109567214965,-117.03251521509127,2.974193572998047,12.58709716796875,0.33870968222618103
2024,7,40.999109567214965,-115.02028897866354,2.616128921508789,17.0,0.5258064866065979
2024,7,40.999109567214965,-113.00806274223581,2.1645162105560303,12.487096786499023,0.13548387587070465
2024,7,40.999109567214965,-110.99583650580809,3.6516129970550537,20.896774291992188,0.26774194836616516
2024,7,40.999109567214965,-108.98361026938035,3.3064515590667725,15.490323066711426,1.0322580337524414
2024,7,40.999109567214965,-106.97138403295263,3.929032325744629,20.887096405029297,0.8870967626571655
2024,7,40.999109567214965,-105.03102301925446,3.0806450843811035,14.841935157775879,1.64838707447052
2024,7,40.999109567214965,-103.01879678282673,3.4161291122436523,16.2806453704834,2.1709675788879395
2024,7,40.999109567214965,-101.006570546399,3.5064516067504883,29.006450653076172,2.0161290168762207
2024,7,40.999109567214965,-98.99434430997127,3.3032257556915283,42.91613006591797,3.6419355869293213
2024,7,40.999109567214965,-96.98211807354355,3.3516128063201904,47.099998474121094,5.161290168762207
2024,7,40.999109567214965,-94.96989183711581,3.4645161628723145,48.31612777709961,2.951612949371338
2024,7,40.999109567214965,-93.02953082341764,3.4903225898742676,52.07741928100586,5.990322589874268
2024,7,40.999109567214965,-91.01730458698992,3.2806451320648193,58.06451416015625,5.651612758636475
2024,7,40.999109567214965,-89.0050783505622,3.2419354915618896,54.35161209106445,4.109677314758301
2024,7,40.999109567214965,-86.99285211413446,2.909677505493164,54.74193572998047,6.325806617736816
2024,7,40.999109567214965,-84.98062587770674,2.8709676265716553,52.25161361694336,2.161290407180786
2024,7,40.999109567214965,-82.968399641279,3.1064515113830566,49.43225860595703,1.8000000715255737
2024,7,40.999109567214965,-81.02803862758084,3.180645227432251,47.57419204711914,5.306451797485352
2024,7,40.999109567214965,-79.01581239115312,3.135483980178833,45.23870849609375,2.1645162105560303
2024,7,40.999109567214965,-77.00358615472538,2.951612949371338,48.8870964050293,3.3935484886169434
2024,7,40.999109567214965,-74.99135991829766,2.9419355392456055,48.68387222290039,2.654838800430298
2024,7,40.999109567214965,-72.97913368186992,3.277419328689575,58.296775817871094,3.20322585105896
2024,7,43.011335803642694,-122.99732870164489,3.5612902641296387,36.42258071899414,0.019354838877916336
2024,7,43.011335803642694,-120.98510246521717,2.880645275115967,16.145160675048828,0.05483870953321457
2024,7,43.011335803642694,-118.97287622878943,2.6064515113830566,13.12580680847168,0.11290322244167328
2024,7,43.011335803642694,-117.03251521509127,3.3580644130706787,16.129032135009766,0.04838709533214569
2024,7,43.011335803642694,-115.02028897866354,2.887096881866455,16.696773529052734,0.09354838728904724
2024,7,43.011335803642694,-113.00806274223581,3.0322580337524414,20.62257957458496,0.06774193793535233
2024,7,43.011335803642694,-110.99583650580809,3.5774192810058594,24.277420043945312,0.3935483694076538
2024,7,43.011335803642694,-108.98361026938035,2.480645179748535,18.299999237060547,0.6870967745780945
2024,7,43.011335803642694,-106.97138403295263,3.200000047683716,14.412903785705566,1.022580623626709
2024,7,43.011335803642694,-105.03102301925446,2.9903225898742676,14.287096977233887,0.9967741966247559
2024,7,43.011335803642694,-103.01879678282673,2.677419424057007,17.793548583984375,2.7161290645599365
2024,7,43.011335803642694,-101.006570546399,3.7580645084381104,30.916128158569336,1.170967698097229
2024,7,43.011335803642694,-98.99434430997127,3.8741934299468994,43.98387145996094,2.022580623626709
2024,7,43.011335803642694,-96.98211807354355,3.1645162105560303,49.77742004394531,0.896774172782898
2024,7,43.011335803642694,-94.96989183711581,3.2354838848114014,53.08709716796875,2.0741934776306152
2024,7,43.011335803642694,-93.02953082341764,3.5064516067504883,60.687095642089844,3.867741823196411
2024,7,43.011335803642694,-91.01730458698992,2.977419376373291,56.858062744140625,4.087096691131592
2024,7,43.011335803642694,-89.0050783505622,3.2580645084381104,57.33225631713867,4.083870887756348
2024,7,43.011335803642694,-84.98062587770674,3.40645170211792,50.07096862792969,2.429032325744629
2024,7,43.011335803642694,-82.968399641279,3.1322579383850098,56.619354248046875,5.025806427001953
2024,7,43.011335803642694,-79.01581239115312,2.612903118133545,54.41290283203125,2.6451613903045654
2024,7,43.011335803642694,-77.00358615472538,2.6451613903045654,52.73225784301758,2.9258065223693848
2024,7,43.011335803642694,-74.99135991829766,2.867741823196411,49.987098693847656,2.270967721939087
2024,7,43.011335803642694,-72.97913368186992,3.0838708877563477,56.43548583984375,4.316129207611084
2024,7,43.011335803642694,-70.9669074454422,3.2419354915618896,48.04838562011719,2.2838709354400635
2024,7,45.023562040070416,-122.99732870164489,2.9161291122436523,37.32258224487305,0.0741935521364212
2024,7,45.023562040070416,-120.98510246521717,2.867741823196411,22.377418518066406,0.03548387065529823
2024,7,45.023562040070416,-118.97287622878943,2.754838705062866,19.09677505493164,0.09677419066429138
2024,7,45.023562040070416,-117.03251521509127,2.7870967388153076,17.13225746154785,0.3580645024776459
2024,7,45.023562040070416,-115.02028897866354,3.5322580337524414,22.390321731567383,0.5838709473609924
2024,7,45.023562040070416,-113.00806274223581,3.116128921508789,20.929031372070312,0.21290323138237
2024,7,45.023562040070416,-110.99583650580809,3.7193548679351807,25.299999237060547,1.3451613187789917
2024,7,45.023562040070416,-108.98361026938035,2.1870968341827393,20.38387107849121,0.7032257914543152
2024,7,45.023562040070416,-106.97138403295263,3.225806474685669,20.448387145996094,0.5774193406105042
2024,7,45.023562040070416,-105.03102301925446,2.9612903594970703,19.683870315551758,0.8161290287971497
2024,7,45.023562040070416,-103.01879678282673,3.409677505493164,22.122581481933594,1.5032258033752441
2024,7,45.023562040070416,-101.006570546399,3.683871030807495,32.02903366088867,3.1000001430511475
2024,7,45.023562040070416,-98.99434430997127,3.229032278060913,40.8258056640625,1.9967741966247559
2024,7,45.023562040070416,-96.98211807354355,4.196774005889893,52.400001525878906,4.006451606750488
2024,7,45.023562040070416,-94.96989183711581,3.545161247253418,55.64838790893555,8.30322551727295
2024,7,45.023562040070416,-93.02953082341764,3.0741934776306152,55.27096939086914,4.31290340423584
2024,7,45.023562040070416,-91.01730458698992,3.0999999046325684,52.4612922668457,2.677419424057007
2024,7,45.023562040070416,-89.0050783505622,3.745161294937134,54.94193649291992,2.722580671310425
2024,7,45.023562040070416,-84.98062587770674,3.8354837894439697,49.48064422607422,3.138709545135498
2024,7,45.023562040070416,-74.99135991829766,3.154838800430298,60.5,4.36774206161499
2024,7,45.023562040070416,-72.97913368186992,2.9258065223693848,54.07096862792969,6.061290264129639
2024,7,45.023562040070416,-70.9669074454422,3.980645179748535,59.29999923706055,5.254838943481445
2024,7,47.035788276498145,-122.99732870164489,2.977419376373291,46.82903289794922,0.2548387050628662
2024,7,47.035788276498145,-120.98510246521717,4.183870792388916,28.938709259033203,0.21612903475761414
2024,7,47.035788276498145,-118.97287622878943,2.6193549633026123,19.399999618530273,0.009677419438958168
2024,7,47.035788276498145,-117.03251521509127,2.9903225898742676,25.206451416015625,0.07096774131059647
2024,7,47.035788276498145,-115.02028897866354,3.0064516067504883,27.929031372070312,1.4903225898742676
2024,7,47.035788276498145,-113.00806274223581,3.638709783554077,25.267742156982422,0.31612902879714966
2024,7,47.035788276498145,-110.99583650580809,4.938709735870361,26.380645751953125,0.39677420258522034
2024,7,47.035788276498145,-108.98361026938035,3.567741870880127,21.732257843017578,0.3774193525314331
2024,7,47.035788276498145,-106.97138403295263,3.5161290168762207,20.783870697021484,0.8451613187789917
2024,7,47.035788276498145,-105.03102301925446,3.025806427001953,22.50967788696289,0.5193548202514648
2024,7,47.035788276498145,-103.01879678282673,3.564516067504883,26.63548469543457,0.6419354677200317
2024,7,47.035788276498145,-101.006570546399,3.6064515113830566,35.122581481933594,1.6161290407180786
2024,7,47.035788276498145,-98.99434430997127,3.7677419185638428,44.61613082885742,3.064516067504883
2024,7,47.035788276498145,-96.98211807354355,3.412903308868408,48.812904357910156,1.4838709831237793
2024,7,47.035788276498145,-94.96989183711581,4.209677219390869,48.42258071899414,1.6903225183486938
2024,7,47.035788276498145,-93.02953082341764,3.6870968341827393,47.099998474121094,2.222580671310425
2024,7,47.035788276498145,-89.0050783505622,3.838709592819214,48.16451644897461,0.8161290287971497
2024,7,48.97614929019631,-122.99732870164489,1.293548345565796,54.783870697021484,0.5838709473609924
2024,7,48.97614929019631,-120.98510246521717,3.1677420139312744,36.51612854003906,0.16774193942546844
2024,7,48.97614929019631,-118.97287622878943,2.041935443878174,30.225807189941406,0.07741935551166534
2024,7,48.97614929019631,-117.03251521509127,3.3741934299468994,33.01935577392578,0.3677419424057007
2024,7,48.97614929019631,-115.02028897866354,3.8451614379882812,24.612903594970703,0.5451613068580627
2024,7,48.97614929019631,-113.00806274223581,3.8322579860687256,29.716129302978516,0.3354838788509369
2024,7,48.97614929019631,-110.99583650580809,4.109677314758301,29.261289596557617,0.9548386931419373
2024,7,48.97614929019631,-108.98361026938035,3.6290323734283447,27.29677391052246,1.5967742204666138
2024,7,48.97614929019631,-106.97138403295263,3.432258129119873,26.354839324951172,1.306451678276062
2024,7,48.97614929019631,-105.03102301925446,3.387096643447876,26.032257080078125,1.4064515829086304
2024,7,48.97614929019631,-103.01879678282673,3.5064516067504883,32.01935577392578,0.6935483813285828
2024,7,48.97614929019631,-101.006570546399,3.2838709354400635,40.47096633911133,1.2322580814361572
2024,7,48.97614929019631,-98.99434430997127,3.361290216445923,50.82903289794922,2.341935396194458
2024,7,48.97614929019631,-96.98211807354355,3.3967742919921875,55.377418518066406,2.816128969192505
2024,7,48.97614929019631,-94.96989183711581,3.6516129970550537,52.435482025146484,4.993548393249512
2024,8,26.985391134950426,-98.99434430997127,4.241935729980469,29.570966720581055,0.5129032135009766
2024,8,26.985391134950426,-81.02803862758084,3.064516067504883,53.64838790893555,7.732257843017578
2024,8,28.997617371378155,-98.99434430997127,3.8290321826934814,28.822580337524414,0.032258063554763794
2024,8,28.997617371378155,-96.98211807354355,3.4645161628723145,43.651611328125,2.4645161628723145
2024,8,28.997617371378155,-81.02803862758084,3.2806451320648193,49.93548583984375,4.787096977233887
2024,8,31.009843607805884,-105.03102301925446,3.1451613903045654,20.129032135009766,0.18387097120285034
2024,8,31.009843607805884,-103.01879678282673,3.822580575942993,19.75161361694336,0.8580644726753235
2024,8,31.009843607805884,-101.006570546399,3.929032325744629,26.161291122436523,1.100000023841858
2024,8,31.009843607805884,-98.99434430997127,3.9225807189941406,27.793548583984375,1.6354838609695435
2024,8,31.009843607805884,-96.98211807354355,3.6741936206817627,32.6741943359375,0.7580645084381104
2024,8,31.009843607805884,-94.96989183711581,2.519354820251465,44.32258224487305,0.8225806355476379
2024,8,31.009843607805884,-93.02953082341764,2.619354724884033,41.94193649291992,0.6935483813285828
2024,8,31.009843607805884,-91.01730458698992,2.8064515590667725,40.141937255859375,2.525806427001953
2024,8,31.009843607805884,-89.0050783505622,2.6032257080078125,40.5612907409668,1.3548387289047241
2024,8,31.009843607805884,-86.99285211413446,2.7419354915618896,42.51935577392578,3.454838752746582
2024,8,31.009843607805884,-84.98062587770674,3.1032257080078125,47.64516067504883,2.0548386573791504
2024,8,31.009843607805884,-82.968399641279,3.5322580337524414,46.022579193115234,7.229032039642334
2024,8,33.02206984423361,-117.03251521509127,2.6419355869293213,37.783870697021484,0.0
2024,8,33.02206984423361,-115.02028897866354,3.683871030807495,15.209677696228027,0.0
2024,8,33.02206984423361,-113.00806274223581,3.2387096881866455,17.29032325744629,0.18709677457809448
2024,8,33.02206984423361,-110.99583650580809,3.274193525314331,22.770967483520508,1.7419354915618896
2024,8,33.02206984423361,-108.98361026938035,2.9645161628723145,22.20322608947754,1.229032278060913
2024,8,33.02206984423361,-106.97138403295263,2.9709677696228027,18.38387107849121,0.529032289981842
2024,8,33.02206984423361,-105.03102301925446,3.361290216445923,21.516128540039062,1.2870968580245972
2024,8,33.02206984423361,-103.01879678282673,4.03870964050293,18.341936111450195,0.17741934955120087
2024,8,33.02206984423361,-101.006570546399,3.9709677696228027,19.032257080078125,0.40645161271095276
2024,8,33.02206984423361,-98.99434430997127,3.819354772567749,21.419355392456055,0.4258064329624176
2024,8,33.02206984423361,-96.98211807354355,4.074193477630615,25.716129302978516,0.1483870893716812
2024,8,33.02206984423361,-94.96989183711581,3.841935634613037,40.535484313964844,0.603225827217102
2024,8,33.02206984423361,-93.02953082341764,2.4225807189941406,39.25161361694336,1.577419400215149
2024,8,33.02206984423361,-91.01730458698992,3.0064516067504883,36.82903289794922,0.6354838609695435
2024,8,33.02206984423361,-89.0050783505622,3.161290168762207,38.17096710205078,0.6838709712028503
2024,8,33.02206984423361,-86.99285211413446,3.0806450843811035,39.60645294189453,1.0354838371276855
2024,8,33.02206984423361,-84.98062587770674,3.522580623626709,43.50967788696289,1.2096774578094482
2024,8,33.02206984423361,-82.968399641279,3.8096773624420166,43.67096710205078,2.6967742443084717
2024,8,33.02206984423361,-81.02803862758084,3.9838709831237793,49.948387145996094,9.635483741760254
2024,8,35.03429608066134,-118.97287622878943,3.277419328689575,12.112903594970703,0.0
2024,8,35.03429608066134,-117.03251521509127,3.0129032135009766,10.793548583984375,0.03870967775583267
2024,8,35.03429608066134,-115.02028897866354,4.4419355392456055,14.570967674255371,0.14193548262119293
2024,8,35.03429608066134,-113.00806274223581,3.1645162105560303,19.46129035949707,2.1451613903045654
2024,8,35.03429608066134,-110.99583650580809,3.048387050628662,23.532258987426758,1.9903225898742676
2024,8,35.03429608066134,-108.98361026938035,2.4161291122436523,20.909677505493164,1.0935484170913696
2024,8,35.03429608066134,-106.97138403295263,2.4419355392456055,18.687097549438477,1.0709677934646606
2024,8,35.03429608066134,-105.03102301925446,3.2903225421905518,19.503225326538086,1.8419355154037476
2024,8,35.03429608066134,-103.01879678282673,4.154838562011719,18.41613006591797,1.2225806713104248
2024,8,35.03429608066134,-101.006570546399,4.154838562011719,18.603225708007812,0.7806451320648193
2024,8,35.03429608066134,-98.99434430997127,3.8774194717407227,22.909677505493164,0.7451612949371338
2024,8,35.03429608066134,-96.98211807354355,4.296774387359619,31.309677124023438,4.883871078491211
2024,8,35.03429608066134,-94.96989183711581,3.1483871936798096,37.43225860595703,3.9193549156188965
2024,8,35.03429608066134,-93.02953082341764,2.5774192810058594,37.90967559814453,1.3290321826934814
2024,8,35.03429608066134,-91.01730458698992,3.20322585105896,36.7645149230957,0.4516128897666931
2024,8,35.03429608066134,-89.0050783505622,3.451612949371338,38.4612922668457,2.7193548679351807
2024,8,35.03429608066134,-86.99285211413446,3.2322580814361572,39.08709716796875,0.19032257795333862
2024,8,35.03429608066134,-84.98062587770674,3.3064515590667725,40.703224182128906,2.3322579860687256
2024,8,35.03429608066134,-82.968399641279,3.480645179748535,51.81612777709961,2.1548385620117188
2024,8,35.03429608066134,-81.02803862758084,3.2612903118133545,45.58709716796875,5.761290550231934
2024,8,35.03429608066134,-79.01581239115312,3.5354838371276855,46.022579193115234,8.709677696228027
2024,8,35.03429608066134,-77.00358615472538,3.1032257080078125,54.59354782104492,9.68709659576416
2024,8,36.97465709435951,-120.98510246521717,3.8290321826934814,18.177419662475586,0.0
2024,8,36.97465709435951,-118.97287622878943,2.20322585105896,15.106451988220215,0.032258063554763794
2024,8,36.97465709435951,-117.03251521509127,3.8580644130706787,9.945160865783691,0.0
2024,8,36.97465709435951,-115.02028897866354,3.5,9.677419662475586,0.0
2024,8,36.97465709435951,-113.00806274223581,3.5129032135009766,15.85161304473877,1.2225806713104248
2024,8,36.97465709435951,-110.99583650580809,3.0161290168762207,18.08709716796875,1.3161290884017944
2024,8,36.97465709435951,-108.98361026938035,2.087096691131592,22.725807189941406,1.706451654434204
2024,8,36.97465709435951,-106.97138403295263,2.409677505493164,27.34516143798828,3.5516128540039062
2024,8,36.97465709435951,-105.03102301925446,3.383870840072632,30.59677505493164,2.661290407180786
2024,8,36.97465709435951,-103.01879678282673,4.31290340423584,20.541934967041016,2.8741934299468994
2024,8,36.97465709435951,-101.006570546399,4.0354838371276855,25.603225708007812,2.0096774101257324
2024,8,36.97465709435951,-98.99434430997127,4.099999904632568,26.40322494506836,0.7161290645599365
2024,8,36.97465709435951,-96.98211807354355,4.0806450843811035,31.50967788696289,1.3064515590667725
2024,8,36.97465709435951,-94.96989183711581,3.5548386573791504,34.629032135009766,3.1483869552612305
2024,8,36.97465709435951,-93.02953082341764,3.1645162105560303,40.464515686035156,1.4677419662475586
2024,8,36.97465709435951,-91.01730458698992,3.1903226375579834,38.15806579589844,2.609677314758301
2024,8,36.97465709435951,-89.0050783505622,2.9258065223693848,42.900001525878906,1.8354839086532593
2024,8,36.97465709435951,-86.99285211413446,2.799999952316284,44.42903137207031,0.8258064389228821
2024,8,36.97465709435951,-84.98062587770674,2.2645161151885986,46.51290512084961,2.6032257080078125
2024,8,36.97465709435951,-82.968399641279,2.548387050628662,48.141937255859375,4.574193477630615
2024,8,36.97465709435951,-81.02803862758084,2.6967742443084717,43.032257080078125,1.9419355392456055
2024,8,36.97465709435951,-79.01581239115312,2.9838709831237793,42.64516067504883,4.900000095367432
2024,8,36.97465709435951,-77.00358615472538,2.9870967864990234,47.27742004394531,4.577419281005859
2024,8,38.986883330787236,-122.99732870164489,6.199999809265137,23.974193572998047,0.10967741906642914
2024,8,38.986883330787236,-120.98510246521717,2.632258176803589,18.809677124023438,0.19354838132858276
2024,8,38.986883330787236,-118.97287622878943,2.864516258239746,15.616128921508789,0.08709677308797836
2024,8,38.986883330787236,-117.03251521509127,3.3741934299468994,11.338709831237793,0.12903225421905518
2024,8,38.986883330787236,-115.02028897866354,4.341935634613037,12.177419662475586,0.36129030585289
2024,8,38.986883330787236,-113.00806274223581,3.0774192810058594,14.47741985321045,1.4193549156188965
2024,8,38.986883330787236,-110.99583650580809,3.132258176803589,22.987096786499023,1.580645203590393
2024,8,38.986883330787236,-108.98361026938035,2.477419376373291,19.506452560424805,1.6548386812210083
2024,8,38.986883330787236,-106.97138403295263,3.154838800430298,41.03871154785156,2.8935484886169434
2024,8,38.986883330787236,-105.03102301925446,3.40645170211792,30.645160675048828,1.7419354915618896
2024,8,38.986883330787236,-103.01879678282673,3.519354820251465,22.283870697021484,1.248387098312378
2024,8,38.986883330787236,-101.006570546399,4.306451797485352,28.55806541442871,4.370967864990234
2024,8,38.986883330787236,-98.99434430997127,4.290322780609131,33.25806427001953,3.1419355869293213
2024,8,38.986883330787236,-96.98211807354355,3.661290407180786,36.49032211303711,2.474193572998047
2024,8,38.986883330787236,-94.96989183711581,3.6451611518859863,40.66451644897461,3.2645161151885986
2024,8,38.986883330787236,-93.02953082341764,3.141935348510742,45.59032440185547,2.725806474685669
2024,8,38.986883330787236,-91.01730458698992,3.7129032611846924,42.99677276611328,1.725806474685669
2024,8,38.986883330787236,-89.0050783505622,3.706451654434204,47.97096633911133,0.7548387050628662
2024,8,38.986883330787236,-86.99285211413446,3.4387097358703613,41.870967864990234,0.5838709473609924
2024,8,38.986883330787236,-84.98062587770674,2.541935443878174,39.477420806884766,2.8129031658172607
2024,8,38.986883330787236,-82.968399641279,2.8258063793182373,36.803226470947266,2.7580645084381104
2024,8,38.986883330787236,-81.02803862758084,2.5,37.40645217895508,2.9903225898742676
2024,8,38.986883330787236,-79.01581239115312,3.0096774101257324,39.23870849609375,3.6322579383850098
2024,8,38.986883330787236,-77.00358615472538,3.1258063316345215,42.47419357299805,4.309677600860596
2024,8,38.986883330787236,-74.99135991829766,3.3483870029449463,51.97096633911133,1.441935420036316
2024,8,40.999109567214965,-122.99732870164489,2.609677314758301,33.14516067504883,2.8677420616149902
2024,8,40.999109567214965,-120.98510246521717,3.4225807189941406,22.093547821044922,0.3774193525314331
2024,8,40.999109567214965,-118.97287622878943,3.2129032611846924,14.522581100463867,0.012903225608170033
2024,8,40.999109567214965,-117.03251521509127,3.277419328689575,13.42258071899414,0.07096774131059647
2024,8,40.999109567214965,-115.02028897866354,3.225806474685669,17.338708877563477,0.18709677457809448
2024,8,40.999109567214965,-113.00806274223581,2.677419424057007,16.3258056640625,0.5129032135009766
2024,8,40.999109567214965,-110.99583650580809,4.522580623626709,24.590322494506836,1.5129032135009766
2024,8,40.999109567214965,-108.98361026938035,4.016129016876221,23.848386764526367,2.454838752746582
2024,8,40.999109567214965,-106.97138403295263,4.341935634613037,26.229032516479492,1.3612903356552124
2024,8,40.999109567214965,-105.03102301925446,3.1645162105560303,23.33548355102539,1.8322579860687256
2024,8,40.999109567214965,-103.01879678282673,3.748387098312378,26.46129035949707,3.3483870029449463
2024,8,40.999109567214965,-101.006570546399,3.8774192333221436,35.2129020690918,2.254838705062866
2024,8,40.999109567214965,-98.99434430997127,4.22580623626709,35.551612854003906,1.8096773624420166
2024,8,40.999109567214965,-96.98211807354355,3.958064556121826,36.367740631103516,2.380645275115967
2024,8,40.999109567214965,-94.96989183711581,4.109677314758301,39.774192810058594,3.2096774578094482
2024,8,40.999109567214965,-93.02953082341764,3.861290216445923,45.22903060913086,2.2838709354400635
2024,8,40.999109567214965,-91.01730458698992,3.4483871459960938,48.59032440185547,1.4096773862838745
2024,8,40.999109567214965,-89.0050783505622,3.4903225898742676,44.55806350708008,2.229032278060913
2024,8,40.999109567214965,-86.99285211413446,3.1709678173065186,48.51612854003906,2.3096773624420166
2024,8,40.999109567214965,-84.98062587770674,3.0741934776306152,45.41290283203125,3.0322580337524414
2024,8,40.999109567214965,-82.968399641279,3.2096774578094482,40.83548355102539,3.2806451320648193
2024,8,40.999109567214965,-81.02803862758084,3.1225805282592773,46.33225631713867,3.641935348510742
2024,8,40.999109567214965,-79.01581239115312,3.0999999046325684,50.26129150390625,5.835484027862549
2024,8,40.999109567214965,-77.00358615472538,3.2129032611846924,51.696773529052734,7.238709449768066
2024,8,40.999109567214965,-74.99135991829766,3.277419328689575,48.98064422607422,7.061290264129639
2024,8,40.999109567214965,-72.97913368186992,3.7645161151885986,54.848388671875,7.067741870880127
2024,8,43.011335803642694,-122.99732870164489,3.587096691131592,36.12580490112305,0.9870967864990234
2024,8,43.011335803642694,-120.98510246521717,2.8290321826934814,22.183870315551758,0.5064516067504883
2024,8,43.011335803642694,-118.97287622878943,2.435483932495117,16.62580680847168,0.21612903475761414
2024,8,43.011335803642694,-117.03251521509127,3.158064603805542,17.812902450561523,0.0903225839138031
2024,8,43.011335803642694,-115.02028897866354,2.909677505493164,15.293548583984375,0.05806451290845871
2024,8,43.011335803642694,-113.00806274223581,3.1870968341827393,18.161291122436523,0.1548387110233307
2024,8,43.011335803642694,-110.99583650580809,4.174193382263184,23.641935348510742,1.2000000476837158
2024,8,43.011335803642694,-108.98361026938035,2.5612902641296387,19.558063507080078,0.5870967507362366
2024,8,43.011335803642694,-106.97138403295263,3.658064603805542,15.49032211303711,0.37419354915618896
2024,8,43.011335803642694,-105.03102301925446,3.2419354915618896,18.487096786499023,0.9161290526390076
2024,8,43.011335803642694,-103.01879678282673,2.929032325744629,22.016128540039062,1.377419352531433
2024,8,43.011335803642694,-101.006570546399,4.212903022766113,25.454837799072266,1.1419354677200317
2024,8,43.011335803642694,-98.99434430997127,4.5580644607543945,34.06451416015625,1.7387096881866455
2024,8,43.011335803642694,-96.98211807354355,3.6935484409332275,38.90645217895508,1.7774193286895752
2024,8,43.011335803642694,-94.96989183711581,3.59354829788208,49.41613006591797,2.090322494506836
2024,8,43.011335803642694,-93.02953082341764,3.864516019821167,51.73870849609375,2.019354820251465
2024,8,43.011335803642694,-91.01730458698992,3.29677414894104,47.59677505493164,2.0161290168762207
2024,8,43.011335803642694,-89.0050783505622,3.567741870880127,54.63548278808594,3.612903118133545
2024,8,43.011335803642694,-84.98062587770674,3.4645161628723145,45.98709487915039,2.8806450366973877
2024,8,43.011335803642694,-82.968399641279,3.2870967388153076,52.72903060913086,3.841935396194458
2024,8,43.011335803642694,-79.01581239115312,3.3129031658172607,53.25161361694336,2.5354838371276855
2024,8,43.011335803642694,-77.00358615472538,3.403225898742676,56.50967788696289,4.364516258239746
2024,8,43.011335803642694,-74.99135991829766,3.245161294937134,55.51935577392578,5.6709675788879395
2024,8,43.011335803642694,-72.97913368186992,2.996774196624756,59.98387145996094,3.8806450366973877
2024,8,43.011335803642694,-70.9669074454422,2.9612903594970703,50.65483856201172,2.958064556121826
2024,8,45.023562040070416,-122.99732870164489,2.2161290645599365,39.141937255859375,0.42580646276474
2024,8,45.023562040070416,-120.98510246521717,3.0096774101257324,29.6064510345459,0.5
2024,8,45.023562040070416,-118.97287622878943,2.8741936683654785,20.84516143798828,0.7258064150810242
2024,8,45.023562040070416,-117.03251521509127,2.8741934299468994,17.700000762939453,0.24193547666072845
2024,8,45.023562040070416,-115.02028897866354,3.4193549156188965,22.90322494506836,0.34193548560142517
2024,8,45.023562040070416,-113.00806274223581,2.680645227432251,21.396774291992188,0.6516128778457642
2024,8,45.023562040070416,-110.99583650580809,3.59354829788208,27.387096405029297,1.451612949371338
2024,8,45.023562040070416,-108.98361026938035,2.5096774101257324,21.477418899536133,0.57419353723526
2024,8,45.023562040070416,-106.97138403295263,3.1870968341827393,22.822580337524414,0.9838709831237793
2024,8,45.023562040070416,-105.03102301925446,3.3096773624420166,22.767742156982422,0.9741935133934021
2024,8,45.023562040070416,-103.01879678282673,4.293548583984375,28.51935386657715,1.422580599784851
2024,8,45.023562040070416,-101.006570546399,4.532258033752441,32.554840087890625,1.8806451559066772
2024,8,45.023562040070416,-98.99434430997127,3.683871030807495,41.445159912109375,3.316128969192505
2024,8,45.023562040070416,-96.98211807354355,4.787096977233887,51.12580490112305,2.183871030807495
2024,8,45.023562040070416,-94.96989183711581,4.03870964050293,54.01612854003906,3.206451654434204
2024,8,45.023562040070416,-93.02953082341764,3.480645179748535,52.90322494506836,5.238709926605225
2024,8,45.023562040070416,-91.01730458698992,3.3967742919921875,51.75483703613281,4.13225793838501
2024,8,45.023562040070416,-89.0050783505622,4.03870964050293,54.50645065307617,2.3483870029449463
2024,8,45.023562040070416,-84.98062587770674,3.7870967388153076,47.25161361694336,2.474193572998047
2024,8,45.023562040070416,-74.99135991829766,3.158064603805542,60.132259368896484,5.651612758636475
2024,8,45.023562040070416,-72.97913368186992,3.3064515590667725,59.651611328125,5.754838466644287
2024,8,45.023562040070416,-70.9669074454422,3.9612903594970703,61.25161361694336,4.0806450843811035
2024,8,47.035788276498145,-122.99732870164489,2.6516129970550537,52.945159912109375,1.2612903118133545
2024,8,47.035788276498145,-120.98510246521717,3.4483871459960938,33.65483856201172,1.6903225183486938
2024,8,47.035788276498145,-118.97287622878943,2.79677414894104,22.50967788696289,0.032258063554763794
2024,8,47.035788276498145,-117.03251521509127,3.067741870880127,25.03870964050293,0.4419354796409607
2024,8,47.035788276498145,-115.02028897866354,2.7870967388153076,31.080644607543945,0.8258064389228821
2024,8,47.035788276498145,-113.00806274223581,3.2322580814361572,27.158063888549805,1.251612901687622
2024,8,47.035788276498145,-110.99583650580809,4.196774005889893,27.206451416015625,1.441935420036316
2024,8,47.035788276498145,-108.98361026938035,3.4387097358703613,23.90322494506836,0.7516129016876221
2024,8,47.035788276498145,-106.97138403295263,3.7354838848114014,27.722579956054688,3.0161290168762207
2024,8,47.035788276498145,-105.03102301925446,3.4419355392456055,29.70967674255371,1.8903225660324097
2024,8,47.035788276498145,-103.01879678282673,4.264516353607178,34.045162200927734,1.2903225421905518
2024,8,47.035788276498145,-101.006570546399,4.293548583984375,38.306453704833984,2.245161294937134
2024,8,47.035788276498145,-98.99434430997127,4.696774005889893,43.274192810058594,4.183870792388916
2024,8,47.035788276498145,-96.98211807354355,4.016129016876221,43.051612854003906,3.0741934776306152
2024,8,47.035788276498145,-94.96989183711581,4.516129016876221,46.477420806884766,2.1645162105560303
2024,8,47.035788276498145,-93.02953082341764,3.887096881866455,47.3258056640625,3.661290407180786
2024,8,47.035788276498145,-89.0050783505622,3.9258065223693848,52.2870979309082,2.751612901687622
2024,8,48.97614929019631,-122.99732870164489,1.3225805759429932,61.16451644897461,2.225806474685669
2024,8,48.97614929019631,-120.98510246521717,3.0064516067504883,43.32903289794922,2.5612902641296387
2024,8,48.97614929019631,-118.97287622878943,2.251612901687622,38.216129302978516,1.770967721939087
2024,8,48.97614929019631,-117.03251521509127,3.3032257556915283,40.783870697021484,1.558064579963684
2024,8,48.97614929019631,-115.02028897866354,3.496774196624756,30.890321731567383,2.616129159927368
2024,8,48.97614929019631,-113.00806274223581,3.432258129119873,33.08386993408203,2.8258063793182373
2024,8,48.97614929019631,-110.99583650580809,3.5387096405029297,33.051612854003906,1.4322580099105835
2024,8,48.97614929019631,-108.98361026938035,3.619354724884033,28.1741943359375,1.0354838371276855
2024,8,48.97614929019631,-106.97138403295263,3.7354838848114014,26.46129035949707,2.522580623626709
2024,8,48.97614929019631,-105.03102301925446,4.064516067504883,28.803226470947266,2.1935484409332275
2024,8,48.97614929019631,-103.01879678282673,4.235483646392822,31.735483169555664,0.9709677696228027
2024,8,48.97614929019631,-101.006570546399,4.019354820251465,38.00645065307617,2.6516129970550537
2024,8,48.97614929019631,-98.99434430997127,4.048387050628662,43.42258071899414,2.935483932495117
2024,8,48.97614929019631,-96.98211807354355,3.9419355392456055,43.790321350097656,2.138709783554077
2024,8,48.97614929019631,-94.96989183711581,4.045161247253418,49.23870849609375,2.4258065223693848
2024,9,26.985391134950426,-98.99434430997127,3.366666793823242,41.23666763305664,4.833333492279053
2024,9,26.985391134950426,-81.02803862758084,2.5366666316986084,56.15999984741211,9.076666831970215
2024,9,28.997617371378155,-98.99434430997127,3.1066665649414062,34.21666717529297,0.4466666579246521
2024,9,28.997617371378155,-96.98211807354355,3.676666736602783,42.3033332824707,0.9800000190734863
2024,9,28.997617371378155,-81.02803862758084,3.2666666507720947,54.87666702270508,6.926666736602783
2024,9,31.009843607805884,-105.03102301925446,3.2266666889190674,25.066665649414062,0.31333333253860474
2024,9,31.009843607805884,-103.01879678282673,3.433333396911621,29.779998779296875,1.6299999952316284
2024,9,31.009843607805884,-101.006570546399,3.5466666221618652,38.56666564941406,2.4800000190734863
2024,9,31.009843607805884,-98.99434430997127,3.486666679382324,41.21333312988281,4.950000286102295
2024,9,31.009843607805884,-96.98211807354355,3.8366665840148926,33.619998931884766,1.8366667032241821
2024,9,31.009843607805884,-94.96989183711581,3.073333263397217,46.29666519165039,2.013333320617676
2024,9,31.009843607805884,-93.02953082341764,3.1666667461395264,49.96333312988281,5.163333415985107
2024,9,31.009843607805884,-91.01730458698992,2.950000047683716,50.95000076293945,3.0466666221618652
2024,9,31.009843607805884,-89.0050783505622,2.803333282470703,50.96666717529297,3.4733333587646484
2024,9,31.009843607805884,-86.99285211413446,3.003333330154419,53.24333190917969,5.119999885559082
2024,9,31.009843607805884,-84.98062587770674,3.1433334350585938,61.970001220703125,8.25333309173584
2024,9,31.009843607805884,-82.968399641279,3.616666555404663,55.869998931884766,6.190000057220459
2024,9,33.02206984423361,-117.03251521509127,2.5233333110809326,40.526668548583984,0.0
2024,9,33.02206984423361,-115.02028897866354,2.946666717529297,17.4233341217041,0.0
2024,9,33.02206984423361,-113.00806274223581,2.700000047683716,12.640000343322754,0.0
2024,9,33.02206984423361,-110.99583650580809,2.996666669845581,16.003334045410156,0.7266666889190674
2024,9,33.02206984423361,-108.98361026938035,3.37666654586792,18.293333053588867,0.8600000143051147
2024,9,33.02206984423361,-106.97138403295263,3.003333330154419,17.726667404174805,0.11666666716337204
2024,9,33.02206984423361,-105.03102301925446,3.316666603088379,27.213333129882812,0.7566666603088379
2024,9,33.02206984423361,-103.01879678282673,4.053333282470703,29.96666717529297,1.5366666316986084
2024,9,33.02206984423361,-101.006570546399,3.573333263397217,37.79666519165039,5.4033331871032715
2024,9,33.02206984423361,-98.99434430997127,3.2033333778381348,36.68000030517578,2.823333263397217
2024,9,33.02206984423361,-96.98211807354355,3.609999895095825,35.59000015258789,1.4666666984558105
2024,9,33.02206984423361,-94.96989183711581,3.9200000762939453,42.746665954589844,2.9000000953674316
2024,9,33.02206984423361,-93.02953082341764,3.240000009536743,48.310001373291016,1.2200000286102295
2024,9,33.02206984423361,-91.01730458698992,3.2733333110809326,49.77000045776367,3.9700000286102295
2024,9,33.02206984423361,-89.0050783505622,3.3399999141693115,50.709999084472656,8.326666831970215
2024,9,33.02206984423361,-86.99285211413446,3.556666612625122,50.69333267211914,3.5933332443237305
2024,9,33.02206984423361,-84.98062587770674,4.1533331871032715,52.37333297729492,8.0600004196167
2024,9,33.02206984423361,-82.968399641279,4.110000133514404,49.95333480834961,7.7133331298828125
2024,9,33.02206984423361,-81.02803862758084,4.473333358764648,52.02000045776367,6.796666622161865
2024,9,35.03429608066134,-118.97287622878943,3.0366666316986084,15.106666564941406,0.02666666731238365
2024,9,35.03429608066134,-117.03251521509127,2.3533332347869873,14.420000076293945,0.07000000029802322
2024,9,35.03429608066134,-115.02028897866354,3.616666555404663,12.276666641235352,0.07000000029802322
2024,9,35.03429608066134,-113.00806274223581,3.3399999141693115,12.520000457763672,0.20333333313465118
2024,9,35.03429608066134,-110.99583650580809,3.4766666889190674,17.086666107177734,0.12666666507720947
2024,9,35.03429608066134,-108.98361026938035,3.0933332443237305,17.406665802001953,0.3566666841506958
2024,9,35.03429608066134,-106.97138403295263,2.81333327293396,17.106666564941406,0.20999999344348907
2024,9,35.03429608066134,-105.03102301925446,3.3499999046325684,22.709999084472656,1.6033333539962769
2024,9,35.03429608066134,-103.01879678282673,4.193333148956299,24.22333335876465,1.7999999523162842
2024,9,35.03429608066134,-101.006570546399,4.019999980926514,26.963333129882812,2.0833332538604736
2024,9,35.03429608066134,-98.99434430997127,3.513333320617676,27.843332290649414,0.6000000238418579
2024,9,35.03429608066134,-96.98211807354355,3.806666612625122,31.860000610351562,1.0466666221618652
2024,9,35.03429608066134,-94.96989183711581,3.2933332920074463,38.063331604003906,1.6899999380111694
2024,9,35.03429608066134,-93.02953082341764,3.2933332920074463,41.790000915527344,0.5566666722297668
2024,9,35.03429608066134,-91.01730458698992,3.426666736602783,50.60333251953125,6.0933332443237305
2024,9,35.03429608066134,-89.0050783505622,3.740000009536743,49.003334045410156,7.889999866485596
2024,9,35.03429608066134,-86.99285211413446,3.75,48.09000015258789,3.263333320617676
2024,9,35.03429608066134,-84.98062587770674,3.553333282470703,48.869998931884766,6.3933329582214355
2024,9,35.03429608066134,-82.968399641279,4.9666666984558105,61.189998626708984,16.899999618530273
2024,9,35.03429608066134,-81.02803862758084,3.7866666316986084,54.2066650390625,8.880000114440918
2024,9,35.03429608066134,-79.01581239115312,4.203333377838135,52.97666549682617,6.980000019073486
2024,9,35.03429608066134,-77.00358615472538,3.2166666984558105,59.82666778564453,4.956666469573975
2024,9,36.97465709435951,-120.98510246521717,3.2866666316986084,21.64666748046875,0.0
2024,9,36.97465709435951,-118.97287622878943,2.123333215713501,15.896666526794434,0.023333333432674408
2024,9,36.97465709435951,-117.03251521509127,3.0999999046325684,10.723333358764648,0.029999999329447746
2024,9,36.97465709435951,-115.02028897866354,2.866666555404663,8.416666984558105,0.0
2024,9,36.97465709435951,-113.00806274223581,3.3433332443237305,10.766666412353516,0.0
2024,9,36.97465709435951,-110.99583650580809,3.176666736602783,12.9399995803833,0.03666666895151138
2024,9,36.97465709435951,-108.98361026938035,2.316666603088379,17.610000610351562,0.046666666865348816
2024,9,36.97465709435951,-106.97138403295263,2.8433332443237305,22.213333129882812,1.316666603088379
2024,9,36.97465709435951,-105.03102301925446,3.5933332443237305,27.8266658782959,1.93666672706604
2024,9,36.97465709435951,-103.01879678282673,4.369999885559082,22.15333366394043,1.5800000429153442
2024,9,36.97465709435951,-101.006570546399,3.946666717529297,24.18000030517578,1.596666693687439
2024,9,36.97465709435951,-98.99434430997127,3.8499999046325684,25.623332977294922,2.1466665267944336
2024,9,36.97465709435951,-96.98211807354355,3.6700000762939453,28.753334045410156,1.2799999713897705
2024,9,36.97465709435951,-94.96989183711581,3.509999990463257,32.60333251953125,0.4399999976158142
2024,9,36.97465709435951,-93.02953082341764,3.6500000953674316,39.189998626708984,1.6133333444595337
2024,9,36.97465709435951,-91.01730458698992,3.569999933242798,44.35333251953125,4.563333511352539
2024,9,36.97465709435951,-89.0050783505622,3.309999942779541,46.529998779296875,7.183333396911621
2024,9,36.97465709435951,-86.99285211413446,3.2066667079925537,45.22333526611328,6.269999980926514
2024,9,36.97465709435951,-84.98062587770674,2.9800000190734863,51.47333526611328,3.623333215713501
2024,9,36.97465709435951,-82.968399641279,3.3366665840148926,47.0,8.206666946411133
2024,9,36.97465709435951,-81.02803862758084,3.5966668128967285,48.3033332824707,7.633333206176758
2024,9,36.97465709435951,-79.01581239115312,3.7100000381469727,50.67333221435547,6.37333345413208
2024,9,36.97465709435951,-77.00358615472538,3.6366665363311768,55.09333419799805,5.476666450500488
2024,9,38.986883330787236,-122.99732870164489,5.62666654586792,22.413333892822266,0.0
2024,9,38.986883330787236,-120.98510246521717,2.4033334255218506,17.83333396911621,0.020000001415610313
2024,9,38.986883330787236,-118.97287622878943,2.803333282470703,21.06999969482422,0.7066666483879089
2024,9,38.986883330787236,-117.03251521509127,3.1066665649414062,16.02666664123535,0.23999999463558197
2024,9,38.986883330787236,-115.02028897866354,3.8266665935516357,13.356666564941406,0.0
2024,9,38.986883330787236,-113.00806274223581,2.5366666316986084,12.416666984558105,0.0833333283662796
2024,9,38.986883330787236,-110.99583650580809,2.873333215713501,16.020000457763672,0.07666666805744171
2024,9,38.986883330787236,-108.98361026938035,2.559999942779541,14.686666488647461,0.14999999105930328
2024,9,38.986883330787236,-106.97138403295263,3.4066667556762695,33.91999816894531,1.5433332920074463
2024,9,38.986883330787236,-105.03102301925446,3.509999990463257,23.709999084472656,0.84333336353302
2024,9,38.986883330787236,-103.01879678282673,3.8333332538604736,17.30666732788086,0.38333332538604736
2024,9,38.986883330787236,-101.006570546399,4.433333396911621,21.956666946411133,0.3233333230018616
2024,9,38.986883330787236,-98.99434430997127,4.493333339691162,27.066667556762695,0.6666666865348816
2024,9,38.986883330787236,-96.98211807354355,3.6533334255218506,29.706666946411133,0.6033333539962769
2024,9,38.986883330787236,-94.96989183711581,3.4833333492279053,35.13666534423828,1.1766666173934937
2024,9,38.986883330787236,-93.02953082341764,2.9233334064483643,37.869998931884766,3.0433332920074463
2024,9,38.986883330787236,-91.01730458698992,3.43666672706604,39.95333480834961,2.6566667556762695
2024,9,38.986883330787236,-89.0050783505622,3.7699999809265137,41.573333740234375,4.046666622161865
2024,9,38.986883330787236,-86.99285211413446,3.569999933242798,39.746665954589844,3.433333396911621
2024,9,38.986883330787236,-84.98062587770674,2.990000009536743,40.52666473388672,4.37333345413208
2024,9,38.986883330787236,-82.968399641279,3.366666555404663,39.53666687011719,7.839999675750732
2024,9,38.986883330787236,-81.02803862758084,3.0799999237060547,39.9033317565918,2.803333282470703
2024,9,38.986883330787236,-79.01581239115312,3.56333327293396,50.776668548583984,3.4800000190734863
2024,9,38.986883330787236,-77.00358615472538,3.5766665935516357,51.52333450317383,4.146666526794434
2024,9,38.986883330787236,-74.99135991829766,4.230000019073486,53.5533332824707,0.8366667032241821
2024,9,40.999109567214965,-122.99732870164489,3.066666603088379,27.59666633605957,0.10333333164453506
2024,9,40.999109567214965,-120.98510246521717,3.7866666316986084,22.450000762939453,0.3400000035762787
2024,9,40.999109567214965,-118.97287622878943,2.9033334255218506,17.84000015258789,0.44333332777023315
2024,9,40.999109567214965,-117.03251521509127,3.1433334350585938,18.74333381652832,0.4566666781902313
2024,9,40.999109567214965,-115.02028897866354,2.863333225250244,21.293333053588867,0.2566666603088379
2024,9,40.999109567214965,-113.00806274223581,2.0899999141693115,20.116666793823242,0.38999998569488525
2024,9,40.999109567214965,-110.99583650580809,4.239999771118164,21.18000030517578,0.36666667461395264
2024,9,40.999109567214965,-108.98361026938035,3.7933332920074463,18.05666732788086,0.6066666841506958
2024,9,40.999109567214965,-106.97138403295263,4.170000076293945,19.229999542236328,0.5199999809265137
2024,9,40.999109567214965,-105.03102301925446,3.3333332538604736,15.34000015258789,0.3100000023841858
2024,9,40.999109567214965,-103.01879678282673,4.0933332443237305,14.303333282470703,0.07000000029802322
2024,9,40.999109567214965,-101.006570546399,4.360000133514404,22.260000228881836,0.27666667103767395
2024,9,40.999109567214965,-98.99434430997127,4.78000020980835,24.31333351135254,0.023333333432674408
2024,9,40.999109567214965,-96.98211807354355,4.5,25.376667022705078,0.23666666448116302
2024,9,40.999109567214965,-94.96989183711581,4.196666717529297,30.266666412353516,0.9500000476837158
2024,9,40.999109567214965,-93.02953082341764,3.809999942779541,33.77333450317383,0.846666693687439
2024,9,40.999109567214965,-91.01730458698992,3.5166666507720947,34.33333206176758,0.5666666626930237
2024,9,40.999109567214965,-89.0050783505622,3.616666555404663,33.5533332824707,1.2266666889190674
2024,9,40.999109567214965,-86.99285211413446,3.4100000858306885,37.11666488647461,1.1066666841506958
2024,9,40.999109567214965,-84.98062587770674,3.4733333587646484,37.356666564941406,1.7100000381469727
2024,9,40.999109567214965,-82.968399641279,3.6466667652130127,38.496665954589844,2.056666612625122
2024,9,40.999109567214965,-81.02803862758084,3.573333263397217,45.5966682434082,3.7300000190734863
2024,9,40.999109567214965,-79.01581239115312,3.740000009536743,52.003334045410156,2.440000057220459
2024,9,40.999109567214965,-77.00358615472538,3.4666666984558105,52.003334045410156,2.8899998664855957
2024,9,40.999109567214965,-74.99135991829766,3.193333387374878,51.106666564941406,1.2833333015441895
2024,9,40.999109567214965,-72.97913368186992,4.019999980926514,57.58333206176758,0.3799999952316284
2024,9,43.011335803642694,-122.99732870164489,3.7233333587646484,36.80666732788086,0.8966666460037231
2024,9,43.011335803642694,-120.98510246521717,3.366666793823242,23.863332748413086,0.2866666615009308
2024,9,43.011335803642694,-118.97287622878943,2.7699999809265137,23.713333129882812,0.9866666793823242
2024,9,43.011335803642694,-117.03251521509127,3.549999952316284,23.96666717529297,0.3633333444595337
2024,9,43.011335803642694,-115.02028897866354,2.7833333015441895,19.739999771118164,0.20999999344348907
2024,9,43.011335803642694,-113.00806274223581,3.2100000381469727,23.18666648864746,0.6200000047683716
2024,9,43.011335803642694,-110.99583650580809,4.136666774749756,25.579999923706055,0.9866666793823242
2024,9,43.011335803642694,-108.98361026938035,2.636666774749756,17.236665725708008,0.1899999976158142
2024,9,43.011335803642694,-106.97138403295263,4.079999923706055,12.133333206176758,0.1966666579246521
2024,9,43.011335803642694,-105.03102301925446,3.700000047683716,11.493332862854004,0.18333333730697632
2024,9,43.011335803642694,-103.01879678282673,3.37333345413208,13.760000228881836,0.2633333206176758
2024,9,43.011335803642694,-101.006570546399,5.050000190734863,17.22333335876465,0.15000000596046448
2024,9,43.011335803642694,-98.99434430997127,5.099999904632568,21.69333267211914,0.4099999964237213
2024,9,43.011335803642694,-96.98211807354355,4.320000171661377,23.670000076293945,0.4333333373069763
2024,9,43.011335803642694,-94.96989183711581,4.263333320617676,28.60333251953125,0.8299999833106995
2024,9,43.011335803642694,-93.02953082341764,4.266666889190674,33.63666534423828,0.39000001549720764
2024,9,43.011335803642694,-91.01730458698992,3.486666679382324,36.91999816894531,3.0299999713897705
2024,9,43.011335803642694,-89.0050783505622,3.746666669845581,40.79666519165039,2.0866665840148926
2024,9,43.011335803642694,-84.98062587770674,3.7233333587646484,36.98666763305664,0.4833333194255829
2024,9,43.011335803642694,-82.968399641279,3.6133334636688232,49.87666702270508,0.4833333492279053
2024,9,43.011335803642694,-79.01581239115312,3.1433331966400146,50.709999084472656,2.446666717529297
2024,9,43.011335803642694,-77.00358615472538,3.2766666412353516,54.52000045776367,3.0166666507720947
2024,9,43.011335803642694,-74.99135991829766,3.066666603088379,51.65666580200195,1.9466667175292969
2024,9,43.011335803642694,-72.97913368186992,2.7966666221618652,52.09000015258789,1.6799999475479126
2024,9,43.011335803642694,-70.9669074454422,3.1700000762939453,45.81333541870117,1.0266666412353516
2024,9,45.023562040070416,-122.99732870164489,2.759999990463257,44.31666564941406,0.7400000095367432
2024,9,45.023562040070416,-120.98510246521717,3.240000009536743,31.266666412353516,0.09666667133569717
2024,9,45.023562040070416,-118.97287622878943,3.1466667652130127,25.56333351135254,0.4633333384990692
2024,9,45.023562040070416,-117.03251521509127,3.1566667556762695,24.68666648864746,0.5633333325386047
2024,9,45.023562040070416,-115.02028897866354,3.806666612625122,28.76333236694336,1.3633333444595337
2024,9,45.023562040070416,-113.00806274223581,3.303333282470703,24.09000015258789,0.7566666603088379
2024,9,45.023562040070416,-110.99583650580809,4.37666654586792,28.03333282470703,1.8566666841506958
2024,9,45.023562040070416,-108.98361026938035,2.81333327293396,18.6299991607666,0.8100000023841858
2024,9,45.023562040070416,-106.97138403295263,3.7033333778381348,16.58333396911621,0.6299999952316284
2024,9,45.023562040070416,-105.03102301925446,3.619999885559082,16.860000610351562,0.20333333313465118
2024,9,45.023562040070416,-103.01879678282673,4.4066667556762695,18.3700008392334,0.23999999463558197
2024,9,45.023562040070416,-101.006570546399,4.756666660308838,21.796667098999023,0.07333333790302277
2024,9,45.023562040070416,-98.99434430997127,3.993333339691162,27.19333267211914,0.4166666865348816
2024,9,45.023562040070416,-96.98211807354355,5.673333168029785,30.226667404174805,0.09666666388511658
2024,9,45.023562040070416,-94.96989183711581,4.630000114440918,37.45000076293945,0.503333330154419
2024,9,45.023562040070416,-93.02953082341764,3.6399998664855957,41.62333297729492,0.6166666746139526
2024,9,45.023562040070416,-91.01730458698992,3.553333282470703,43.1533317565918,1.4900000095367432
2024,9,45.023562040070416,-89.0050783505622,4.429999828338623,41.20000076293945,0.6599999666213989
2024,9,45.023562040070416,-84.98062587770674,4.12666654586792,36.63666534423828,0.8933333158493042
2024,9,45.023562040070416,-74.99135991829766,3.243333339691162,54.34333419799805,1.3066667318344116
2024,9,45.023562040070416,-72.97913368186992,3.4233334064483643,54.84000015258789,1.5799999237060547
2024,9,45.023562040070416,-70.9669074454422,4.0366668701171875,57.88999938964844,1.56333327293396
2024,9,47.035788276498145,-122.99732870164489,2.87333345413208,55.6533317565918,1.8166667222976685
2024,9,47.035788276498145,-120.98510246521717,4.193333148956299,34.5099983215332,0.5866666436195374
2024,9,47.035788276498145,-118.97287622878943,2.9166667461395264,23.016666412353516,0.03999999910593033
2024,9,47.035788276498145,-117.03251521509127,3.4800000190734863,29.613332748413086,1.1399999856948853
2024,9,47.035788276498145,-115.02028897866354,3.2699999809265137,36.09000015258789,2.3966667652130127
2024,9,47.035788276498145,-113.00806274223581,3.816666603088379,28.9233341217041,0.7099999785423279
2024,9,47.035788276498145,-110.99583650580809,5.766666412353516,29.176666259765625,2.3999998569488525
2024,9,47.035788276498145,-108.98361026938035,3.8333332538604736,24.74333381652832,3.0866665840148926
2024,9,47.035788276498145,-106.97138403295263,4.429999828338623,22.959999084472656,1.1766666173934937
2024,9,47.035788276498145,-105.03102301925446,4.043333530426025,22.219999313354492,0.7566667199134827
2024,9,47.035788276498145,-103.01879678282673,4.860000133514404,21.21666717529297,0.4300000071525574
2024,9,47.035788276498145,-101.006570546399,4.9066667556762695,24.10333251953125,0.3633333444595337
2024,9,47.035788276498145,-98.99434430997127,5.256666660308838,31.873332977294922,0.8166666626930237
2024,9,47.035788276498145,-96.98211807354355,4.446666717529297,29.489999771118164,0.16333334147930145
2024,9,47.035788276498145,-94.96989183711581,5.386666774749756,34.939998626708984,0.699999988079071
2024,9,47.035788276498145,-93.02953082341764,4.386666774749756,37.78333282470703,0.34333333373069763
2024,9,47.035788276498145,-89.0050783505622,4.0366668701171875,45.38333511352539,1.909999966621399
2024,9,48.97614929019631,-122.99732870164489,1.2633333206176758,65.1066665649414,1.7766666412353516
2024,9,48.97614929019631,-120.98510246521717,3.9000000953674316,41.913333892822266,0.9133332967758179
2024,9,48.97614929019631,-118.97287622878943,2.4600000381469727,35.71333312988281,0.3100000023841858
2024,9,48.97614929019631,-117.03251521509127,3.6733334064483643,39.80666732788086,0.7199999690055847
2024,9,48.97614929019631,-115.02028897866354,4.0,31.84000015258789,0.8899999856948853
2024,9,48.97614929019631,-113.00806274223581,4.12666654586792,31.139999389648438,1.056666612625122
2024,9,48.97614929019631,-110.99583650580809,4.506666660308838,34.97999954223633,2.68666672706604
2024,9,48.97614929019631,-108.98361026938035,4.3433332443237305,31.336666107177734,2.993333339691162
2024,9,48.97614929019631,-106.97138403295263,4.506666660308838,27.866666793823242,0.8199999928474426
2024,9,48.97614929019631,-105.03102301925446,4.5366668701171875,27.389999389648438,1.7966666221618652
2024,9,48.97614929019631,-103.01879678282673,4.74666690826416,28.213333129882812,0.8433333039283752
2024,9,48.97614929019631,-101.006570546399,4.5966668128967285,30.24333381652832,0.903333306312561
2024,9,48.97614929019631,-98.99434430997127,4.87666654586792,39.459999084472656,1.7300000190734863
2024,9,48.97614929019631,-96.98211807354355,4.420000076293945,40.313331604003906,2.37666654586792
2024,9,48.97614929019631,-94.96989183711581,4.6533331871032715,42.36000061035156,1.8866667747497559
2024,10,26.985391134950426,-98.99434430997127,3.5387096405029297,34.00967788696289,0.8064516186714172
2024,10,26.985391134950426,-81.02803862758084,3.977419376373291,56.877418518066406,2.932258129119873
2024,10,28.997617371378155,-98.99434430997127,3.5096774101257324,28.05806541442871,0.025806451216340065
2024,10,28.997617371378155,-96.98211807354355,4.1032257080078125,35.390323638916016,0.08387096226215363
2024,10,28.997617371378155,-81.02803862758084,4.387096881866455,53.687095642089844,12.370967864990234
2024,10,31.009843607805884,-105.03102301925446,3.3129031658172607,15.441935539245605,0.11290322244167328
2024,10,31.009843607805884,-103.01879678282673,3.59354829788208,16.948387145996094,0.0
2024,10,31.009843607805884,-101.006570546399,4.216128826141357,26.11612892150879,0.0
2024,10,31.009843607805884,-98.99434430997127,4.025806427001953,28.732257843017578,0.28709676861763
2024,10,31.009843607805884,-96.98211807354355,3.9193549156188965,26.238710403442383,0.09354838728904724
2024,10,31.009843607805884,-94.96989183711581,3.40645170211792,34.01290512084961,0.47741934657096863
2024,10,31.009843607805884,-93.02953082341764,3.7580645084381104,35.2354850769043,1.7548387050628662
2024,10,31.009843607805884,-91.01730458698992,3.596774101257324,32.806453704833984,0.5612903237342834
2024,10,31.009843607805884,-89.0050783505622,3.0741934776306152,33.20000076293945,0.18709677457809448
2024,10,31.009843607805884,-86.99285211413446,3.0516128540039062,37.467742919921875,0.7258064150810242
2024,10,31.009843607805884,-84.98062587770674,2.9903225898742676,42.56774139404297,0.012903225608170033
2024,10,31.009843607805884,-82.968399641279,3.5516128540039062,39.92903137207031,0.26451611518859863
2024,10,33.02206984423361,-117.03251521509127,2.4483871459960938,31.506450653076172,0.0
2024,10,33.02206984423361,-115.02028897866354,2.29677414894104,15.732257843017578,0.0
2024,10,33.02206984423361,-113.00806274223581,2.322580575942993,10.887096405029297,0.0
2024,10,33.02206984423361,-110.99583650580809,2.5064516067504883,11.232257843017578,0.09354838728904724
2024,10,33.02206984423361,-108.98361026938035,3.4193549156188965,10.629032135009766,0.09677419066429138
2024,10,33.02206984423361,-106.97138403295263,3.5064516067504883,11.848386764526367,0.13225805759429932
2024,10,33.02206984423361,-105.03102301925446,3.6483871936798096,17.525806427001953,1.8032257556915283
2024,10,33.02206984423361,-103.01879678282673,4.548387050628662,17.79677391052246,0.0
2024,10,33.02206984423361,-101.006570546399,4.4419355392456055,23.580644607543945,0.0
2024,10,33.02206984423361,-98.99434430997127,4.029032230377197,25.180644989013672,0.20000000298023224
2024,10,33.02206984423361,-96.98211807354355,4.174193382263184,25.190322875976562,0.34193548560142517
2024,10,33.02206984423361,-94.96989183711581,4.267742156982422,30.080644607543945,0.8322580456733704
2024,10,33.02206984423361,-93.02953082341764,3.429032325744629,29.17096710205078,0.9612902998924255
2024,10,33.02206984423361,-91.01730458698992,3.5741934776306152,28.67096710205078,1.8677419424057007
2024,10,33.02206984423361,-89.0050783505622,3.2419354915618896,34.44193649291992,0.6322580575942993
2024,10,33.02206984423361,-86.99285211413446,3.0838708877563477,34.39354705810547,0.04516128823161125
2024,10,33.02206984423361,-84.98062587770674,3.5999999046325684,38.24193572998047,0.0
2024,10,33.02206984423361,-82.968399641279,3.5096774101257324,37.45161437988281,0.0
2024,10,33.02206984423361,-81.02803862758084,3.838709831237793,39.92258071899414,0.029032256454229355
2024,10,35.03429608066134,-118.97287622878943,3.2161290645599365,14.622580528259277,0.0
2024,10,35.03429608066134,-117.03251521509127,2.3096773624420166,11.522581100463867,0.0
2024,10,35.03429608066134,-115.02028897866354,3.274193525314331,10.57741928100586,0.0
2024,10,35.03429608066134,-113.00806274223581,2.725806474685669,11.52258014678955,0.28387096524238586
2024,10,35.03429608066134,-110.99583650580809,3.1967742443084717,16.880645751953125,0.8677419424057007
2024,10,35.03429608066134,-108.98361026938035,3.09354829788208,14.248387336730957,0.9548386931419373
2024,10,35.03429608066134,-106.97138403295263,3.087096691131592,14.345161437988281,0.5483871102333069
2024,10,35.03429608066134,-105.03102301925446,3.683871030807495,18.98064422607422,1.8387097120285034
2024,10,35.03429608066134,-103.01879678282673,4.516129016876221,19.48064422607422,0.8258064389228821
2024,10,35.03429608066134,-101.006570546399,4.645161151885986,20.396774291992188,0.0
2024,10,35.03429608066134,-98.99434430997127,4.287096977233887,21.158063888549805,0.0
2024,10,35.03429608066134,-96.98211807354355,4.990322589874268,22.36451530456543,0.3096774220466614
2024,10,35.03429608066134,-94.96989183711581,3.89032244682312,23.399999618530273,0.8645160794258118
2024,10,35.03429608066134,-93.02953082341764,3.541935443878174,25.887096405029297,0.903225839138031
2024,10,35.03429608066134,-91.01730458698992,3.4838709831237793,32.58709716796875,0.9387096762657166
2024,10,35.03429608066134,-89.0050783505622,3.609677314758301,34.83548355102539,0.7096774578094482
2024,10,35.03429608066134,-86.99285211413446,3.59354829788208,35.14516067504883,0.7129032015800476
2024,10,35.03429608066134,-84.98062587770674,3.503225803375244,38.1741943359375,0.28709676861763
2024,10,35.03429608066134,-82.968399641279,4.0354838371276855,41.33548355102539,0.029032256454229355
2024,10,35.03429608066134,-81.02803862758084,2.977419376373291,38.08386993408203,0.2612903416156769
2024,10,35.03429608066134,-79.01581239115312,3.3354837894439697,38.34193420410156,0.029032258316874504
2024,10,35.03429608066134,-77.00358615472538,2.929032325744629,47.41613006591797,0.23548386991024017
2024,10,36.97465709435951,-120.98510246521717,3.0741934776306152,19.080644607543945,0.0
2024,10,36.97465709435951,-118.97287622878943,2.2645161151885986,12.525806427001953,0.04838709533214569
2024,10,36.97465709435951,-117.03251521509127,3.251612901687622,11.1096773147583,0.009677419438958168
2024,10,36.97465709435951,-115.02028897866354,2.79677414894104,8.003225326538086,0.0
2024,10,36.97465709435951,-113.00806274223581,3.1290321350097656,12.783870697021484,0.3677419424057007
2024,10,36.97465709435951,-110.99583650580809,2.954838752746582,17.354839324951172,0.699999988079071
2024,10,36.97465709435951,-108.98361026938035,1.9903225898742676,21.177419662475586,1.3419355154037476
2024,10,36.97465709435951,-106.97138403295263,3.141935348510742,22.138710021972656,1.954838752746582
2024,10,36.97465709435951,-105.03102301925446,4.199999809265137,23.745161056518555,2.6258065700531006
2024,10,36.97465709435951,-103.01879678282673,4.68709659576416,20.86451530456543,1.8161289691925049
2024,10,36.97465709435951,-101.006570546399,4.180644989013672,21.364517211914062,0.36451610922813416
2024,10,36.97465709435951,-98.99434430997127,4.432258129119873,20.861289978027344,0.22258064150810242
2024,10,36.97465709435951,-96.98211807354355,4.806451797485352,20.299999237060547,0.8451613187789917
2024,10,36.97465709435951,-94.96989183711581,4.564516067504883,20.425806045532227,1.5548386573791504
2024,10,36.97465709435951,-93.02953082341764,4.393548488616943,23.62580680847168,1.1677420139312744
2024,10,36.97465709435951,-91.01730458698992,3.4387097358703613,28.690322875976562,0.9548386931419373
2024,10,36.97465709435951,-89.0050783505622,3.222580671310425,32.76129150390625,0.8225806355476379
2024,10,36.97465709435951,-86.99285211413446,3.3516128063201904,35.73225784301758,0.29032257199287415
2024,10,36.97465709435951,-84.98062587770674,3.025806427001953,39.07741928100586,0.27419355511665344
2024,10,36.97465709435951,-82.968399641279,3.2580645084381104,38.209678649902344,0.3774193525314331
2024,10,36.97465709435951,-81.02803862758084,3.316128969192505,35.73870849609375,0.18709677457809448
2024,10,36.97465709435951,-79.01581239115312,3.138709783554077,36.70000076293945,0.09677419811487198
2024,10,36.97465709435951,-77.00358615472538,3.112903118133545,38.83548355102539,1.329032301902771
2024,10,38.986883330787236,-122.99732870164489,5.370967864990234,28.63548469543457,0.4580645263195038
2024,10,38.986883330787236,-120.98510246521717,2.700000047683716,18.819355010986328,0.3354838788509369
2024,10,38.986883330787236,-118.97287622878943,2.7193548679351807,19.854839324951172,0.24838709831237793
2024,10,38.986883330787236,-117.03251521509127,3.412903308868408,14.190322875976562,0.2709677517414093
2024,10,38.986883330787236,-115.02028897866354,3.867741823196411,12.454838752746582,0.12903225421905518
2024,10,38.986883330787236,-113.00806274223581,2.225806474685669,17.774192810058594,0.8774193525314331
2024,10,38.986883330787236,-110.99583650580809,2.90645170211792,23.141935348510742,0.9064516425132751
2024,10,38.986883330787236,-108.98361026938035,2.7387096881866455,21.358064651489258,1.045161247253418
2024,10,38.986883330787236,-106.97138403295263,4.206451416015625,33.20000076293945,2.6645162105560303
2024,10,38.986883330787236,-105.03102301925446,4.212903022766113,23.496774673461914,0.4903225898742676
2024,10,38.986883330787236,-103.01879678282673,3.89032244682312,18.945161819458008,1.4064515829086304
2024,10,38.986883330787236,-101.006570546399,4.393548488616943,19.02903175354004,0.522580623626709
2024,10,38.986883330787236,-98.99434430997127,5.109677314758301,20.812902450561523,0.12903225421905518
2024,10,38.986883330787236,-96.98211807354355,4.63225793838501,20.183870315551758,1.4741935729980469
2024,10,38.986883330787236,-94.96989183711581,4.577419281005859,23.745161056518555,1.1290322542190552
2024,10,38.986883330787236,-93.02953082341764,3.890322685241699,25.570966720581055,1.3096773624420166
2024,10,38.986883330787236,-91.01730458698992,4.448387145996094,28.683870315551758,1.2548387050628662
2024,10,38.986883330787236,-89.0050783505622,4.322580814361572,29.83548355102539,0.3838709592819214
2024,10,38.986883330787236,-86.99285211413446,3.929032325744629,29.47096824645996,0.2774193584918976
2024,10,38.986883330787236,-84.98062587770674,2.8290321826934814,35.08709716796875,0.26774194836616516
2024,10,38.986883330787236,-82.968399641279,3.2096774578094482,33.26774215698242,0.21612903475761414
2024,10,38.986883330787236,-81.02803862758084,3.0580644607543945,32.83225631713867,0.9677419662475586
2024,10,38.986883330787236,-79.01581239115312,3.6032257080078125,36.10645294189453,0.896774172782898
2024,10,38.986883330787236,-77.00358615472538,3.4838709831237793,36.29999923706055,0.23870967328548431
2024,10,38.986883330787236,-74.99135991829766,4.051612854003906,40.92903137207031,0.016129031777381897
2024,10,40.999109567214965,-122.99732870164489,3.1419355869293213,35.72903060913086,1.2580645084381104
2024,10,40.999109567214965,-120.98510246521717,3.748387098312378,29.658063888549805,1.1387096643447876
2024,10,40.999109567214965,-118.97287622878943,2.819354772567749,21.87419319152832,0.5709677338600159
2024,10,40.999109567214965,-117.03251521509127,3.1483871936798096,19.69354820251465,0.41290321946144104
2024,10,40.999109567214965,-115.02028897866354,2.890322685241699,20.36451530456543,0.30645161867141724
2024,10,40.999109567214965,-113.00806274223581,1.7838709354400635,24.200000762939453,0.7225806713104248
2024,10,40.999109567214965,-110.99583650580809,4.522580623626709,24.245161056518555,1.4548386335372925
2024,10,40.999109567214965,-108.98361026938035,4.183870792388916,25.30645179748535,2.380645275115967
2024,10,40.999109567214965,-106.97138403295263,4.783871173858643,26.145160675048828,1.580645203590393
2024,10,40.999109567214965,-105.03102301925446,3.635483980178833,18.79677391052246,0.1064516082406044
2024,10,40.999109567214965,-103.01879678282673,4.019354820251465,17.735483169555664,0.19032259285449982
2024,10,40.999109567214965,-101.006570546399,3.7580645084381104,23.70322608947754,1.0903226137161255
2024,10,40.999109567214965,-98.99434430997127,4.53870964050293,21.935483932495117,0.20645160973072052
2024,10,40.999109567214965,-96.98211807354355,4.86774206161499,23.503225326538086,1.625806450843811
2024,10,40.999109567214965,-94.96989183711581,5.077419281005859,22.983871459960938,1.4064515829086304
2024,10,40.999109567214965,-93.02953082341764,4.761290550231934,24.716129302978516,2.1967742443084717
2024,10,40.999109567214965,-91.01730458698992,4.425806522369385,26.458065032958984,1.8225806951522827
2024,10,40.999109567214965,-89.0050783505622,4.4645161628723145,23.525806427001953,0.7903226017951965
2024,10,40.999109567214965,-86.99285211413446,4.203225612640381,27.661291122436523,0.6161290407180786
2024,10,40.999109567214965,-84.98062587770674,3.5322580337524414,29.812904357910156,0.47096773982048035
2024,10,40.999109567214965,-82.968399641279,3.8129031658172607,32.296775817871094,0.5354838967323303
2024,10,40.999109567214965,-81.02803862758084,3.729032278060913,37.2645149230957,0.49677419662475586
2024,10,40.999109567214965,-79.01581239115312,3.503225803375244,38.17096710205078,1.5516128540039062
2024,10,40.999109567214965,-77.00358615472538,3.616128921508789,38.75806427001953,0.4580645263195038
2024,10,40.999109567214965,-74.99135991829766,3.6483871936798096,33.99354934692383,0.022580645978450775
2024,10,40.999109567214965,-72.97913368186992,4.238709449768066,42.25483703613281,0.16129031777381897
2024,10,43.011335803642694,-122.99732870164489,3.4387097358703613,43.51612854003906,3.1870968341827393
2024,10,43.011335803642694,-120.98510246521717,3.6709678173065186,29.870967864990234,0.8258064389228821
2024,10,43.011335803642694,-118.97287622878943,2.861290216445923,30.74838638305664,0.7774193286895752
2024,10,43.011335803642694,-117.03251521509127,3.8806450366973877,26.100000381469727,0.47741934657096863
2024,10,43.011335803642694,-115.02028897866354,2.654838800430298,20.41290283203125,0.20645160973072052
2024,10,43.011335803642694,-113.00806274223581,3.1483869552612305,23.09677505493164,0.23548386991024017
2024,10,43.011335803642694,-110.99583650580809,3.977419376373291,24.387096405029297,0.5451613068580627
2024,10,43.011335803642694,-108.98361026938035,2.183871030807495,25.145160675048828,1.1064516305923462
2024,10,43.011335803642694,-106.97138403295263,4.061290264129639,21.79677391052246,1.2354838848114014
2024,10,43.011335803642694,-105.03102301925446,3.2806451320648193,19.45161247253418,0.6516128778457642
2024,10,43.011335803642694,-103.01879678282673,2.9935483932495117,18.035484313964844,0.15161290764808655
2024,10,43.011335803642694,-101.006570546399,4.416129112243652,19.445161819458008,0.022580644115805626
2024,10,43.011335803642694,-98.99434430997127,4.574193477630615,23.46129035949707,0.24193547666072845
2024,10,43.011335803642694,-96.98211807354355,4.229032039642334,23.409677505493164,0.41290321946144104
2024,10,43.011335803642694,-94.96989183711581,4.974193572998047,25.33548355102539,0.7096773982048035
2024,10,43.011335803642694,-93.02953082341764,5.354838848114014,25.50967788696289,1.0580644607543945
2024,10,43.011335803642694,-91.01730458698992,4.503225803375244,27.622581481933594,1.5
2024,10,43.011335803642694,-89.0050783505622,5.122580528259277,35.33226013183594,0.7645161151885986
2024,10,43.011335803642694,-84.98062587770674,4.712903022766113,34.2870979309082,1.29677414894104
2024,10,43.011335803642694,-82.968399641279,4.548387050628662,40.41290283203125,1.6838709115982056
2024,10,43.011335803642694,-79.01581239115312,4.116128921508789,46.47096633911133,1.4870967864990234
2024,10,43.011335803642694,-77.00358615472538,4.145161151885986,49.225807189941406,1.64838707447052
2024,10,43.011335803642694,-74.99135991829766,3.7645161151885986,47.967742919921875,2.119354724884033
2024,10,43.011335803642694,-72.97913368186992,3.6903226375579834,44.02580642700195,2.2161290645599365
2024,10,43.011335803642694,-70.9669074454422,3.912903308868408,41.17096710205078,1.229032278060913
2024,10,45.023562040070416,-122.99732870164489,3.0161290168762207,50.0,2.680645227432251
2024,10,45.023562040070416,-120.98510246521717,3.5516128540039062,41.07419204711914,0.5838710069656372
2024,10,45.023562040070416,-118.97287622878943,3.322580575942993,30.770967483520508,0.7290322780609131
2024,10,45.023562040070416,-117.03251521509127,3.4677419662475586,27.493549346923828,1.477419376373291
2024,10,45.023562040070416,-115.02028897866354,4.658064365386963,29.958065032958984,1.3612903356552124
2024,10,45.023562040070416,-113.00806274223581,3.4483871459960938,23.399999618530273,0.22258064150810242
2024,10,45.023562040070416,-110.99583650580809,4.4193549156188965,32.23870849609375,1.5870968103408813
2024,10,45.023562040070416,-108.98361026938035,3.019354820251465,21.706451416015625,0.17096774280071259
2024,10,45.023562040070416,-106.97138403295263,3.29677414894104,19.74838638305664,0.8612903356552124
2024,10,45.023562040070416,-105.03102301925446,3.4645161628723145,23.574193954467773,1.2096774578094482
2024,10,45.023562040070416,-103.01879678282673,3.8322579860687256,20.929031372070312,1.1322580575942993
2024,10,45.023562040070416,-101.006570546399,4.18709659576416,21.274192810058594,0.029032258316874504
2024,10,45.023562040070416,-98.99434430997127,3.616128921508789,22.580644607543945,0.03548387065529823
2024,10,45.023562040070416,-96.98211807354355,5.46129035949707,29.141935348510742,0.09354838728904724
2024,10,45.023562040070416,-94.96989183711581,4.848387241363525,31.622581481933594,0.7645161151885986
2024,10,45.023562040070416,-93.02953082341764,4.277419090270996,34.47096633911133,1.4967741966247559
2024,10,45.023562040070416,-91.01730458698992,4.31290340423584,36.24516296386719,1.0483871698379517
2024,10,45.023562040070416,-89.0050783505622,5.680644989013672,39.36451721191406,1.5161290168762207
2024,10,45.023562040070416,-84.98062587770674,5.94516134262085,38.64838790893555,1.548387050628662
2024,10,45.023562040070416,-74.99135991829766,4.232258319854736,47.2870979309082,1.0161290168762207
2024,10,45.023562040070416,-72.97913368186992,4.0,51.05806350708008,2.229032278060913
2024,10,45.023562040070416,-70.9669074454422,5.577419281005859,51.69355010986328,1.806451678276062
2024,10,47.035788276498145,-122.99732870164489,3.451612949371338,61.380645751953125,4.59354829788208
2024,10,47.035788276498145,-120.98510246521717,3.5064516067504883,45.54838562011719,3.403225898742676
2024,10,47.035788276498145,-118.97287622878943,2.906451463699341,31.200000762939453,0.4161290228366852
2024,10,47.035788276498145,-117.03251521509127,3.480645179748535,36.390323638916016,1.2451612949371338
2024,10,47.035788276498145,-115.02028897866354,3.338709592819214,44.803226470947266,3.070967674255371
2024,10,47.035788276498145,-113.00806274223581,3.8580644130706787,29.293548583984375,0.3354838788509369
2024,10,47.035788276498145,-110.99583650580809,6.587096691131592,29.84516143798828,0.3677419424057007
2024,10,47.035788276498145,-108.98361026938035,3.8580644130706787,21.083871841430664,0.25161290168762207
2024,10,47.035788276498145,-106.97138403295263,4.2580647468566895,20.316129684448242,0.18709677457809448
2024,10,47.035788276498145,-105.03102301925446,3.79677414894104,22.425806045532227,0.10967741906642914
2024,10,47.035788276498145,-103.01879678282673,4.432258129119873,20.774192810058594,0.05161290243268013
2024,10,47.035788276498145,-101.006570546399,4.393548488616943,23.74838638305664,0.37419354915618896
2024,10,47.035788276498145,-98.99434430997127,5.0354838371276855,27.658063888549805,0.4032258093357086
2024,10,47.035788276498145,-96.98211807354355,4.151612758636475,27.496774673461914,0.39032259583473206
2024,10,47.035788276498145,-94.96989183711581,5.409677505493164,32.641937255859375,0.8903225660324097
2024,10,47.035788276498145,-93.02953082341764,4.761290550231934,35.46128845214844,0.9161290526390076
2024,10,47.035788276498145,-89.0050783505622,5.790322303771973,44.109676361083984,2.725806474685669
2024,10,48.97614929019631,-122.99732870164489,1.7419354915618896,63.92903137207031,7.048387050628662
2024,10,48.97614929019631,-120.98510246521717,4.677419185638428,54.29999923706055,3.548387050628662
2024,10,48.97614929019631,-118.97287622878943,2.5516128540039062,45.27742004394531,0.4193548262119293
2024,10,48.97614929019631,-117.03251521509127,3.8516128063201904,47.41935348510742,3.432258129119873
2024,10,48.97614929019631,-115.02028897866354,4.425806522369385,36.60645294189453,1.0903226137161255
2024,10,48.97614929019631,-113.00806274223581,4.390322685241699,27.964515686035156,0.08064515888690948
2024,10,48.97614929019631,-110.99583650580809,4.970967769622803,28.770967483520508,0.10322580486536026
2024,10,48.97614929019631,-108.98361026938035,4.409677505493164,27.958065032958984,0.019354838877916336
2024,10,48.97614929019631,-106.97138403295263,4.425806522369385,27.464515686035156,0.3129032254219055
2024,10,48.97614929019631,-105.03102301925446,4.287096977233887,28.13548469543457,0.2129032164812088
2024,10,48.97614929019631,-103.01879678282673,4.151612758636475,26.729032516479492,0.12903225421905518
2024,10,48.97614929019631,-101.006570546399,3.9483871459960938,25.80645179748535,0.1387096792459488
2024,10,48.97614929019631,-98.99434430997127,4.361290454864502,32.7354850769043,0.24838709831237793
2024,10,48.97614929019631,-96.98211807354355,4.09354829788208,37.24193572998047,0.5483871102333069
2024,10,48.97614929019631,-94.96989183711581,4.890322685241699,42.2354850769043,0.6645161509513855
2024,11,26.985391134950426,-98.99434430997127,3.7833333015441895,32.28333282470703,0.029999999329447746
2024,11,26.985391134950426,-81.02803862758084,3.819999933242798,52.880001068115234,0.4633333384990692
2024,11,28.997617371378155,-98.99434430997127,3.5333333015441895,30.56999969482422,0.5
2024,11,28.997617371378155,-96.98211807354355,4.4033331871032715,36.31999969482422,0.7333333492279053
2024,11,28.997617371378155,-81.02803862758084,4.023333549499512,48.900001525878906,1.3200000524520874
2024,11,31.009843607805884,-105.03102301925446,3.200000047683716,15.65666675567627,0.3700000047683716
2024,11,31.009843607805884,-103.01879678282673,3.433333396911621,18.453332901000977,1.1200000047683716
2024,11,31.009843607805884,-101.006570546399,4.380000114440918,29.18000030517578,2.9699997901916504
2024,11,31.009843607805884,-98.99434430997127,4.4666666984558105,31.106666564941406,1.5700000524520874
2024,11,31.009843607805884,-96.98211807354355,4.099999904632568,33.67333221435547,1.3833333253860474
2024,11,31.009843607805884,-94.96989183711581,3.873333215713501,44.176666259765625,7.366666793823242
2024,11,31.009843607805884,-93.02953082341764,4.556666851043701,49.10333251953125,5.453333377838135
2024,11,31.009843607805884,-91.01730458698992,4.510000228881836,48.88666534423828,9.65666675567627
2024,11,31.009843607805884,-89.0050783505622,4.016666889190674,46.143333435058594,3.2666666507720947
2024,11,31.009843607805884,-86.99285211413446,3.926666736602783,50.150001525878906,3.7300000190734863
2024,11,31.009843607805884,-84.98062587770674,3.616666555404663,49.34333419799805,2.193333148956299
2024,11,31.009843607805884,-82.968399641279,3.8266665935516357,45.573333740234375,4.139999866485596
2024,11,33.02206984423361,-117.03251521509127,2.3499999046325684,26.77666664123535,0.25333333015441895
2024,11,33.02206984423361,-115.02028897866354,2.4833333492279053,16.303333282470703,0.0
2024,11,33.02206984423361,-113.00806274223581,2.009999990463257,13.66333293914795,0.0
2024,11,33.02206984423361,-110.99583650580809,2.196666717529297,18.760000228881836,0.3466666638851166
2024,11,33.02206984423361,-108.98361026938035,3.2133333683013916,17.270000457763672,0.5166666507720947
2024,11,33.02206984423361,-106.97138403295263,3.116666555404663,19.9233341217041,0.9666666388511658
2024,11,33.02206984423361,-105.03102301925446,3.306666612625122,24.386667251586914,1.100000023841858
2024,11,33.02206984423361,-103.01879678282673,4.199999809265137,26.600000381469727,3.0433332920074463
2024,11,33.02206984423361,-101.006570546399,4.196666717529297,33.06666564941406,5.920000076293945
2024,11,33.02206984423361,-98.99434430997127,4.070000171661377,35.72999954223633,8.15333366394043
2024,11,33.02206984423361,-96.98211807354355,4.163333415985107,37.50666809082031,1.90666663646698
2024,11,33.02206984423361,-94.96989183711581,4.730000019073486,44.37666702270508,2.8466668128967285
2024,11,33.02206984423361,-93.02953082341764,3.990000009536743,48.116668701171875,2.693333387374878
2024,11,33.02206984423361,-91.01730458698992,4.196666717529297,50.97333526611328,2.7333333492279053
2024,11,33.02206984423361,-89.0050783505622,4.173333168029785,51.119998931884766,4.763333320617676
2024,11,33.02206984423361,-86.99285211413446,4.0366668701171875,47.28666687011719,4.460000038146973
2024,11,33.02206984423361,-84.98062587770674,4.2866668701171875,48.90666580200195,2.870000123977661
2024,11,33.02206984423361,-82.968399641279,3.7033333778381348,47.94333267211914,3.3399999141693115
2024,11,33.02206984423361,-81.02803862758084,4.006666660308838,47.30666732788086,7.526666641235352
2024,11,35.03429608066134,-118.97287622878943,3.25,28.05666732788086,0.45666664838790894
2024,11,35.03429608066134,-117.03251521509127,2.5166666507720947,20.3799991607666,0.0
2024,11,35.03429608066134,-115.02028897866354,3.880000114440918,14.743332862854004,0.0
2024,11,35.03429608066134,-113.00806274223581,3.5999999046325684,15.65999984741211,0.03333333507180214
2024,11,35.03429608066134,-110.99583650580809,3.7866666316986084,25.219999313354492,0.30000001192092896
2024,11,35.03429608066134,-108.98361026938035,3.136666774749756,23.60333251953125,0.7133333086967468
2024,11,35.03429608066134,-106.97138403295263,2.5466666221618652,28.543333053588867,1.5699999332427979
2024,11,35.03429608066134,-105.03102301925446,4.063333511352539,31.31999969482422,2.370000123977661
2024,11,35.03429608066134,-103.01879678282673,4.309999942779541,34.099998474121094,3.306666851043701
2024,11,35.03429608066134,-101.006570546399,4.130000114440918,36.33333206176758,6.413333415985107
2024,11,35.03429608066134,-98.99434430997127,3.890000104904175,42.563331604003906,7.230000019073486
2024,11,35.03429608066134,-96.98211807354355,4.946666717529297,39.13333511352539,8.726666450500488
2024,11,35.03429608066134,-94.96989183711581,4.043333530426025,41.47666549682617,6.920000076293945
2024,11,35.03429608066134,-93.02953082341764,3.933333396911621,46.75,3.6500000953674316
2024,11,35.03429608066134,-91.01730458698992,4.25,51.75666809082031,3.1433334350585938
2024,11,35.03429608066134,-89.0050783505622,4.673333168029785,50.0966682434082,4.063333511352539
2024,11,35.03429608066134,-86.99285211413446,4.766666889190674,47.98666763305664,1.9766666889190674
2024,11,35.03429608066134,-84.98062587770674,4.710000038146973,45.97666549682617,2.886666774749756
2024,11,35.03429608066134,-82.968399641279,5.6533331871032715,44.82666778564453,3.31333327293396
2024,11,35.03429608066134,-81.02803862758084,3.1666667461395264,45.4566650390625,2.109999895095825
2024,11,35.03429608066134,-79.01581239115312,3.823333263397217,43.663333892822266,2.1633331775665283
2024,11,35.03429608066134,-77.00358615472538,2.693333387374878,49.336666107177734,1.346666693687439
2024,11,36.97465709435951,-120.98510246521717,2.7733333110809326,35.880001068115234,1.1433333158493042
2024,11,36.97465709435951,-118.97287622878943,2.4800000190734863,29.280000686645508,4.090000152587891
2024,11,36.97465709435951,-117.03251521509127,3.4766666889190674,20.69333267211914,0.20333333313465118
2024,11,36.97465709435951,-115.02028897866354,2.9733333587646484,13.803333282470703,0.036666665226221085
2024,11,36.97465709435951,-113.00806274223581,3.623333215713501,19.22333335876465,0.35333332419395447
2024,11,36.97465709435951,-110.99583650580809,3.2033333778381348,21.113332748413086,0.12666666507720947
2024,11,36.97465709435951,-108.98361026938035,1.84333336353302,29.8266658782959,0.1433333307504654
2024,11,36.97465709435951,-106.97138403295263,2.7100000381469727,31.953332901000977,1.059999942779541
2024,11,36.97465709435951,-105.03102301925446,3.926666736602783,28.483333587646484,2.0966665744781494
2024,11,36.97465709435951,-103.01879678282673,4.186666488647461,36.5,2.7833333015441895
2024,11,36.97465709435951,-101.006570546399,3.6566667556762695,40.073333740234375,4.25333309173584
2024,11,36.97465709435951,-98.99434430997127,4.063333511352539,40.71333312988281,5.566666603088379
2024,11,36.97465709435951,-96.98211807354355,4.366666793823242,44.46666717529297,4.313333511352539
2024,11,36.97465709435951,-94.96989183711581,4.146666526794434,44.26000213623047,7.456666946411133
2024,11,36.97465709435951,-93.02953082341764,4.869999885559082,44.65999984741211,7.0333333015441895
2024,11,36.97465709435951,-91.01730458698992,4.239999771118164,42.83333206176758,6.119999885559082
2024,11,36.97465709435951,-89.0050783505622,4.1566667556762695,48.560001373291016,3.5
2024,11,36.97465709435951,-86.99285211413446,4.320000171661377,51.503334045410156,5.7733330726623535
2024,11,36.97465709435951,-84.98062587770674,3.8466665744781494,49.81999969482422,2.8899998664855957
2024,11,36.97465709435951,-82.968399641279,4.453333377838135,44.43333435058594,2.7066667079925537
2024,11,36.97465709435951,-81.02803862758084,4.263333320617676,42.99333190917969,1.3533333539962769
2024,11,36.97465709435951,-79.01581239115312,3.7733333110809326,39.59333419799805,1.5699999332427979
2024,11,36.97465709435951,-77.00358615472538,3.676666736602783,41.71666717529297,2.0366666316986084
2024,11,38.986883330787236,-122.99732870164489,5.613333225250244,59.52333450317383,11.84333324432373
2024,11,38.986883330787236,-120.98510246521717,3.299999952316284,41.8466682434082,7.1533331871032715
2024,11,38.986883330787236,-118.97287622878943,3.2833333015441895,29.44333267211914,0.1666666716337204
2024,11,38.986883330787236,-117.03251521509127,3.9733333587646484,27.56333351135254,0.23999999463558197
2024,11,38.986883330787236,-115.02028897866354,4.163333415985107,26.933334350585938,0.746666669845581
2024,11,38.986883330787236,-113.00806274223581,2.0199999809265137,30.446666717529297,0.7299999594688416
2024,11,38.986883330787236,-110.99583650580809,2.753333330154419,31.656667709350586,0.42666664719581604
2024,11,38.986883330787236,-108.98361026938035,2.753333330154419,36.40666580200195,1.7799999713897705
2024,11,38.986883330787236,-106.97138403295263,4.12666654586792,39.0099983215332,4.026666641235352
2024,11,38.986883330787236,-105.03102301925446,4.366666793823242,41.073333740234375,2.4533333778381348
2024,11,38.986883330787236,-103.01879678282673,3.549999952316284,41.233333587646484,2.873333215713501
2024,11,38.986883330787236,-101.006570546399,4.016666889190674,40.029998779296875,2.7133333683013916
2024,11,38.986883330787236,-98.99434430997127,4.619999885559082,45.98666763305664,3.683333396911621
2024,11,38.986883330787236,-96.98211807354355,4.119999885559082,46.93333435058594,3.486666679382324
2024,11,38.986883330787236,-94.96989183711581,4.296666622161865,47.880001068115234,3.869999885559082
2024,11,38.986883330787236,-93.02953082341764,4.013333320617676,49.503334045410156,3.7766666412353516
2024,11,38.986883330787236,-91.01730458698992,4.643333435058594,50.41666793823242,6.7166666984558105
2024,11,38.986883330787236,-89.0050783505622,4.9633331298828125,49.959999084472656,3.7166666984558105
2024,11,38.986883330787236,-86.99285211413446,4.860000133514404,49.413333892822266,4.493333339691162
2024,11,38.986883330787236,-84.98062587770674,3.8266665935516357,51.823333740234375,4.306666851043701
2024,11,38.986883330787236,-82.968399641279,4.226666450500488,46.766666412353516,3.066666603088379
2024,11,38.986883330787236,-81.02803862758084,3.933333396911621,43.05666732788086,2.993333339691162
2024,11,38.986883330787236,-79.01581239115312,4.553333282470703,43.866668701171875,1.4266667366027832
2024,11,38.986883330787236,-77.00358615472538,4.1566667556762695,39.43000030517578,1.7766666412353516
2024,11,38.986883330787236,-74.99135991829766,5.206666469573975,43.86666488647461,1.1866666078567505
2024,11,40.999109567214965,-122.99732870164489,4.526666641235352,53.900001525878906,16.020000457763672
2024,11,40.999109567214965,-120.98510246521717,4.7866668701171875,54.66999816894531,4.576666831970215
2024,11,40.999109567214965,-118.97287622878943,3.5966665744781494,38.53666687011719,0.6033333539962769
2024,11,40.999109567214965,-117.03251521509127,3.799999952316284,39.99333190917969,0.8033333420753479
2024,11,40.999109567214965,-115.02028897866354,2.8499999046325684,39.61000061035156,0.5900000333786011
2024,11,40.999109567214965,-113.00806274223581,1.7733333110809326,37.0433349609375,0.606666624546051
2024,11,40.999109567214965,-110.99583650580809,4.673333168029785,33.25666809082031,1.2233333587646484
2024,11,40.999109567214965,-108.98361026938035,4.303333282470703,40.11000061035156,1.2799999713897705
2024,11,40.999109567214965,-106.97138403295263,4.9066667556762695,45.266666412353516,3.243333339691162
2024,11,40.999109567214965,-105.03102301925446,4.393333435058594,27.706666946411133,0.6166666746139526
2024,11,40.999109567214965,-103.01879678282673,3.8533332347869873,31.566665649414062,1.3799999952316284
2024,11,40.999109567214965,-101.006570546399,3.5466666221618652,40.00666809082031,1.4733333587646484
2024,11,40.999109567214965,-98.99434430997127,4.110000133514404,43.93000030517578,2.2666666507720947
2024,11,40.999109567214965,-96.98211807354355,4.316666603088379,49.03333282470703,2.7100000381469727
2024,11,40.999109567214965,-94.96989183711581,4.650000095367432,49.05666732788086,3.059999942779541
2024,11,40.999109567214965,-93.02953082341764,4.4666666984558105,49.22333526611328,2.5233333110809326
2024,11,40.999109567214965,-91.01730458698992,4.306666851043701,52.16666793823242,1.7699999809265137
2024,11,40.999109567214965,-89.0050783505622,4.636666774749756,50.77000045776367,2.426666736602783
2024,11,40.999109567214965,-86.99285211413446,4.546666622161865,53.13999938964844,2.746666669845581
2024,11,40.999109567214965,-84.98062587770674,4.296666622161865,50.95000076293945,2.4533333778381348
2024,11,40.999109567214965,-82.968399641279,4.7133331298828125,50.380001068115234,2.2966666221618652
2024,11,40.999109567214965,-81.02803862758084,4.756666660308838,52.026668548583984,3.116666555404663
2024,11,40.999109567214965,-79.01581239115312,4.9633331298828125,50.5433349609375,3.5366666316986084
2024,11,40.999109567214965,-77.00358615472538,4.880000114440918,45.720001220703125,2.3533334732055664
2024,11,40.999109567214965,-74.99135991829766,4.639999866485596,39.38666534423828,2.7033333778381348
2024,11,40.999109567214965,-72.97913368186992,5.960000038146973,40.11000061035156,2.993333339691162
2024,11,43.011335803642694,-122.99732870164489,4.090000152587891,68.78333282470703,10.373332977294922
2024,11,43.011335803642694,-120.98510246521717,5.043333530426025,55.290000915527344,3.0833332538604736
2024,11,43.011335803642694,-118.97287622878943,3.56333327293396,54.970001220703125,2.4200000762939453
2024,11,43.011335803642694,-117.03251521509127,5.449999809265137,47.856666564941406,1.56333327293396
2024,11,43.011335803642694,-115.02028897866354,3.2899999618530273,41.336666107177734,0.5733333230018616
2024,11,43.011335803642694,-113.00806274223581,3.3399999141693115,47.51333236694336,0.5133333206176758
2024,11,43.011335803642694,-110.99583650580809,4.25333309173584,43.87333297729492,0.5733333230018616
2024,11,43.011335803642694,-108.98361026938035,2.263333320617676,35.1966667175293,0.3499999940395355
2024,11,43.011335803642694,-106.97138403295263,4.880000114440918,36.720001220703125,0.3266666829586029
2024,11,43.011335803642694,-105.03102301925446,3.746666669845581,34.2400016784668,0.5199999809265137
2024,11,43.011335803642694,-103.01879678282673,3.3433332443237305,34.496665954589844,0.6266666650772095
2024,11,43.011335803642694,-101.006570546399,4.380000114440918,37.95333480834961,0.8966666460037231
2024,11,43.011335803642694,-98.99434430997127,4.340000152587891,45.19333267211914,0.9466666579246521
2024,11,43.011335803642694,-96.98211807354355,4.026666641235352,50.17333221435547,1.4833333492279053
2024,11,43.011335803642694,-94.96989183711581,4.366666793823242,53.599998474121094,3.1600000858306885
2024,11,43.011335803642694,-93.02953082341764,5.019999980926514,55.37666702270508,2.4666666984558105
2024,11,43.011335803642694,-91.01730458698992,4.116666793823242,55.65999984741211,4.476666450500488
2024,11,43.011335803642694,-89.0050783505622,4.940000057220459,57.470001220703125,2.0999999046325684
2024,11,43.011335803642694,-84.98062587770674,4.949999809265137,57.38333511352539,2.0766665935516357
2024,11,43.011335803642694,-82.968399641279,5.026666641235352,60.043331146240234,1.7799999713897705
2024,11,43.011335803642694,-79.01581239115312,4.866666793823242,54.77333450317383,2.0966665744781494
2024,11,43.011335803642694,-77.00358615472538,4.946666717529297,55.029998779296875,2.5933332443237305
2024,11,43.011335803642694,-74.99135991829766,4.726666450500488,54.03666687011719,2.940000057220459
2024,11,43.011335803642694,-72.97913368186992,4.62333345413208,48.00666809082031,3.3466668128967285
2024,11,43.011335803642694,-70.9669074454422,5.223333358764648,38.72999954223633,2.5266666412353516
2024,11,45.023562040070416,-122.99732870164489,3.509999990463257,67.00666809082031,5.486666679382324
2024,11,45.023562040070416,-120.98510246521717,3.9833333492279053,56.43000030517578,0.9933333396911621
2024,11,45.023562040070416,-118.97287622878943,4.433333396911621,51.266666412353516,2.31333327293396
2024,11,45.023562040070416,-117.03251521509127,4.393333435058594,57.67333221435547,9.786666870117188
2024,11,45.023562040070416,-115.02028897866354,5.753333568572998,50.81999969482422,3.683333396911621
2024,11,45.023562040070416,-113.00806274223581,3.5366666316986084,42.6966667175293,0.27666667103767395
2024,11,45.023562040070416,-110.99583650580809,4.929999828338623,55.336666107177734,2.993333339691162
2024,11,45.023562040070416,-108.98361026938035,3.12666654586792,38.0966682434082,0.22333332896232605
2024,11,45.023562040070416,-106.97138403295263,3.9066667556762695,40.19333267211914,0.29666668176651
2024,11,45.023562040070416,-105.03102301925446,3.8600001335144043,41.84000015258789,0.28333333134651184
2024,11,45.023562040070416,-103.01879678282673,4.2166666984558105,38.7066650390625,0.36666667461395264
2024,11,45.023562040070416,-101.006570546399,4.179999828338623,44.64666748046875,0.8333333134651184
2024,11,45.023562040070416,-98.99434430997127,3.2699999809265137,52.10333251953125,1.1833332777023315
2024,11,45.023562040070416,-96.98211807354355,5.0333333015441895,58.49333190917969,2.113333225250244
2024,11,45.023562040070416,-94.96989183711581,4.683333396911621,61.18333435058594,2.176666736602783
2024,11,45.023562040070416,-93.02953082341764,4.206666469573975,58.86000061035156,1.90666663646698
2024,11,45.023562040070416,-91.01730458698992,4.353333473205566,59.91666793823242,2.2133333683013916
2024,11,45.023562040070416,-89.0050783505622,5.809999942779541,63.37333297729492,3.306666612625122
2024,11,45.023562040070416,-84.98062587770674,5.773333549499512,60.24333190917969,4.473333358764648
2024,11,45.023562040070416,-74.99135991829766,4.526666641235352,53.09333419799805,1.5866667032241821
2024,11,45.023562040070416,-72.97913368186992,4.190000057220459,52.3466682434082,1.7033333778381348
2024,11,45.023562040070416,-70.9669074454422,6.813333511352539,58.323333740234375,1.6299999952316284
2024,11,47.035788276498145,-122.99732870164489,3.930000066757202,71.62000274658203,7.793333530426025
2024,11,47.035788276498145,-120.98510246521717,3.4533333778381348,62.21666717529297,5.639999866485596
2024,11,47.035788276498145,-118.97287622878943,2.496666669845581,57.936668395996094,2.2033333778381348
2024,11,47.035788276498145,-117.03251521509127,4.006666660308838,58.81999969482422,3.890000104904175
2024,11,47.035788276498145,-115.02028897866354,3.6566667556762695,69.86666870117188,8.109999656677246
2024,11,47.035788276498145,-113.00806274223581,4.083333492279053,50.58000183105469,0.8866666555404663
2024,11,47.035788276498145,-110.99583650580809,6.980000019073486,56.22999954223633,1.5699999332427979
2024,11,47.035788276498145,-108.98361026938035,4.0933332443237305,42.64666748046875,0.4633333384990692
2024,11,47.035788276498145,-106.97138403295263,4.630000114440918,45.063331604003906,0.4166666567325592
2024,11,47.035788276498145,-105.03102301925446,3.9100000858306885,47.983333587646484,0.27666667103767395
2024,11,47.035788276498145,-103.01879678282673,4.443333148956299,50.13666534423828,0.3733333349227905
2024,11,47.035788276498145,-101.006570546399,4.259999752044678,56.606666564941406,1.3100000619888306
2024,11,47.035788276498145,-98.99434430997127,4.9633331298828125,60.70333480834961,1.4766666889190674
2024,11,47.035788276498145,-96.98211807354355,3.7066667079925537,64.95333099365234,1.9533333778381348
2024,11,47.035788276498145,-94.96989183711581,5.050000190734863,64.23666381835938,1.7899999618530273
2024,11,47.035788276498145,-93.02953082341764,4.743333339691162,61.02666473388672,1.3666666746139526
2024,11,47.035788276498145,-89.0050783505622,5.696666717529297,53.143333435058594,2.9033334255218506
2024,11,48.97614929019631,-122.99732870164489,2.5866665840148926,67.3933334350586,4.50333309173584
2024,11,48.97614929019631,-120.98510246521717,4.840000152587891,72.77999877929688,4.916666507720947
2024,11,48.97614929019631,-118.97287622878943,2.1600000858306885,66.02999877929688,3.059999942779541
2024,11,48.97614929019631,-117.03251521509127,3.7766666412353516,84.5633316040039,6.070000171661377
2024,11,48.97614929019631,-115.02028897866354,4.423333168029785,65.82333374023438,3.506666660308838
2024,11,48.97614929019631,-113.00806274223581,4.003333568572998,51.81666564941406,1.0233333110809326
2024,11,48.97614929019631,-110.99583650580809,4.269999980926514,58.15999984741211,0.3866666555404663
2024,11,48.97614929019631,-108.98361026938035,4.070000171661377,60.62666702270508,0.6633333563804626
2024,11,48.97614929019631,-106.97138403295263,4.210000038146973,59.97666549682617,0.5366666913032532
2024,11,48.97614929019631,-105.03102301925446,3.990000009536743,62.93333435058594,1.2166666984558105
2024,11,48.97614929019631,-103.01879678282673,4.063333511352539,62.163333892822266,0.3266666531562805
2024,11,48.97614929019631,-101.006570546399,3.8533332347869873,60.08333206176758,0.8133333325386047
2024,11,48.97614929019631,-98.99434430997127,4.360000133514404,66.07666778564453,1.5500000715255737
2024,11,48.97614929019631,-96.98211807354355,3.940000057220459,70.09333038330078,1.2066665887832642
2024,11,48.97614929019631,-94.96989183711581,4.316666603088379,65.87000274658203,1.5166666507720947
2024,12,26.985391134950426,-98.99434430997127,3.4483871459960938,37.07096862792969,0.21935483813285828
2024,12,26.985391134950426,-81.02803862758084,3.8258063793182373,47.880645751953125,0.5322580933570862
2024,12,28.997617371378155,-98.99434430997127,3.2096774578094482,36.47419357299805,0.4419354796409607
2024,12,28.997617371378155,-96.98211807354355,4.090322494506836,43.68387222290039,2.358064651489258
2024,12,28.997617371378155,-81.02803862758084,4.154838562011719,47.564517974853516,1.9645161628723145
2024,12,31.009843607805884,-105.03102301925446,2.935483932495117,18.92258071899414,0.0
2024,12,31.009843607805884,-103.01879678282673,3.2806451320648193,20.183870315551758,0.0
2024,12,31.009843607805884,-101.006570546399,4.006451606750488,29.71290397644043,0.1387096792459488
2024,12,31.009843607805884,-98.99434430997127,3.974193572998047,31.783870697021484,0.25161290168762207
2024,12,31.009843607805884,-96.98211807354355,3.6967742443084717,39.32903289794922,2.135483980178833
2024,12,31.009843607805884,-94.96989183711581,3.6419355869293213,46.08709716796875,7.5580644607543945
2024,12,31.009843607805884,-93.02953082341764,4.55483865737915,47.454837799072266,7.335484027862549
2024,12,31.009843607805884,-91.01730458698992,4.435483932495117,45.00967788696289,4.393548488616943
2024,12,31.009843607805884,-89.0050783505622,3.841935396194458,41.66128921508789,6.051612854003906
2024,12,31.009843607805884,-86.99285211413446,3.932258129119873,43.86451721191406,4.922580718994141
2024,12,31.009843607805884,-84.98062587770674,3.5548386573791504,45.62580490112305,2.138709545135498
2024,12,31.009843607805884,-82.968399641279,3.79677414894104,42.541934967041016,1.6741935014724731
2024,12,33.02206984423361,-117.03251521509127,2.154838800430298,27.822580337524414,0.016129031777381897
2024,12,33.02206984423361,-115.02028897866354,1.8096773624420166,14.448387145996094,0.0
2024,12,33.02206984423361,-113.00806274223581,1.6129032373428345,12.083870887756348,0.0
2024,12,33.02206984423361,-110.99583650580809,1.919354796409607,15.083870887756348,0.0
2024,12,33.02206984423361,-108.98361026938035,2.9483871459960938,14.590322494506836,0.0
2024,12,33.02206984423361,-106.97138403295263,2.6225805282592773,16.370967864990234,0.0
2024,12,33.02206984423361,-105.03102301925446,3.0387096405029297,20.054838180541992,0.0
2024,12,33.02206984423361,-103.01879678282673,3.8483870029449463,23.919355392456055,0.0
2024,12,33.02206984423361,-101.006570546399,3.7129032611846924,32.30644989013672,0.0
2024,12,33.02206984423361,-98.99434430997127,3.5548386573791504,39.02580642700195,0.5774193406105042
2024,12,33.02206984423361,-96.98211807354355,3.754838705062866,42.70000076293945,4.199999809265137
2024,12,33.02206984423361,-94.96989183711581,4.290322780609131,46.40645217895508,5.503225803375244
2024,12,33.02206984423361,-93.02953082341764,3.5096774101257324,47.14193344116211,7.083870887756348
2024,12,33.02206984423361,-91.01730458698992,3.8709676265716553,47.65806579589844,6.274193286895752
2024,12,33.02206984423361,-89.0050783505622,4.232257843017578,44.36451721191406,4.670968055725098
2024,12,33.02206984423361,-86.99285211413446,4.241935729980469,42.225807189941406,2.8032257556915283
2024,12,33.02206984423361,-84.98062587770674,4.412903308868408,40.954837799072266,4.880645275115967
2024,12,33.02206984423361,-82.968399641279,3.9709677696228027,41.187095642089844,3.045161247253418
2024,12,33.02206984423361,-81.02803862758084,4.354838848114014,39.290321350097656,1.64838707447052
2024,12,35.03429608066134,-118.97287622878943,2.79677414894104,29.854839324951172,0.1483870893716812
2024,12,35.03429608066134,-117.03251521509127,1.954838752746582,13.670968055725098,0.0
2024,12,35.03429608066134,-115.02028897866354,3.2129032611846924,10.877419471740723,0.0
2024,12,35.03429608066134,-113.00806274223581,2.564516067504883,10.261290550231934,0.0
2024,12,35.03429608066134,-110.99583650580809,2.9935483932495117,21.161291122436523,0.0
2024,12,35.03429608066134,-108.98361026938035,2.864516019821167,16.238710403442383,0.0
2024,12,35.03429608066134,-106.97138403295263,2.248387098312378,20.1741943359375,0.0
2024,12,35.03429608066134,-105.03102301925446,3.799999952316284,21.80645179748535,0.009677419438958168
2024,12,35.03429608066134,-103.01879678282673,3.9935483932495117,25.322580337524414,0.0
2024,12,35.03429608066134,-101.006570546399,3.7322580814361572,32.6741943359375,0.0
2024,12,35.03429608066134,-98.99434430997127,3.5064516067504883,45.42580795288086,0.06451613456010818
2024,12,35.03429608066134,-96.98211807354355,4.55483865737915,45.90322494506836,1.2193548679351807
2024,12,35.03429608066134,-94.96989183711581,3.7419354915618896,50.43225860595703,3.7129032611846924
2024,12,35.03429608066134,-93.02953082341764,3.587096691131592,49.74838638305664,4.5354838371276855
2024,12,35.03429608066134,-91.01730458698992,3.861290216445923,49.50322723388672,5.31290340423584
2024,12,35.03429608066134,-89.0050783505622,4.68709659576416,46.14516067504883,5.796773910522461
2024,12,35.03429608066134,-86.99285211413446,4.96129035949707,45.7645149230957,3.432258129119873
2024,12,35.03429608066134,-84.98062587770674,4.951612949371338,44.15806579589844,3.3516130447387695
2024,12,35.03429608066134,-82.968399641279,5.935483932495117,38.70000076293945,7.319355010986328
2024,12,35.03429608066134,-81.02803862758084,3.4677419662475586,40.054840087890625,3.0064516067504883
2024,12,35.03429608066134,-79.01581239115312,3.996774196624756,37.34193420410156,1.8838709592819214
2024,12,35.03429608066134,-77.00358615472538,3.293548345565796,44.48064422607422,1.206451654434204
2024,12,36.97465709435951,-120.98510246521717,2.200000047683716,47.23870849609375,0.8387097120285034
2024,12,36.97465709435951,-118.97287622878943,2.0838708877563477,23.458065032958984,2.322580575942993
2024,12,36.97465709435951,-117.03251521509127,2.6322579383850098,15.893548011779785,0.06129032000899315
2024,12,36.97465709435951,-115.02028897866354,2.177419424057007,11.380644798278809,0.04193548485636711
2024,12,36.97465709435951,-113.00806274223581,3.041935443878174,17.706451416015625,0.016129031777381897
2024,12,36.97465709435951,-110.99583650580809,2.2870967388153076,22.680644989013672,0.0
2024,12,36.97465709435951,-108.98361026938035,1.1612902879714966,27.516128540039062,0.025806451216340065
2024,12,36.97465709435951,-106.97138403295263,2.177419424057007,25.483871459960938,0.16774193942546844
2024,12,36.97465709435951,-105.03102301925446,3.229032278060913,21.593547821044922,0.2290322631597519
2024,12,36.97465709435951,-103.01879678282673,3.7096774578094482,23.63225746154785,0.0
2024,12,36.97465709435951,-101.006570546399,3.1903226375579834,36.09677505493164,0.0
2024,12,36.97465709435951,-98.99434430997127,3.4935483932495117,40.92580795288086,0.03548387065529823
2024,12,36.97465709435951,-96.98211807354355,3.996774196624756,46.554840087890625,0.07096774131059647
2024,12,36.97465709435951,-94.96989183711581,4.164515972137451,49.44193649291992,0.9870967864990234
2024,12,36.97465709435951,-93.02953082341764,4.745161533355713,46.56451416015625,2.977419376373291
2024,12,36.97465709435951,-91.01730458698992,4.096774101257324,46.5612907409668,4.909677505493164
2024,12,36.97465709435951,-89.0050783505622,3.9838709831237793,49.870967864990234,6.0806450843811035
2024,12,36.97465709435951,-86.99285211413446,4.345161437988281,48.2354850769043,5.045161247253418
2024,12,36.97465709435951,-84.98062587770674,4.009677410125732,47.99354934692383,4.638709545135498
2024,12,36.97465709435951,-82.968399641279,4.732257843017578,43.17096710205078,4.267741680145264
2024,12,36.97465709435951,-81.02803862758084,4.432258129119873,43.377418518066406,2.0290322303771973
2024,12,36.97465709435951,-79.01581239115312,3.7645161151885986,39.39354705810547,2.358064651489258
2024,12,36.97465709435951,-77.00358615472538,3.8483870029449463,40.83225631713867,1.9580645561218262
2024,12,38.986883330787236,-122.99732870164489,5.032258033752441,57.454837799072266,9.241935729980469
2024,12,38.986883330787236,-120.98510246521717,2.8258063793182373,48.50645065307617,6.709677696228027
2024,12,38.986883330787236,-118.97287622878943,3.319354772567749,30.151613235473633,0.22258064150810242
2024,12,38.986883330787236,-117.03251521509127,3.5096774101257324,26.409677505493164,0.11290322244167328
2024,12,38.986883330787236,-115.02028897866354,3.5580644607543945,26.37742042541504,0.2774193584918976
2024,12,38.986883330787236,-113.00806274223581,1.4612903594970703,31.716129302978516,0.17419354617595673
2024,12,38.986883330787236,-110.99583650580809,1.8612903356552124,37.75484085083008,0.20645160973072052
2024,12,38.986883330787236,-108.98361026938035,2.0,40.032257080078125,0.16774193942546844
2024,12,38.986883330787236,-106.97138403295263,3.770967721939087,36.01290512084961,2.045161247253418
2024,12,38.986883330787236,-105.03102301925446,4.212903022766113,38.225807189941406,0.3225806653499603
2024,12,38.986883330787236,-103.01879678282673,3.1903226375579834,28.483871459960938,0.0
2024,12,38.986883330787236,-101.006570546399,3.503225803375244,32.5612907409668,0.025806451216340065
2024,12,38.986883330787236,-98.99434430997127,4.032258033752441,41.85806655883789,0.1967741847038269
2024,12,38.986883330787236,-96.98211807354355,3.8258063793182373,47.967742919921875,0.3096774220466614
2024,12,38.986883330787236,-94.96989183711581,4.05483865737915,51.219356536865234,0.3612903356552124
2024,12,38.986883330787236,-93.02953082341764,3.838709592819214,52.55806350708008,1.4129031896591187
2024,12,38.986883330787236,-91.01730458698992,4.512903213500977,48.77096939086914,2.225806474685669
2024,12,38.986883330787236,-89.0050783505622,4.767742156982422,50.15483856201172,2.7387096881866455
2024,12,38.986883330787236,-86.99285211413446,4.567741870880127,49.293548583984375,4.490322589874268
2024,12,38.986883330787236,-84.98062587770674,3.935483932495117,50.477420806884766,4.245161533355713
2024,12,38.986883330787236,-82.968399641279,4.429032325744629,47.5,2.754838705062866
2024,12,38.986883330787236,-81.02803862758084,4.009677410125732,43.522579193115234,3.816128969192505
2024,12,38.986883330787236,-79.01581239115312,4.5580644607543945,47.883872985839844,1.9483871459960938
2024,12,38.986883330787236,-77.00358615472538,3.90645170211792,41.47419357299805,2.635483741760254
2024,12,38.986883330787236,-74.99135991829766,5.261290550231934,45.47419357299805,2.1741936206817627
2024,12,40.999109567214965,-122.99732870164489,4.477419376373291,48.50967788696289,12.448387145996094
2024,12,40.999109567214965,-120.98510246521717,4.425806522369385,47.96128845214844,3.316128969192505
2024,12,40.999109567214965,-118.97287622878943,3.0612902641296387,44.948387145996094,0.7903226017951965
2024,12,40.999109567214965,-117.03251521509127,3.677419424057007,39.76774215698242,1.14838707447052
2024,12,40.999109567214965,-115.02028897866354,2.7387096881866455,40.49354934692383,1.5064516067504883
2024,12,40.999109567214965,-113.00806274223581,1.3838709592819214,48.64838790893555,0.72258061170578
2024,12,40.999109567214965,-110.99583650580809,4.796774387359619,35.977420806884766,1.248387098312378
2024,12,40.999109567214965,-108.98361026938035,3.5064516067504883,40.37419509887695,0.3870967626571655
2024,12,40.999109567214965,-106.97138403295263,5.03870964050293,45.66128921508789,3.8999998569488525
2024,12,40.999109567214965,-105.03102301925446,5.380645275115967,23.151613235473633,0.05161290243268013
2024,12,40.999109567214965,-103.01879678282673,3.954838752746582,25.8258056640625,0.0
2024,12,40.999109567214965,-101.006570546399,3.5999999046325684,31.870967864990234,0.0
2024,12,40.999109567214965,-98.99434430997127,3.9193549156188965,41.23225784301758,0.15806451439857483
2024,12,40.999109567214965,-96.98211807354355,4.206451416015625,49.22903060913086,0.6193548440933228
2024,12,40.999109567214965,-94.96989183711581,4.735483646392822,51.42258071899414,0.9096774458885193
2024,12,40.999109567214965,-93.02953082341764,4.458064556121826,52.858062744140625,2.041935443878174
2024,12,40.999109567214965,-91.01730458698992,4.193548202514648,54.206451416015625,1.85161292552948
2024,12,40.999109567214965,-89.0050783505622,4.438709735870361,50.62580490112305,1.4258064031600952
2024,12,40.999109567214965,-86.99285211413446,4.483870983123779,54.09677505493164,2.4870967864990234
2024,12,40.999109567214965,-84.98062587770674,4.3741936683654785,54.04838562011719,3.799999952316284
2024,12,40.999109567214965,-82.968399641279,4.761290550231934,52.858062744140625,3.996774196624756
2024,12,40.999109567214965,-81.02803862758084,4.841935634613037,54.348388671875,3.3709678649902344
2024,12,40.999109567214965,-79.01581239115312,5.074193477630615,51.445159912109375,2.79677414894104
2024,12,40.999109567214965,-77.00358615472538,4.661290168762207,53.35161209106445,2.545161247253418
2024,12,40.999109567214965,-74.99135991829766,4.064516067504883,47.76774215698242,3.658064603805542
2024,12,40.999109567214965,-72.97913368186992,5.658064365386963,46.290321350097656,5.551612854003906
2024,12,43.011335803642694,-122.99732870164489,4.667741775512695,60.15483856201172,8.925806045532227
2024,12,43.011335803642694,-120.98510246521717,4.519354820251465,48.870967864990234,3.5
2024,12,43.011335803642694,-118.97287622878943,3.090322494506836,53.1741943359375,3.3322579860687256
2024,12,43.011335803642694,-117.03251521509127,4.870967864990234,50.33548355102539,2.4870967864990234
2024,12,43.011335803642694,-115.02028897866354,2.635483980178833,54.11613082885742,1.829032301902771
2024,12,43.011335803642694,-113.00806274223581,3.158064603805542,62.39677429199219,1.225806474685669
2024,12,43.011335803642694,-110.99583650580809,4.183870792388916,51.900001525878906,1.6548386812210083
2024,12,43.011335803642694,-108.98361026938035,2.254838705062866,30.683870315551758,0.10000000149011612
2024,12,43.011335803642694,-106.97138403295263,5.745161056518555,34.367740631103516,0.10967741906642914
2024,12,43.011335803642694,-105.03102301925446,4.119354724884033,35.35483932495117,0.08064515888690948
2024,12,43.011335803642694,-103.01879678282673,3.4903225898742676,32.78064727783203,0.19032257795333862
2024,12,43.011335803642694,-101.006570546399,4.383871078491211,35.64838790893555,0.25161290168762207
2024,12,43.011335803642694,-98.99434430997127,4.416129112243652,47.14516067504883,0.8935484290122986
2024,12,43.011335803642694,-96.98211807354355,3.9483871459960938,54.303226470947266,0.25806453824043274
2024,12,43.011335803642694,-94.96989183711581,4.280645370483398,59.696773529052734,0.4612903296947479
2024,12,43.011335803642694,-93.02953082341764,4.7645158767700195,56.467742919921875,1.0129032135009766
2024,12,43.011335803642694,-91.01730458698992,3.700000047683716,60.12580490112305,1.3612903356552124
2024,12,43.011335803642694,-89.0050783505622,4.564516067504883,61.59354782104492,0.9387096762657166
2024,12,43.011335803642694,-84.98062587770674,4.893548488616943,61.22903060913086,2.2096774578094482
2024,12,43.011335803642694,-82.968399641279,4.967741966247559,61.045162200927734,2.0354838371276855
2024,12,43.011335803642694,-79.01581239115312,4.72580623626709,58.2129020690918,2.612903356552124
2024,12,43.011335803642694,-77.00358615472538,4.883871078491211,58.15806579589844,2.154838800430298
2024,12,43.011335803642694,-74.99135991829766,4.045161247253418,62.606449127197266,3.048387050628662
2024,12,43.011335803642694,-72.97913368186992,3.680645227432251,51.41935348510742,4.861290454864502
2024,12,43.011335803642694,-70.9669074454422,4.348387241363525,45.06451416015625,3.5999999046325684
2024,12,45.023562040070416,-122.99732870164489,3.380645275115967,70.77096557617188,5.8967742919921875
2024,12,45.023562040070416,-120.98510246521717,3.5387096405029297,64.51935577392578,3.293548345565796
2024,12,45.023562040070416,-118.97287622878943,4.177419185638428,52.67096710205078,2.8354837894439697
2024,12,45.023562040070416,-117.03251521509127,3.8935484886169434,53.37419509887695,6.712903022766113
2024,12,45.023562040070416,-115.02028897866354,5.451612949371338,49.2645149230957,3.0322580337524414
2024,12,45.023562040070416,-113.00806274223581,3.5741934776306152,43.209678649902344,0.19032257795333862
2024,12,45.023562040070416,-110.99583650580809,4.909677505493164,58.7129020690918,2.958064556121826
2024,12,45.023562040070416,-108.98361026938035,2.748387098312378,37.72903060913086,0.04193548113107681
2024,12,45.023562040070416,-106.97138403295263,4.416129112243652,34.53871154785156,0.16129031777381897
2024,12,45.023562040070416,-105.03102301925446,4.032258033752441,46.74516296386719,0.800000011920929
2024,12,45.023562040070416,-103.01879678282673,4.487096786499023,42.91613006591797,0.30645161867141724
2024,12,45.023562040070416,-101.006570546399,4.422580718994141,47.97096633911133,0.42258062958717346
2024,12,45.023562040070416,-98.99434430997127,2.974193572998047,54.52903366088867,0.180645152926445
2024,12,45.023562040070416,-96.98211807354355,5.012903213500977,63.89677429199219,0.24838709831237793
2024,12,45.023562040070416,-94.96989183711581,4.509677410125732,64.17742156982422,0.39677420258522034
2024,12,45.023562040070416,-93.02953082341764,3.8709678649902344,65.38064575195312,0.8903225660324097
2024,12,45.023562040070416,-91.01730458698992,3.8774192333221436,63.19355010986328,0.9387096762657166
2024,12,45.023562040070416,-89.0050783505622,5.380645275115967,65.49677276611328,0.9516128897666931
2024,12,45.023562040070416,-84.98062587770674,5.4419355392456055,65.40644836425781,3.5129032135009766
2024,12,45.023562040070416,-74.99135991829766,3.861290216445923,69.93225860595703,2.7161290645599365
2024,12,45.023562040070416,-72.97913368186992,3.7677419185638428,61.13548278808594,2.2645161151885986
2024,12,45.023562040070416,-70.9669074454422,5.609677314758301,55.551612854003906,3.40645170211792
2024,12,47.035788276498145,-122.99732870164489,4.599999904632568,69.48387145996094,10.69677448272705
2024,12,47.035788276498145,-120.98510246521717,2.770967721939087,66.63871002197266,6.948387145996094
2024,12,47.035788276498145,-118.97287622878943,1.9935483932495117,68.10322570800781,1.951612949371338
2024,12,47.035788276498145,-117.03251521509127,3.5612902641296387,60.02903366088867,3.0612902641296387
2024,12,47.035788276498145,-115.02028897866354,3.4612903594970703,68.86774444580078,6.041935443878174
2024,12,47.035788276498145,-113.00806274223581,3.7161290645599365,49.129032135009766,0.8451613187789917
2024,12,47.035788276498145,-110.99583650580809,8.04838752746582,54.16774368286133,1.5129032135009766
2024,12,47.035788276498145,-108.98361026938035,4.303225994110107,38.99354934692383,0.20645160973072052
2024,12,47.035788276498145,-106.97138403295263,4.5806450843811035,52.72903060913086,0.48709678649902344
2024,12,47.035788276498145,-105.03102301925446,3.770967721939087,55.987098693847656,0.6709677577018738
2024,12,47.035788276498145,-103.01879678282673,4.458064556121826,54.045162200927734,0.29032257199287415
2024,12,47.035788276498145,-101.006570546399,4.290322780609131,54.119354248046875,0.3451612889766693
2024,12,47.035788276498145,-98.99434430997127,4.893548488616943,58.80967712402344,0.3935483992099762
2024,12,47.035788276498145,-96.98211807354355,3.480645179748535,61.65806579589844,0.5193548202514648
2024,12,47.035788276498145,-94.96989183711581,5.1709675788879395,62.40645217895508,0.5709677338600159
2024,12,47.035788276498145,-93.02953082341764,4.525806427001953,70.48387145996094,0.9387096762657166
2024,12,47.035788276498145,-89.0050783505622,5.754838943481445,63.987098693847656,2.6451613903045654
2024,12,48.97614929019631,-122.99732870164489,2.432258129119873,61.90967559814453,5.9193549156188965
2024,12,48.97614929019631,-120.98510246521717,4.925806522369385,68.63548278808594,6.567741870880127
2024,12,48.97614929019631,-118.97287622878943,1.7645161151885986,63.458065032958984,2.183871030807495
2024,12,48.97614929019631,-117.03251521509127,3.2870967388153076,79.07742309570312,5.825806617736816
2024,12,48.97614929019631,-115.02028897866354,3.912903308868408,62.60322570800781,2.403225898742676
2024,12,48.97614929019631,-113.00806274223581,4.135483741760254,48.57741928100586,0.603225827217102
2024,12,48.97614929019631,-110.99583650580809,4.364516258239746,57.73225784301758,0.2290322631597519
2024,12,48.97614929019631,-108.98361026938035,4.087096691131592,63.7870979309082,0.5419355034828186
2024,12,48.97614929019631,-106.97138403295263,4.048387050628662,67.09355163574219,0.26774194836616516
2024,12,48.97614929019631,-105.03102301925446,3.7193548679351807,61.948387145996094,0.6903225779533386
2024,12,48.97614929019631,-103.01879678282673,3.777419328689575,62.23225784301758,0.9870967864990234
2024,12,48.97614929019631,-101.006570546399,3.383871078491211,58.92903137207031,0.6903225779533386
2024,12,48.97614929019631,-98.99434430997127,4.251613140106201,63.28064727783203,0.5903226137161255
2024,12,48.97614929019631,-96.98211807354355,4.016129016876221,68.57096862792969,0.8548387289047241
2024,12,48.97614929019631,-94.96989183711581,3.677419424057007,70.28709411621094,1.0612902641296387
